1403636580.863555670 4.665021177 -1.847214688 0.781206721 0.450212379 0.691214847 0.474366763 -0.307419946
1403636580.913555384 4.662952210 -1.845372866 0.820757957 0.459125284 0.687903754 0.471703492 -0.305758425
1403636580.963555574 4.660984626 -1.844759648 0.860005260 0.466044558 0.684317590 0.469342414 -0.306968409
1403636581.013555527 4.659658369 -1.844672335 0.897206930 0.471335753 0.680616573 0.467746854 -0.309542516
1403636581.063555479 4.658469546 -1.844883292 0.932302542 0.475277861 0.677623040 0.465395575 -0.313599951
1403636581.113555431 4.656770737 -1.843802856 0.965259617 0.479646378 0.675167816 0.462295524 -0.316813228
1403636581.163555622 4.655622395 -1.843037519 0.995565100 0.484199956 0.673101486 0.457307435 -0.321488262
1403636581.213555574 4.655135526 -1.841571839 1.022562597 0.489193210 0.670340995 0.452986373 -0.325785665
1403636581.263555527 4.655310096 -1.840554839 1.046113782 0.494236868 0.667320021 0.448161921 -0.331005740
1403636581.313555479 4.656909501 -1.839919094 1.063917526 0.499364821 0.663208951 0.446146397 -0.334278410
1403636581.363555670 4.658625915 -1.839826335 1.073866927 0.503062409 0.660849324 0.444011801 -0.336243818
1403636581.413555384 4.660775730 -1.839127998 1.074490190 0.505678865 0.659823561 0.444148787 -0.334146090
1403636581.463555574 4.663114205 -1.838687787 1.065963693 0.505661072 0.660075525 0.446278658 -0.330821011
1403636581.513555527 4.665657542 -1.838461174 1.049226077 0.503664698 0.661789210 0.449294644 -0.326329949
1403636581.563555479 4.667101543 -1.838495421 1.026100720 0.499442570 0.665579625 0.450360860 -0.323629384
1403636581.613555431 4.668512786 -1.838773381 0.998615380 0.494288532 0.668923025 0.452326792 -0.321902635
1403636581.663555622 4.669748570 -1.838979124 0.968078948 0.489913384 0.672147592 0.452835030 -0.321158724
1403636581.713555574 4.671402087 -1.838445834 0.936112815 0.487842460 0.672807781 0.455516410 -0.319130417
1403636581.763555527 4.673165749 -1.838498939 0.903313572 0.485474328 0.674008091 0.455548522 -0.320161387
1403636581.813555479 4.675916916 -1.839786047 0.870270507 0.483063806 0.673753048 0.457523050 -0.321525812
1403636581.863555670 4.678637412 -1.841249824 0.836967424 0.480783948 0.674760635 0.458400500 -0.321580258
1403636581.913555384 4.678909860 -1.838070261 0.800103744 0.476057512 0.677449625 0.459337999 -0.321620666
1403636581.963555574 4.681106072 -1.839468088 0.767857235 0.472069567 0.681797701 0.459794157 -0.317634304
1403636582.013555527 4.682718498 -1.840785453 0.737456960 0.466953192 0.686769551 0.460583478 -0.313313197
1403636582.063555479 4.684544089 -1.842467758 0.710089335 0.461937961 0.691021135 0.462921388 -0.307907292
1403636582.113555431 4.686417719 -1.844403996 0.687484569 0.456160973 0.694299390 0.466473151 -0.303757013
1403636582.163555622 4.688083509 -1.847060545 0.671503165 0.450176847 0.697147555 0.469261418 -0.301860590
1403636582.213555574 4.689159103 -1.849269457 0.662968372 0.445529295 0.698837792 0.472317153 -0.300076483
1403636582.263555527 4.688956322 -1.850599187 0.662986829 0.442662534 0.699947939 0.474079444 -0.298950573
1403636582.313555479 4.687512836 -1.851552363 0.672414480 0.441219025 0.699960836 0.475075227 -0.299473085
1403636582.363555670 4.685330668 -1.852484582 0.690441790 0.442258851 0.698909584 0.474191586 -0.301786085
1403636582.413555384 4.682857588 -1.853233628 0.714527995 0.446513383 0.696027432 0.472273689 -0.305170730
1403636582.463555574 4.680023391 -1.853458765 0.742440237 0.451766318 0.692892808 0.469356019 -0.309049636
1403636582.513555527 4.676999506 -1.852800749 0.772671093 0.457583838 0.689530691 0.467837757 -0.310309992
1403636582.563555479 4.673938048 -1.851996255 0.804651736 0.462005316 0.687713622 0.465499780 -0.311305342
1403636582.613555431 4.671317214 -1.850546906 0.836973673 0.466189919 0.686237957 0.464535075 -0.309760535
1403636582.663555622 4.668973990 -1.849116949 0.869864461 0.469133056 0.685980867 0.462491540 -0.308943364
1403636582.713555574 4.666956715 -1.847540017 0.902268193 0.471096199 0.685595986 0.460665351 -0.309538285
1403636582.763555527 4.664136939 -1.845033023 0.935027138 0.473762736 0.685617223 0.457178090 -0.310589903
1403636582.813555479 4.661241543 -1.841959017 0.966998050 0.477687306 0.685627852 0.452221678 -0.311808980
1403636582.863555670 4.665370249 -1.836350593 1.004139942 0.483476986 0.685095745 0.446095567 -0.312877884
1403636582.913555384 4.664180517 -1.833118991 1.035023372 0.489543946 0.683468253 0.439956065 -0.315684230
1403636582.963555574 4.663763872 -1.830367568 1.062588937 0.495959721 0.680138241 0.435863040 -0.318526827
1403636583.013555527 4.663995924 -1.828545866 1.084324250 0.502182386 0.676899539 0.431772762 -0.321235347
1403636583.063555479 4.664817083 -1.827314200 1.098679481 0.506126263 0.673731666 0.430727168 -0.323103628
1403636583.113555431 4.665447008 -1.826182671 1.105241022 0.508406661 0.672446665 0.430112909 -0.323018631
1403636583.163555622 4.666106980 -1.825072575 1.102718976 0.510086013 0.672033748 0.430556102 -0.320631164
1403636583.213555574 4.666601384 -1.824709699 1.092080180 0.510177538 0.671909551 0.432037656 -0.318747389
1403636583.263555527 4.666863464 -1.824976934 1.074404849 0.508829367 0.672222503 0.433629906 -0.318079686
1403636583.313555479 4.666634914 -1.825009842 1.051836681 0.507019454 0.672973047 0.434780599 -0.317811864
1403636583.363555670 4.666802928 -1.824497817 1.024416071 0.505284585 0.673583537 0.436438690 -0.317007848
1403636583.413555384 4.667288533 -1.824109235 0.994101503 0.502423338 0.674403125 0.437810211 -0.317920482
1403636583.463555574 4.668984154 -1.824020065 0.960863605 0.499867904 0.674366362 0.441390596 -0.317074801
1403636583.513555527 4.670306782 -1.824075962 0.926910081 0.497241085 0.675143087 0.443648860 -0.316399753
1403636583.563555479 4.672203770 -1.823980671 0.892007194 0.494806046 0.676247371 0.446577994 -0.313726896
1403636583.613555431 4.673263619 -1.823880533 0.856525928 0.492654872 0.678927744 0.448313570 -0.308809390
1403636583.663555622 4.675208714 -1.825549814 0.822025343 0.485165817 0.682617839 0.451520969 -0.307856834
1403636583.713555574 4.676449306 -1.823204064 0.786411409 0.475984408 0.688656482 0.453439257 -0.305914913
1403636583.763555527 4.678636655 -1.824666994 0.755986539 0.465869544 0.694929147 0.455750420 -0.303859511
1403636583.813555479 4.680924248 -1.825993080 0.727956377 0.457779769 0.700585229 0.457431619 -0.300623244
1403636583.863555670 4.683045832 -1.827213438 0.702575597 0.452429224 0.704030570 0.459717755 -0.297167192
1403636583.913555384 4.685525152 -1.828119574 0.680345816 0.450110968 0.705045492 0.463180237 -0.292873760
1403636583.963555574 4.688072830 -1.829685133 0.662905916 0.448342677 0.704411176 0.467081060 -0.290910677
1403636584.013555527 4.690221914 -1.832016130 0.651336978 0.446685913 0.703316676 0.469986264 -0.291427969
1403636584.063555479 4.691694885 -1.834522010 0.646333675 0.445309997 0.701674083 0.472419042 -0.293551931
1403636584.113555431 4.691860723 -1.836107045 0.648687832 0.443910738 0.700805855 0.473625694 -0.295792348
1403636584.163555622 4.690844693 -1.836797696 0.658322276 0.443008179 0.700068216 0.474815801 -0.296981821
1403636584.213555574 4.688977712 -1.836675861 0.674899077 0.443100242 0.699410145 0.475552593 -0.297216009
1403636584.263555527 4.686602193 -1.836357556 0.696987128 0.444042839 0.698760856 0.475092684 -0.298070738
1403636584.313555479 4.683713988 -1.835760293 0.722808147 0.445639363 0.697810222 0.474474121 -0.298899249
1403636584.363555670 4.680190194 -1.834194248 0.751930904 0.447931974 0.696702572 0.474360582 -0.298235664
1403636584.413555384 4.676063752 -1.831371389 0.783851941 0.452147138 0.695495616 0.474184691 -0.294953712
1403636584.463555574 4.671460035 -1.828353207 0.817750629 0.456868589 0.693892838 0.473204952 -0.293020298
1403636584.513555527 4.666837994 -1.825900316 0.853249085 0.461525536 0.691837303 0.471291776 -0.293665435
1403636584.563555479 4.661853392 -1.823646338 0.889689990 0.466765504 0.689811546 0.467618719 -0.296011366
1403636584.613555431 4.656841642 -1.821407704 0.926506991 0.473664523 0.687138616 0.462856293 -0.298741518
1403636584.663555622 4.652307641 -1.819530131 0.962152088 0.482027618 0.684286330 0.456601615 -0.301523730
1403636584.713555574 4.648914509 -1.818309669 0.996148754 0.490804204 0.680342465 0.451152548 -0.304477819
1403636584.763555527 4.652503610 -1.816640578 1.034097312 0.499093943 0.677180968 0.445344685 -0.306593028
1403636584.813555479 4.651590995 -1.816360571 1.063459788 0.505398682 0.673878553 0.441435201 -0.309184137
1403636584.863555670 4.651376092 -1.816889367 1.088605808 0.509528826 0.672047741 0.436928763 -0.312770628
1403636584.913555384 4.651847156 -1.817989161 1.108283888 0.511910586 0.670370942 0.434392557 -0.315995978
1403636584.963555574 4.651955654 -1.819023870 1.120616744 0.512847635 0.670942264 0.430929245 -0.317999635
1403636585.013555527 4.651682844 -1.819139869 1.125199399 0.512970516 0.672267695 0.429282241 -0.317228864
1403636585.063555479 4.651386186 -1.819191597 1.122037500 0.512190442 0.674209106 0.428170945 -0.315868128
1403636585.113555431 4.651000479 -1.819232766 1.112259475 0.510581501 0.675629193 0.428578921 -0.314883841
1403636585.163555622 4.650642865 -1.818767263 1.096194375 0.509522484 0.678082233 0.427918848 -0.312212720
1403636585.213555574 4.650301190 -1.817655591 1.075426935 0.508722302 0.680298788 0.427942548 -0.308642762
1403636585.263555527 4.650264749 -1.815720309 1.051013472 0.508916588 0.681398532 0.429724453 -0.303375744
1403636585.313555479 4.650415195 -1.813722348 1.024849423 0.508920225 0.682268597 0.431411609 -0.298987942
1403636585.363555670 4.651189998 -1.811914755 0.997269054 0.508811566 0.682057721 0.434971869 -0.294461420
1403636585.413555384 4.651891211 -1.810577467 0.970066758 0.507254925 0.682915694 0.437448190 -0.291475003
1403636585.463555574 4.653970231 -1.810639946 0.943227178 0.503330128 0.683276504 0.441915116 -0.290694051
1403636585.513555527 4.657039013 -1.811443230 0.917267525 0.498964848 0.684345376 0.445965851 -0.289516745
1403636585.563555479 4.659656514 -1.808996076 0.890835040 0.492781064 0.684782498 0.451467255 -0.290546160
1403636585.613555431 4.665521609 -1.811262334 0.869428547 0.485577959 0.685720818 0.456535758 -0.292533942
1403636585.663555622 4.671417874 -1.813641781 0.851831705 0.477500587 0.687743529 0.460546761 -0.294785870
1403636585.713555574 4.677847737 -1.816734602 0.838038650 0.468795356 0.690317035 0.464157951 -0.297070197
1403636585.763555527 4.683529538 -1.819034009 0.828033001 0.460602510 0.693891576 0.466676702 -0.297611600
1403636585.813555479 4.689018701 -1.821885820 0.821514550 0.451745682 0.697837219 0.468649907 -0.298858360
1403636585.863555670 4.694394662 -1.824456157 0.817879598 0.442549239 0.702235959 0.471005308 -0.298611501
1403636585.913555384 4.699328104 -1.826894520 0.816644429 0.433854519 0.706763364 0.473152333 -0.297292236
1403636585.963555574 4.703484274 -1.828506058 0.816265121 0.425627199 0.712437210 0.474763437 -0.293043323
1403636586.013555527 4.706586132 -1.829589571 0.816507158 0.417779826 0.719505652 0.475390037 -0.285964939
1403636586.063555479 4.709044278 -1.829989750 0.816946775 0.411698132 0.726978971 0.475550040 -0.275424007
1403636586.113555431 4.710983789 -1.831493751 0.818344770 0.406147652 0.734137069 0.474439100 -0.266447723
1403636586.163555622 4.712646900 -1.833859051 0.820459997 0.400879621 0.740489695 0.473140944 -0.259052481
1403636586.213555574 4.714876046 -1.837000884 0.822828629 0.394842178 0.745614601 0.472838047 -0.254131269
1403636586.263555527 4.718096972 -1.840217305 0.824839272 0.387699080 0.750104937 0.474096455 -0.249528671
1403636586.313555479 4.721725320 -1.842972824 0.826692993 0.379786459 0.755283891 0.474578487 -0.245119867
1403636586.363555670 4.726414968 -1.845359333 0.828029688 0.371721518 0.760266466 0.475487989 -0.240268986
1403636586.413555384 4.731555111 -1.847676279 0.829200483 0.363295551 0.765396204 0.475882892 -0.236051830
1403636586.463555574 4.737604755 -1.849386384 0.829969078 0.355976601 0.768827143 0.478340881 -0.231031349
1403636586.513555527 4.743627489 -1.850003987 0.831079694 0.349683668 0.771352007 0.481095065 -0.226461811
1403636586.563555479 4.748940670 -1.849542313 0.832896962 0.344250249 0.772825597 0.483924055 -0.223718283
1403636586.613555431 4.753147830 -1.847594021 0.835207270 0.340852423 0.773446298 0.485869679 -0.222555846
1403636586.663555622 4.755889036 -1.843962186 0.837728040 0.340165025 0.773989642 0.485477746 -0.222573917
1403636586.713555574 4.757705107 -1.839669883 0.840031435 0.341620136 0.772883127 0.485288904 -0.224593042
1403636586.763555527 4.758499665 -1.835488762 0.841695472 0.343207502 0.771349916 0.484728229 -0.228618594
1403636586.813555479 4.758458527 -1.830557357 0.842944597 0.345501663 0.769433429 0.484429562 -0.232225749
1403636586.863555670 4.757882497 -1.826558653 0.843046164 0.348187444 0.767431429 0.484573339 -0.234527575
1403636586.913555384 4.756735101 -1.824107935 0.842615218 0.350336393 0.764968404 0.486114641 -0.236178552
1403636586.963555574 4.755075960 -1.822430328 0.842272341 0.351448152 0.762984040 0.487367474 -0.238353721
1403636587.013555527 4.753073872 -1.820594235 0.842210304 0.352160581 0.760511173 0.490257972 -0.239275576
1403636587.063555479 4.751011917 -1.819029855 0.842186715 0.351402567 0.759760702 0.491931758 -0.239338793
1403636587.113555431 4.749111663 -1.816832133 0.842307071 0.349735958 0.759277392 0.494515030 -0.237986318
1403636587.163555622 4.747588348 -1.813558788 0.841977768 0.348228385 0.759276412 0.496387030 -0.236296929
1403636587.213555574 4.746311202 -1.809009624 0.841710657 0.346875107 0.759327721 0.497425412 -0.235938618
1403636587.263555527 4.745316764 -1.802830105 0.841229761 0.346092381 0.760073451 0.497069941 -0.235435525
1403636587.313555479 4.744647622 -1.794783578 0.840756917 0.345570701 0.760952212 0.496229152 -0.235136663
1403636587.363555670 4.744340528 -1.784786374 0.840321839 0.345213478 0.762061397 0.495175737 -0.234288434
1403636587.413555384 4.744537806 -1.773334065 0.839980561 0.344631553 0.763259537 0.494020352 -0.233683255
1403636587.463555574 4.745691716 -1.760493788 0.839670604 0.343501834 0.764874015 0.492444061 -0.233394680
1403636587.513555527 4.747766069 -1.746256911 0.839562239 0.342278383 0.766455660 0.490873562 -0.233311758
1403636587.563555479 4.750813101 -1.730594600 0.839572304 0.341578264 0.767766109 0.489358634 -0.233211533
1403636587.613555431 4.754062449 -1.713517956 0.839871495 0.342131054 0.769082448 0.487012749 -0.232974490
1403636587.663555622 4.757420718 -1.695537268 0.840621948 0.344092928 0.769887485 0.484078108 -0.233541653
1403636587.713555574 4.760578688 -1.676621551 0.841711385 0.347165175 0.770655934 0.480266680 -0.234328166
1403636587.763555527 4.763828541 -1.657635795 0.842902863 0.350522699 0.771627053 0.475761702 -0.235321761
1403636587.813555479 4.767488435 -1.638731195 0.843551867 0.353614135 0.772667635 0.471901864 -0.235054036
1403636587.863555670 4.771549746 -1.620233864 0.843381329 0.355065897 0.774313179 0.468520964 -0.234212331
1403636587.913555384 4.776107197 -1.602512556 0.842128173 0.355159820 0.776299543 0.466333577 -0.231848046
1403636587.963555574 4.780954673 -1.585556444 0.840103311 0.354066914 0.779298586 0.464436090 -0.227221152
1403636588.013555527 4.785907387 -1.569567752 0.837743228 0.352133475 0.782724799 0.463193347 -0.220897777
1403636588.063555479 4.790135015 -1.555182567 0.835169775 0.349529841 0.786384279 0.461010216 -0.216560007
1403636588.113555431 4.793940909 -1.542854636 0.832589661 0.346979905 0.788344656 0.460459266 -0.214697261
1403636588.163555622 4.797489646 -1.531836942 0.830069888 0.345954555 0.788986906 0.460908223 -0.213022812
1403636588.213555574 4.800310590 -1.522759393 0.827706086 0.345497647 0.788880808 0.461338144 -0.213226556
1403636588.263555527 4.802318368 -1.515752931 0.825745361 0.345718416 0.788532249 0.461210591 -0.214430548
1403636588.313555479 4.803573554 -1.510904030 0.824394951 0.346182994 0.788009502 0.460702537 -0.216683022
1403636588.363555670 4.804428969 -1.508191616 0.823232183 0.346723288 0.787075121 0.460771217 -0.219056159
1403636588.413555384 4.804945560 -1.507640688 0.822391621 0.347266783 0.786930638 0.459732225 -0.220889642
1403636588.463555574 4.804988499 -1.508990984 0.821845138 0.347436348 0.787052300 0.459110773 -0.221481282
1403636588.513555527 4.804949871 -1.512069204 0.822015987 0.348136699 0.787300231 0.459095039 -0.219524328
1403636588.563555479 4.804162737 -1.517262761 0.823346288 0.348930382 0.787256000 0.459080267 -0.218451108
1403636588.613555431 4.802872735 -1.524999731 0.825355768 0.349168348 0.787120476 0.458970442 -0.218789749
1403636588.663555622 4.801339608 -1.534717499 0.827506582 0.349304258 0.786558662 0.459516120 -0.219446900
1403636588.713555574 4.799756793 -1.546716869 0.828836134 0.347928327 0.786347561 0.460267045 -0.220811323
1403636588.763555527 4.797996502 -1.560072420 0.829404670 0.346191445 0.785560237 0.462699235 -0.221260062
1403636588.813555479 4.795514829 -1.574677424 0.829716261 0.344307000 0.785134253 0.464623970 -0.221678733
1403636588.863555670 4.792144250 -1.590851305 0.829913842 0.342734170 0.784638538 0.466087955 -0.222795133
1403636588.913555384 4.788171356 -1.608725725 0.830705290 0.341651257 0.783715750 0.467487816 -0.224764730
1403636588.963555574 4.784057281 -1.627794248 0.832027662 0.341382671 0.782216762 0.469318026 -0.226573167
1403636589.013555527 4.779755144 -1.647909273 0.833919284 0.341892137 0.780211001 0.471077034 -0.229056736
1403636589.063555479 4.775365125 -1.669039240 0.836419716 0.342915300 0.777773363 0.472901755 -0.232037979
1403636589.113555431 4.770716622 -1.690505419 0.839223496 0.344334034 0.775013998 0.475122433 -0.234618948
1403636589.163555622 4.765467866 -1.712501633 0.842389850 0.345590803 0.772963932 0.476362097 -0.237008248
1403636589.213555574 4.759900170 -1.735207579 0.845489362 0.345976880 0.771452268 0.477657181 -0.238757229
1403636589.263555527 4.754355914 -1.758469524 0.847993906 0.345302112 0.770395908 0.479416872 -0.239616482
1403636589.313555479 4.748831301 -1.781933345 0.849769864 0.343776917 0.769108424 0.482412735 -0.239932524
1403636589.363555670 4.743172910 -1.805805402 0.850588730 0.341380694 0.768437117 0.485132140 -0.240021718
1403636589.413555384 4.737286925 -1.829132764 0.851023522 0.339711676 0.767344585 0.488234567 -0.239593973
1403636589.463555574 4.731320237 -1.852255589 0.851301902 0.339528426 0.766185815 0.490301698 -0.239340739
1403636589.513555527 4.725203847 -1.875634639 0.851271104 0.339858652 0.765238158 0.491056559 -0.240354142
1403636589.563555479 4.719296907 -1.899197633 0.851254572 0.340150074 0.764021818 0.491862415 -0.242156876
1403636589.613555431 4.713370147 -1.922326806 0.850961097 0.341035438 0.762665489 0.492865121 -0.243146365
1403636589.663555622 4.707507868 -1.945338415 0.850657580 0.341656339 0.761257810 0.493995713 -0.244388478
1403636589.713555574 4.701912961 -1.968106018 0.850163206 0.341804162 0.760196869 0.495060771 -0.245327265
1403636589.763555527 4.696448374 -1.990613122 0.849084654 0.340052272 0.759084124 0.496958299 -0.247362475
1403636589.813555479 4.691498604 -2.011900810 0.847465634 0.337037726 0.758075665 0.499892758 -0.248664609
1403636589.863555670 4.687141395 -2.031593234 0.845403491 0.333151891 0.757372135 0.503338932 -0.249092727
1403636589.913555384 4.683081448 -2.049755457 0.843129352 0.329073124 0.756623681 0.506681545 -0.250010594
1403636589.963555574 4.679302094 -2.066497469 0.841134821 0.325369217 0.755833894 0.509058109 -0.252408082
1403636590.013555527 4.675858053 -2.081591420 0.839581870 0.323596075 0.754179653 0.510979514 -0.255731436
1403636590.063555479 4.672746075 -2.094112636 0.839360187 0.324260799 0.751997211 0.512098955 -0.259055570
1403636590.113555431 4.670224054 -2.104363600 0.839601894 0.325692427 0.749612768 0.512808212 -0.262741086
1403636590.163555622 4.668466584 -2.111827536 0.840406354 0.326867961 0.747574773 0.513048874 -0.266589851
1403636590.213555574 4.667924744 -2.116059984 0.841329060 0.328132004 0.746143171 0.513404911 -0.268356391
1403636590.263555527 4.668634232 -2.117229215 0.842188651 0.328934583 0.745455020 0.513906455 -0.268326309
1403636590.313555479 4.670606058 -2.115457105 0.843020815 0.329124456 0.745469579 0.514619297 -0.266681793
1403636590.363555670 4.673543577 -2.110765735 0.843824886 0.329439258 0.746514667 0.514073193 -0.264413275
1403636590.413555384 4.677647724 -2.103167852 0.844700849 0.330335153 0.747367103 0.513519307 -0.261952328
1403636590.463555574 4.682335776 -2.092553148 0.845803781 0.332394798 0.748516533 0.511862912 -0.259293380
1403636590.513555527 4.687954884 -2.079693528 0.847321421 0.335144299 0.748924961 0.510533033 -0.257188109
1403636590.563555479 4.694030569 -2.064719086 0.848852624 0.338293871 0.749352791 0.508875098 -0.255095641
1403636590.613555431 4.700542389 -2.048200194 0.850459061 0.340876917 0.749695912 0.507290557 -0.253801609
1403636590.663555622 4.707089985 -2.030220249 0.851540587 0.343014223 0.750647655 0.505322647 -0.252028498
1403636590.713555574 4.713834481 -2.011122181 0.852193095 0.344069687 0.751926343 0.503717033 -0.249983950
1403636590.763555527 4.720411558 -1.990944808 0.852183872 0.343761550 0.754141247 0.501678896 -0.247825062
1403636590.813555479 4.726983312 -1.970159945 0.851653193 0.341501766 0.756290325 0.500571078 -0.246637556
1403636590.863555670 4.733458265 -1.948313646 0.850531282 0.339002148 0.758777787 0.499245993 -0.245127012
1403636590.913555384 4.739949242 -1.925565142 0.849380481 0.337203756 0.760719690 0.498404182 -0.243294990
1403636590.963555574 4.746448775 -1.902327346 0.848024297 0.336877454 0.761871949 0.497660887 -0.241657520
1403636591.013555527 4.752468768 -1.879162156 0.846657686 0.336882465 0.762136870 0.497307301 -0.241543048
1403636591.063555479 4.758092119 -1.856620157 0.845543893 0.336863304 0.761932615 0.496965539 -0.242913683
1403636591.113555431 4.763299450 -1.834265260 0.844776844 0.336646721 0.761840818 0.496639574 -0.244165285
1403636591.163555622 4.768134966 -1.812684896 0.843991289 0.336145251 0.762649391 0.495413936 -0.244820974
1403636591.213555574 4.772606856 -1.791872040 0.843021730 0.335466163 0.763536851 0.494656498 -0.244517645
1403636591.263555527 4.776813626 -1.772324420 0.841293509 0.334666835 0.764773039 0.493796681 -0.243485412
1403636591.313555479 4.780491276 -1.754382693 0.838935717 0.334169432 0.766094339 0.492943650 -0.241737073
1403636591.363555670 4.783604336 -1.738622282 0.836089717 0.333879153 0.767766510 0.491486993 -0.239791227
1403636591.413555384 4.785922579 -1.725163677 0.832665162 0.333989838 0.769178532 0.489825821 -0.238507524
1403636591.463555574 4.787197787 -1.713699859 0.828707670 0.333923382 0.770350367 0.488101461 -0.238353624
1403636591.513555527 4.787662958 -1.702921397 0.824577426 0.335915120 0.770851173 0.486615236 -0.236970703
1403636591.563555479 4.786940839 -1.692761571 0.820366069 0.341100016 0.771799760 0.482390733 -0.235106552
1403636591.613555431 4.785071062 -1.683360185 0.816203555 0.349036100 0.772695304 0.476171020 -0.233188612
1403636591.663555622 4.782438010 -1.675678602 0.812773995 0.358911480 0.771843739 0.470063745 -0.233409228
1403636591.713555574 4.779805214 -1.669870237 0.810188977 0.369459193 0.769535829 0.465082961 -0.234547120
1403636591.763555527 4.777076716 -1.664793115 0.808847859 0.380160353 0.766986102 0.460242241 -0.235345504
1403636591.813555479 4.774088025 -1.659945422 0.808664906 0.390835283 0.764685714 0.454553318 -0.236399706
1403636591.863555670 4.771434432 -1.655898505 0.808957415 0.399356522 0.763030080 0.449347748 -0.237457506
1403636591.913555384 4.768726111 -1.651564363 0.809549364 0.405012936 0.762979175 0.444404416 -0.237343664
1403636591.963555574 4.766134549 -1.647281192 0.809828519 0.405752369 0.765502810 0.439897561 -0.236348467
1403636592.013555527 4.762991759 -1.641199773 0.809725726 0.403806507 0.769448607 0.436512373 -0.233122490
1403636592.063555479 4.758377698 -1.633198662 0.809228831 0.401935418 0.774104650 0.431894089 -0.229515593
1403636592.113555431 4.752730213 -1.623937615 0.808380140 0.400062609 0.778530878 0.427560687 -0.225901394
1403636592.163555622 4.746198754 -1.613820048 0.807298131 0.397689752 0.782948968 0.423610314 -0.222234283
1403636592.213555574 4.739029226 -1.603559600 0.806026867 0.394680365 0.786688857 0.421389396 -0.218584146
1403636592.263555527 4.730810190 -1.593596621 0.805025285 0.391565607 0.789447906 0.420679121 -0.215586305
1403636592.313555479 4.721349875 -1.584603031 0.804299004 0.388148748 0.791225552 0.421299156 -0.214031996
1403636592.363555670 4.709729987 -1.576885469 0.803893373 0.383911969 0.793053243 0.421340210 -0.214826864
1403636592.413555384 4.696654615 -1.570903027 0.803949949 0.379956823 0.793083562 0.423916396 -0.216670638
1403636592.463555574 4.681549178 -1.566638885 0.804503243 0.377662083 0.791544549 0.427105938 -0.220020670
1403636592.513555527 4.665034947 -1.564452471 0.805492544 0.377367463 0.787759872 0.431580483 -0.225314157
1403636592.563555479 4.647489099 -1.564449238 0.806301403 0.378801568 0.782542972 0.436612290 -0.231312724
1403636592.613555431 4.629173046 -1.566614778 0.806742804 0.380531016 0.776210702 0.442901760 -0.237762745
1403636592.663555622 4.610593119 -1.571032801 0.806447058 0.381868851 0.769988512 0.449737671 -0.242960694
1403636592.713555574 4.592081667 -1.578083255 0.806209971 0.381414657 0.764167125 0.457100977 -0.248254227
1403636592.763555527 4.574176982 -1.588563057 0.805761123 0.378647924 0.758326703 0.465722198 -0.254301386
1403636592.813555479 4.557098084 -1.602721272 0.805736826 0.373858210 0.752667858 0.474713918 -0.261472427
1403636592.863555670 4.541763661 -1.621073820 0.805029432 0.366810122 0.747113230 0.484408162 -0.269482633
1403636592.913555384 4.528587181 -1.642716796 0.803890132 0.359434825 0.741577744 0.494502991 -0.276289429
1403636592.963555574 4.518029644 -1.667696878 0.803165525 0.351813246 0.736155907 0.504361867 -0.282703072
1403636593.013555527 4.510741958 -1.696202970 0.802557163 0.344028312 0.730295789 0.514415838 -0.289290384
1403636593.063555479 4.506237064 -1.727102217 0.802484161 0.336905573 0.724288071 0.524185385 -0.295179788
1403636593.113555431 4.505137069 -1.759582433 0.802744109 0.331207712 0.717580563 0.534025005 -0.300327958
1403636593.163555622 4.507422403 -1.793794874 0.803807232 0.324707181 0.711818811 0.541677401 -0.307351297
1403636593.213555574 4.512272458 -1.828142391 0.805697207 0.318598645 0.707456146 0.546873090 -0.314532239
1403636593.263555527 4.520491920 -1.862066741 0.807878893 0.311893072 0.703642967 0.551098631 -0.322334587
1403636593.313555479 4.531309289 -1.893409210 0.809683043 0.306351809 0.701162125 0.554944073 -0.326431187
1403636593.363555670 4.544980306 -1.921328729 0.810582164 0.302696796 0.699461455 0.558404871 -0.327585596
1403636593.413555384 4.561290139 -1.945700359 0.810521070 0.300128300 0.698842158 0.560424183 -0.327822174
1403636593.463555574 4.580087420 -1.965401617 0.809428564 0.299667734 0.698833542 0.561750418 -0.325986805
1403636593.513555527 4.600820498 -1.980881315 0.807454475 0.300149337 0.701046761 0.560433271 -0.323045450
1403636593.563555479 4.622702601 -1.992503636 0.805055094 0.299657194 0.704639094 0.557737307 -0.320341083
1403636593.613555431 4.645480532 -1.999924336 0.801904036 0.298706933 0.710141175 0.553557744 -0.316302866
1403636593.663555622 4.668827761 -2.003399366 0.798730757 0.296933918 0.717105901 0.547856533 -0.312157965
1403636593.713555574 4.692688660 -2.002522278 0.795151515 0.296653217 0.725129501 0.541093722 -0.305616851
1403636593.763555527 4.716104317 -1.997396183 0.791856320 0.298259077 0.734539660 0.531519495 -0.298295219
1403636593.813555479 4.738752014 -1.987673733 0.789000733 0.302902193 0.744021279 0.519992590 -0.290327926
1403636593.863555670 4.760467658 -1.974635549 0.786963008 0.310218500 0.753539248 0.505751946 -0.283121974
1403636593.913555384 4.780638030 -1.958261203 0.785934046 0.319818329 0.762308641 0.490306380 -0.276046059
1403636593.963555574 4.799588673 -1.939094407 0.785469794 0.330820525 0.770291618 0.474455994 -0.268514643
1403636594.013555527 4.816971706 -1.917466548 0.785671270 0.341942042 0.777492076 0.459161214 -0.260293472
1403636594.063555479 4.832155697 -1.893717725 0.786089542 0.351906402 0.784726481 0.444123660 -0.251237753
1403636594.113555431 4.844601136 -1.868451384 0.786515238 0.359237077 0.791809681 0.430199391 -0.242723371
1403636594.163555622 4.853794171 -1.841285709 0.786361217 0.364288582 0.798861163 0.417571561 -0.233984322
1403636594.213555574 4.859748828 -1.812498525 0.785568918 0.368170056 0.804636498 0.407707636 -0.225356161
1403636594.263555527 4.862120403 -1.782169555 0.784265900 0.371574067 0.809140407 0.399951186 -0.217401845
1403636594.313555479 4.860951587 -1.750526880 0.783039034 0.374899723 0.812027031 0.394775269 -0.210273122
1403636594.363555670 4.856348257 -1.718024659 0.781717186 0.378791365 0.813703444 0.390887705 -0.203986787
1403636594.413555384 4.848262172 -1.684921435 0.780746214 0.383828695 0.813589728 0.388419465 -0.199693780
1403636594.463555574 4.837367793 -1.652507541 0.779751594 0.389852751 0.811768691 0.387533885 -0.197139326
1403636594.513555527 4.823878769 -1.621726773 0.778973107 0.395872304 0.808904965 0.387492760 -0.196995527
1403636594.563555479 4.807406146 -1.594564622 0.778702554 0.400588095 0.806860436 0.385589066 -0.199565745
1403636594.613555431 4.789172151 -1.571768274 0.778431623 0.403675824 0.804937402 0.384756356 -0.202692266
1403636594.663555622 4.769133957 -1.554916815 0.778397329 0.405499151 0.803648886 0.383659569 -0.206214068
1403636594.713555574 4.747824514 -1.544470642 0.778056073 0.406391269 0.801508484 0.385444650 -0.209434257
1403636594.763555527 4.725390636 -1.540926024 0.777141821 0.406046533 0.798468276 0.389473630 -0.214207650
1403636594.813555479 4.701904219 -1.544384601 0.775436589 0.405082169 0.793592272 0.396918829 -0.220397787
1403636594.863555670 4.677752725 -1.554712499 0.773643328 0.403788609 0.787876712 0.405659893 -0.227255576
1403636594.913555384 4.653996952 -1.572122502 0.771934135 0.402534489 0.780277684 0.417209401 -0.234667929
1403636594.963555574 4.631083986 -1.595931669 0.770411913 0.400125458 0.771564640 0.430799938 -0.242897176
1403636595.013555527 4.610643681 -1.626158557 0.769481319 0.395156268 0.762167986 0.445317672 -0.254251168
1403636595.063555479 4.592955047 -1.660474592 0.768313698 0.388888276 0.752620647 0.461058904 -0.264107474
1403636595.113555431 4.578081079 -1.697503133 0.766899453 0.380676812 0.743950579 0.476114035 -0.273748291
1403636595.163555622 4.566136217 -1.734990010 0.765612974 0.372126732 0.735923729 0.490036405 -0.282492978
1403636595.213555574 4.557848558 -1.772477000 0.764770063 0.362668840 0.728791937 0.502273967 -0.291641025
1403636595.263555527 4.553516542 -1.807883520 0.764023380 0.353863587 0.721719228 0.513728134 -0.299975536
1403636595.313555479 4.553542353 -1.840325246 0.763268822 0.345958016 0.715478878 0.523778472 -0.306690624
1403636595.363555670 4.557674485 -1.868570071 0.762690224 0.340266852 0.710081174 0.532043466 -0.311340564
1403636595.413555384 4.565276205 -1.891459828 0.762306034 0.335919085 0.706792793 0.537100917 -0.314841105
1403636595.463555574 4.576529220 -1.908383667 0.762072259 0.332763944 0.704429831 0.541036949 -0.316742468
1403636595.513555527 4.590722029 -1.918803522 0.761566032 0.329989639 0.704228037 0.542666803 -0.317304980
1403636595.563555479 4.608222965 -1.923042817 0.760645118 0.327659212 0.703610089 0.545289126 -0.316594460
1403636595.613555431 4.627737688 -1.921015009 0.759378552 0.326434096 0.704694069 0.545767027 -0.314619457
1403636595.663555622 4.649063572 -1.913471610 0.757301826 0.326829933 0.706684505 0.545166063 -0.310762238
1403636595.713555574 4.671036317 -1.901136800 0.754853321 0.329015305 0.710505503 0.541622586 -0.305901674
1403636595.763555527 4.693243593 -1.883566208 0.751991572 0.333814813 0.714490107 0.537483495 -0.298635313
1403636595.813555479 4.715423392 -1.863118781 0.748457456 0.340544493 0.720421277 0.530185031 -0.289700648
1403636595.863555670 4.737630739 -1.841221409 0.744528975 0.347604537 0.726691171 0.521987262 -0.280393162
1403636595.913555384 4.757723810 -1.817498486 0.741201977 0.353513953 0.734334033 0.511915397 -0.271521711
1403636595.963555574 4.778796488 -1.795752757 0.738171415 0.358469574 0.742084173 0.502004391 -0.262301803
1403636596.013555527 4.800109176 -1.776753254 0.735596422 0.362392639 0.749801840 0.492750505 -0.252320662
1403636596.063555479 4.820774368 -1.761970168 0.733753184 0.365562816 0.757744962 0.482760734 -0.243163471
1403636596.113555431 4.840207893 -1.752794184 0.732460565 0.367666241 0.764828920 0.473625180 -0.235663843
1403636596.163555622 4.857570543 -1.750078971 0.732448316 0.368925585 0.770158648 0.466318370 -0.230860886
1403636596.213555574 4.872563523 -1.754064863 0.733998382 0.370294005 0.773469378 0.460792812 -0.228686368
1403636596.263555527 4.885579651 -1.765206114 0.737201399 0.370906389 0.775616184 0.456454723 -0.229122393
1403636596.313555479 4.897081643 -1.781610016 0.742152496 0.371909576 0.776653577 0.453166840 -0.230504457
1403636596.363555670 4.908524978 -1.802430421 0.748141501 0.373733643 0.776764960 0.451108896 -0.231214456
1403636596.413555384 4.919856702 -1.825830009 0.754841007 0.376409116 0.775546687 0.450801257 -0.231563686
1403636596.463555574 4.930956627 -1.850311106 0.761337331 0.379092540 0.773311127 0.451847226 -0.232621648
1403636596.513555527 4.941008604 -1.874121145 0.767071773 0.381631047 0.770595455 0.453862739 -0.233557280
1403636596.563555479 4.952840423 -1.898291417 0.772277758 0.383702618 0.767819639 0.456451682 -0.234258754
1403636596.613555431 4.960786009 -1.918894824 0.776038585 0.384308129 0.766982759 0.457753350 -0.233466442
1403636596.663555622 4.966482717 -1.936326519 0.779153886 0.383413591 0.766994702 0.458808271 -0.232826365
1403636596.713555574 4.970034898 -1.949772195 0.780552640 0.382236944 0.766865605 0.460215273 -0.232409046
1403636596.763555527 4.970453245 -1.957994369 0.780978036 0.382617582 0.765305426 0.462598183 -0.232194557
1403636596.813555479 4.967133264 -1.960884065 0.780296523 0.384884096 0.763513309 0.463340306 -0.232867820
1403636596.863555670 4.959859936 -1.958341781 0.779035627 0.388437506 0.760844536 0.464916363 -0.232561111
1403636596.913555384 4.948335005 -1.951420480 0.777390557 0.391530684 0.759069152 0.465254117 -0.232500221
1403636596.963555574 4.933118713 -1.940206224 0.775319431 0.393292834 0.757817214 0.467021675 -0.230053411
1403636597.013555527 4.914102242 -1.926057632 0.773265579 0.392073822 0.758898919 0.467328238 -0.227936103
1403636597.063555479 4.892787153 -1.909694332 0.770557145 0.388458981 0.760338100 0.469615950 -0.224602877
1403636597.113555431 4.868994035 -1.891889454 0.768262937 0.382795361 0.761908796 0.472156757 -0.223675423
1403636597.163555622 4.843614929 -1.873161234 0.766757446 0.377447388 0.761458608 0.477171093 -0.223656000
1403636597.213555574 4.816499618 -1.853588506 0.766958854 0.373098535 0.759682264 0.482502287 -0.225547962
1403636597.263555527 4.787924245 -1.834039877 0.768697989 0.370665207 0.756454862 0.488046227 -0.228460556
1403636597.313555479 4.758464732 -1.815168159 0.770695408 0.369770303 0.751854066 0.494011338 -0.232245955
1403636597.363555670 4.727781593 -1.797707923 0.773379801 0.368877753 0.747178060 0.499183575 -0.237633981
1403636597.413555384 4.697667775 -1.781714145 0.775211470 0.368802758 0.741562056 0.505713837 -0.241503122
1403636597.463555574 4.668615651 -1.768450649 0.776888402 0.367863760 0.736041314 0.512115938 -0.246285819
1403636597.513555527 4.642371496 -1.758706473 0.777888077 0.366957083 0.729425865 0.519745735 -0.251286247
1403636597.563555479 4.619050176 -1.753350570 0.778542956 0.365010952 0.723188213 0.525996858 -0.259023394
1403636597.613555431 4.599880673 -1.752824997 0.778796008 0.362802008 0.716740221 0.531487387 -0.268662087
1403636597.663555622 4.585408846 -1.756885698 0.778547232 0.360657361 0.710178678 0.536525809 -0.278769743
1403636597.713555574 4.575871807 -1.765005799 0.778079057 0.358918252 0.703725101 0.541188787 -0.288207159
1403636597.763555527 4.571536430 -1.776282800 0.777514384 0.358257611 0.697773252 0.545285453 -0.295681835
1403636597.813555479 4.572331437 -1.789567630 0.777086361 0.358294169 0.692404578 0.548786901 -0.301718621
1403636597.863555670 4.578063628 -1.803347610 0.776277314 0.359269558 0.687617964 0.552451359 -0.304802257
1403636597.913555384 4.588477343 -1.817283024 0.775341782 0.359609865 0.683096738 0.556739616 -0.306758197
1403636597.963555574 4.602419806 -1.830710492 0.773960077 0.359403640 0.680078929 0.560731478 -0.306434142
1403636598.013555527 4.619566709 -1.843682516 0.772433111 0.357891637 0.678590097 0.564214368 -0.305108510
1403636598.063555479 4.638370179 -1.855806688 0.770182400 0.355282801 0.679172602 0.566334756 -0.302925157
1403636598.113555431 4.659195819 -1.866925783 0.767354353 0.350539941 0.681444324 0.567867330 -0.300469764
1403636598.163555622 4.680131745 -1.875862767 0.763563944 0.345769082 0.684676196 0.569630813 -0.295267650
1403636598.213555574 4.700298645 -1.882436473 0.758354518 0.340213074 0.688935468 0.571344608 -0.288423860
1403636598.263555527 4.718568779 -1.886658921 0.751805237 0.335329990 0.692204025 0.574205624 -0.280526803
1403636598.313555479 4.733393647 -1.888397094 0.744756251 0.331792105 0.695791269 0.574974568 -0.274212973
1403636598.363555670 4.744238240 -1.887140882 0.737394816 0.331272571 0.697797461 0.575886240 -0.267754039
1403636598.413555384 4.750397127 -1.883607126 0.729545192 0.332173714 0.699904991 0.574863150 -0.263298283
1403636598.463555574 4.752020142 -1.877943257 0.721641804 0.334098244 0.699865381 0.574874164 -0.260933915
1403636598.513555527 4.748681576 -1.870599555 0.714247845 0.336580225 0.699139951 0.573884334 -0.261866095
1403636598.563555479 4.741158655 -1.861885459 0.707856811 0.339518043 0.696048783 0.573979010 -0.266067071
1403636598.613555431 4.730140789 -1.852295109 0.701726688 0.343119645 0.692623048 0.573037530 -0.272342087
1403636598.663555622 4.716817786 -1.842228052 0.695753792 0.346756662 0.687929292 0.572898061 -0.279823012
1403636598.713555574 4.702178866 -1.832334762 0.688690937 0.350699347 0.682516857 0.572447340 -0.288937278
1403636598.763555527 4.687166017 -1.822840805 0.680611370 0.355154938 0.676042859 0.571928561 -0.299547566
1403636598.813555479 4.672451618 -1.813883424 0.671269788 0.360077407 0.670215575 0.570149152 -0.309976270
1403636598.863555670 4.658070920 -1.804793666 0.660895609 0.366398799 0.664848298 0.567235490 -0.319331425
1403636598.913555384 4.644507016 -1.796354346 0.649679441 0.372503927 0.661083034 0.563373842 -0.326833229
1403636598.963555574 4.632130987 -1.788220156 0.637875259 0.379327713 0.657249291 0.560760207 -0.331182495
1403636599.013555527 4.621523023 -1.781459968 0.626300987 0.384434768 0.653676945 0.558862446 -0.335543034
1403636599.063555479 4.611949538 -1.776025868 0.616754984 0.388809490 0.650203035 0.555828196 -0.342225379
1403636599.113555431 4.603999371 -1.771603926 0.608899174 0.392685148 0.645771708 0.552869827 -0.350873525
1403636599.163555622 4.596876707 -1.768001962 0.603273169 0.397913634 0.640323508 0.548614232 -0.361487164
1403636599.213555574 4.589383665 -1.764320805 0.598365712 0.408562347 0.633384575 0.543148274 -0.369987487
1403636599.263555527 4.581800728 -1.761340788 0.594457745 0.418076601 0.627801692 0.535910529 -0.379311082
1403636599.313555479 4.575240272 -1.758618084 0.590644119 0.426287187 0.623035585 0.529532141 -0.386912917
1403636599.363555670 4.569101581 -1.756044101 0.586433417 0.432805571 0.620000849 0.524486022 -0.391398388
1403636599.413555384 4.563722830 -1.753582588 0.581466549 0.438459498 0.617988527 0.521791421 -0.391889222
1403636599.463555574 4.559078695 -1.751265741 0.576109586 0.442565773 0.617617077 0.520446316 -0.389641264
1403636599.513555527 4.555128876 -1.749612492 0.571364977 0.443355866 0.620818271 0.518016867 -0.386883415
1403636599.563555479 4.552043794 -1.748182690 0.566975542 0.442925287 0.624599728 0.516203372 -0.383700989
1403636599.613555431 4.550321184 -1.747029677 0.562417243 0.441562677 0.627707900 0.515607428 -0.380991044
1403636599.663555622 4.549262498 -1.745824304 0.557910602 0.441168569 0.629483894 0.515801058 -0.378245408
1403636599.713555574 4.548913922 -1.744930966 0.554748087 0.441983225 0.629531866 0.514407296 -0.379111582
1403636599.763555527 4.549282311 -1.743873923 0.554738895 0.447568325 0.624516861 0.511863275 -0.384261984
1403636599.813555479 4.549405210 -1.743006741 0.555108072 0.452704029 0.621087715 0.508392606 -0.388389070
1403636599.863555670 4.549805519 -1.742673703 0.554796040 0.456342702 0.618622391 0.505336798 -0.392036220
1403636599.913555384 4.550811506 -1.742433387 0.554574034 0.456720102 0.617986190 0.503981104 -0.394338514
1403636599.963555574 4.550788626 -1.741933053 0.554280003 0.456129407 0.619677730 0.502747982 -0.393941546
1403636600.013555527 4.551074246 -1.741640228 0.553874489 0.455703979 0.620760673 0.501917572 -0.393787788
1403636600.063555479 4.551415481 -1.740882157 0.552971694 0.454503479 0.621513050 0.500704737 -0.395528612
1403636600.113555431 4.551907540 -1.740322915 0.553303968 0.455326089 0.620735175 0.498305177 -0.398820694
1403636600.163555622 4.552326869 -1.739907883 0.553041732 0.456438624 0.619864991 0.498853517 -0.398216453
1403636600.213555574 4.552275590 -1.740420547 0.553033496 0.455546546 0.620468185 0.498304164 -0.398985634
1403636600.263555527 4.552383296 -1.740649612 0.552911643 0.455351048 0.620480380 0.498292535 -0.399204296
1403636600.313555479 4.552667228 -1.740901929 0.552898597 0.455063983 0.620668392 0.498045449 -0.399547556
1403636600.363555670 4.552753843 -1.741020684 0.552886619 0.454901137 0.620836858 0.497676715 -0.399930542
1403636600.413555384 4.552860061 -1.741081462 0.552851890 0.454853541 0.620799030 0.497714733 -0.399996082
1403636600.463555574 4.552949992 -1.741151801 0.552885914 0.454527131 0.621026522 0.497407409 -0.400396073
1403636600.513555527 4.553031057 -1.740934607 0.552924138 0.454887079 0.620903895 0.497355410 -0.400242046
1403636600.563555479 4.552999658 -1.740856131 0.552850903 0.454947362 0.620784548 0.497668077 -0.399969909
1403636600.613555431 4.552978160 -1.740997079 0.552927163 0.454628388 0.621026183 0.497339478 -0.400366022
1403636600.663555622 4.553035368 -1.740862528 0.552911565 0.454685315 0.621040881 0.497413461 -0.400186628
1403636600.713555574 4.553069818 -1.740868057 0.552911469 0.454597348 0.621086310 0.497458084 -0.400160595
1403636600.763555527 4.553001495 -1.740908692 0.552893106 0.454471857 0.621167136 0.497313430 -0.400357431
1403636600.813555479 4.553061982 -1.740767691 0.552844680 0.454730576 0.621024079 0.497503435 -0.400049407
1403636600.863555670 4.553066133 -1.740896441 0.552860781 0.454435712 0.621210851 0.497334787 -0.400304099
1403636600.913555384 4.553018051 -1.740804821 0.552808171 0.454658463 0.621087675 0.497478766 -0.400063320
1403636600.963555574 4.553030588 -1.740902447 0.552849632 0.454400462 0.621296386 0.497268197 -0.400294093
1403636601.013555527 4.553084213 -1.740757843 0.552803527 0.454656169 0.621126496 0.497513999 -0.399961830
1403636601.063555479 4.553033373 -1.740914203 0.552909618 0.454371591 0.621344917 0.497242482 -0.400283482
1403636601.113555431 4.553008457 -1.740782459 0.552842920 0.454601069 0.621201262 0.497456322 -0.399980085
1403636601.163555622 4.552995606 -1.740894409 0.552908511 0.454403974 0.621338349 0.497263323 -0.400231023
1403636601.213555574 4.552970316 -1.740835858 0.552898123 0.454598920 0.621207252 0.497442301 -0.399990662
1403636601.263555527 4.552885929 -1.740950288 0.552957000 0.454347425 0.621382902 0.497238945 -0.400256341
1403636601.313555479 4.552914893 -1.740826790 0.552986569 0.454542224 0.621250161 0.497419134 -0.400017261
1403636601.363555670 4.552816830 -1.740834829 0.552934162 0.454388277 0.621390794 0.497243119 -0.400192521
1403636601.413555384 4.552712881 -1.740778544 0.552895904 0.454489991 0.621339087 0.497334264 -0.400044020
1403636601.463555574 4.552616284 -1.740813689 0.552941887 0.454382167 0.621431972 0.497206780 -0.400180669
1403636601.513555527 4.552574939 -1.740708916 0.552981051 0.454509815 0.621360602 0.497232259 -0.400114872
1403636601.563555479 4.552463545 -1.740716951 0.553081553 0.454438313 0.621453787 0.497090821 -0.400227092
1403636601.613555431 4.552434545 -1.740690117 0.553079943 0.454460452 0.621426781 0.497158245 -0.400160134
1403636601.663555622 4.552364094 -1.740631106 0.553105308 0.454523354 0.621420093 0.497099299 -0.400172306
1403636601.713555574 4.552391260 -1.740655089 0.553082370 0.454485388 0.621438225 0.497096447 -0.400190814
1403636601.763555527 4.552331533 -1.740665290 0.553102111 0.454514961 0.621438151 0.497087795 -0.400168088
1403636601.813555479 4.552299084 -1.740725157 0.552993327 0.454416479 0.621464605 0.497113768 -0.400206583
1403636601.863555670 4.552213080 -1.740713988 0.552980297 0.454489592 0.621455005 0.497096756 -0.400159597
1403636601.913555384 4.552180446 -1.740712209 0.552977668 0.454438478 0.621495417 0.497057914 -0.400203132
1403636601.963555574 4.552166337 -1.740700842 0.552980991 0.454488562 0.621470342 0.497110137 -0.400120323
1403636602.013555527 4.552168143 -1.740701765 0.553056190 0.454456630 0.621507327 0.497019757 -0.400211413
1403636602.063555479 4.552219080 -1.740654925 0.553145707 0.454477319 0.621479399 0.497118189 -0.400109022
1403636602.113555431 4.552160427 -1.740679451 0.553151820 0.454384778 0.621578702 0.496996166 -0.400211447
1403636602.163555622 4.552161092 -1.740577746 0.553126473 0.454468854 0.621505753 0.497132905 -0.400059413
1403636602.213555574 4.552128073 -1.740592261 0.553162590 0.454366235 0.621602929 0.496979582 -0.400215464
1403636602.263555527 4.552198387 -1.740454636 0.553119018 0.454497019 0.621512597 0.497153358 -0.399991363
1403636602.313555479 4.552176469 -1.740520702 0.553140119 0.454338749 0.621622330 0.497023201 -0.400162365
1403636602.363555670 4.552186614 -1.740509580 0.553096893 0.454418414 0.621558839 0.497140894 -0.400024306
1403636602.413555384 4.552155981 -1.740591861 0.553103991 0.454335810 0.621604218 0.497047494 -0.400163663
1403636602.463555574 4.552124751 -1.740604074 0.553110632 0.454399217 0.621575753 0.497062788 -0.400116883
1403636602.513555527 4.552178114 -1.740653183 0.553157525 0.454347227 0.621644146 0.497020117 -0.400122676
1403636602.563555479 4.552171671 -1.740653812 0.553110846 0.454351650 0.621638513 0.497028667 -0.400115784
1403636602.613555431 4.552210307 -1.740636552 0.553083968 0.454335479 0.621645621 0.497057890 -0.400086801
1403636602.663555622 4.552207233 -1.740620666 0.553057306 0.454344877 0.621659257 0.497046308 -0.400069329
1403636602.713555574 4.552208514 -1.740636022 0.553063955 0.454332851 0.621678643 0.497008604 -0.400099704
1403636602.763555527 4.552207158 -1.740630475 0.553122932 0.454335058 0.621717508 0.496969899 -0.400084885
1403636602.813555479 4.552264108 -1.740630332 0.553045236 0.454377787 0.621694123 0.496974543 -0.400066929
1403636602.863555670 4.552311925 -1.740643295 0.553023540 0.454352327 0.621722040 0.496935624 -0.400100804
1403636602.913555384 4.552405773 -1.740616904 0.552997045 0.454383710 0.621692289 0.496976913 -0.400060109
1403636602.963555574 4.552436573 -1.740609602 0.553038260 0.454375345 0.621730242 0.496899407 -0.400106900
1403636603.013555527 4.552423965 -1.740569991 0.553039884 0.454429555 0.621710847 0.496943143 -0.400021144
1403636603.063555479 4.552396499 -1.740604691 0.553122765 0.454347510 0.621762084 0.496883591 -0.400108670
1403636603.113555431 4.552366021 -1.740564918 0.553071529 0.454480048 0.621719901 0.496916679 -0.399982582
1403636603.163555622 4.552385146 -1.740611012 0.553162564 0.454406725 0.621793690 0.496854952 -0.400027865
1403636603.213555574 4.552383074 -1.740616818 0.553124913 0.454429003 0.621767391 0.496904189 -0.399982273
1403636603.263555527 4.552361013 -1.740635588 0.553135810 0.454400047 0.621768860 0.496883820 -0.400038187
1403636603.313555479 4.552329649 -1.740611550 0.553122568 0.454443019 0.621748776 0.496907870 -0.399990715
1403636603.363555670 4.552302228 -1.740591627 0.553141678 0.454431739 0.621753528 0.496867779 -0.400045941
1403636603.413555384 4.552266587 -1.740508294 0.553151794 0.454470681 0.621739927 0.496872440 -0.400017051
1403636603.463555574 4.552251752 -1.740487318 0.553147270 0.454460532 0.621763108 0.496862076 -0.400005424
1403636603.513555527 4.552270446 -1.740456739 0.553199068 0.454433085 0.621815782 0.496863997 -0.399952339
1403636603.563555479 4.552265615 -1.740426951 0.553151134 0.454428363 0.621807287 0.496878198 -0.399953270
1403636603.613555431 4.552257891 -1.740448678 0.553197762 0.454418452 0.621826219 0.496880719 -0.399931963
1403636603.663555622 4.552236465 -1.740456471 0.553154901 0.454457305 0.621816230 0.496877592 -0.399907231
1403636603.713555574 4.552265324 -1.740476064 0.553170017 0.454439677 0.621834076 0.496873107 -0.399905085
1403636603.763555527 4.552284324 -1.740487354 0.553193141 0.454401827 0.621876321 0.496858102 -0.399901046
1403636603.813555479 4.552317408 -1.740502472 0.553129809 0.454395734 0.621873513 0.496897187 -0.399863772
1403636603.863555670 4.552291985 -1.740522451 0.553135005 0.454475180 0.621825877 0.496831309 -0.399929418
1403636603.913555384 4.552326368 -1.740561754 0.553110465 0.454376549 0.621881537 0.496835850 -0.399949302
1403636603.963555574 4.552299036 -1.740512803 0.553117393 0.454519800 0.621806464 0.496867637 -0.399863757
1403636604.013555527 4.552302564 -1.740587801 0.553143668 0.454394429 0.621878191 0.496777294 -0.400006923
1403636604.063555479 4.552303019 -1.740558562 0.553175497 0.454444498 0.621860476 0.496816947 -0.399928329
1403636604.113555431 4.552282251 -1.740593129 0.553117155 0.454415655 0.621870762 0.496763709 -0.400011231
1403636604.163555622 4.552313251 -1.740564102 0.553099622 0.454488425 0.621810709 0.496834286 -0.399934252
1403636604.213555574 4.552282994 -1.740584316 0.553108977 0.454442271 0.621860138 0.496774461 -0.399984158
1403636604.263555527 4.552259862 -1.740570163 0.553124936 0.454459972 0.621854347 0.496778578 -0.399967936
1403636604.313555479 4.552233024 -1.740581393 0.553156262 0.454441284 0.621883793 0.496744292 -0.399985968
1403636604.363555670 4.552225991 -1.740565985 0.553173614 0.454463406 0.621865107 0.496789987 -0.399933132
1403636604.413555384 4.552229781 -1.740575504 0.553209634 0.454402160 0.621889886 0.496782422 -0.399973589
1403636604.463555574 4.552252221 -1.740555601 0.553225762 0.454461324 0.621855340 0.496789824 -0.399950887
1403636604.513555527 4.552215667 -1.740545306 0.553230854 0.454456168 0.621876467 0.496754042 -0.399968340
1403636604.563555479 4.552207513 -1.740515666 0.553257863 0.454430909 0.621914852 0.496717603 -0.399982609
1403636604.613555431 4.552171201 -1.740480243 0.553179711 0.454475063 0.621911013 0.496702198 -0.399957542
1403636604.663555622 4.552175835 -1.740464611 0.553159571 0.454446461 0.621914088 0.496716857 -0.399967055
1403636604.713555574 4.552177498 -1.740439981 0.553128696 0.454456999 0.621908207 0.496720877 -0.399959233
1403636604.763555527 4.552193310 -1.740437278 0.553111221 0.454459285 0.621918210 0.496722685 -0.399938836
1403636604.813555479 4.552244451 -1.740438655 0.553164718 0.454464883 0.621898246 0.496753959 -0.399924676
1403636604.863555670 4.552232742 -1.740478877 0.553127911 0.454470368 0.621919532 0.496737269 -0.399906071
1403636604.913555384 4.552237678 -1.740516182 0.553142943 0.454453689 0.621914955 0.496767173 -0.399894998
1403636604.963555574 4.552284032 -1.740561745 0.553144677 0.454433459 0.621907523 0.496773703 -0.399921433
1403636605.013555527 4.552338060 -1.740584198 0.553151328 0.454437463 0.621918614 0.496766606 -0.399908450
1403636605.063555479 4.552373177 -1.740583760 0.553128625 0.454384529 0.621945004 0.496766639 -0.399927516
1403636605.113555431 4.552389916 -1.740521905 0.553091301 0.454463848 0.621891587 0.496784605 -0.399898138
1403636605.163555622 4.552372682 -1.740511401 0.553104223 0.454393515 0.621954424 0.496719996 -0.399960591
1403636605.213555574 4.552332909 -1.740481645 0.553110480 0.454427339 0.621939983 0.496747053 -0.399911010
1403636605.263555527 4.552299184 -1.740484018 0.553124592 0.454403429 0.621965590 0.496696940 -0.399960595
1403636605.313555479 4.552300082 -1.740434763 0.553152415 0.454453220 0.621937305 0.496724053 -0.399914334
1403636605.363555670 4.552269171 -1.740454625 0.553093710 0.454399512 0.621988638 0.496658881 -0.399976467
1403636605.413555384 4.552256971 -1.740455110 0.553094101 0.454464218 0.621958768 0.496693077 -0.399906931
1403636605.463555574 4.552235544 -1.740468838 0.553121287 0.454401417 0.622002378 0.496658928 -0.399952875
1403636605.513555527 4.552216274 -1.740473428 0.553111094 0.454428224 0.621996669 0.496679179 -0.399906146
1403636605.563555479 4.552206591 -1.740492021 0.553173062 0.454393035 0.622054357 0.496631127 -0.399916079
1403636605.613555431 4.552195697 -1.740505244 0.553145052 0.454443459 0.622002618 0.496673984 -0.399886034
1403636605.663555622 4.552204994 -1.740543155 0.553176295 0.454414504 0.622020902 0.496655387 -0.399913594
1403636605.713555574 4.552224191 -1.740559810 0.553179977 0.454403202 0.622036822 0.496666344 -0.399888064
1403636605.763555527 4.552253607 -1.740547901 0.553174636 0.454397072 0.622073000 0.496656707 -0.399850721
1403636605.813555479 4.552291454 -1.740520682 0.553168293 0.454449074 0.622050882 0.496643806 -0.399842055
1403636605.863555670 4.552320055 -1.740510538 0.553150025 0.454422903 0.622090276 0.496621369 -0.399838379
1403636605.913555384 4.552353746 -1.740508406 0.553138758 0.454413905 0.622081238 0.496653883 -0.399822282
1403636605.963555574 4.552367859 -1.740513383 0.553150509 0.454395107 0.622107407 0.496630701 -0.399831723
1403636606.013555527 4.552386390 -1.740509978 0.553172966 0.454393189 0.622104364 0.496649224 -0.399815632
1403636606.063555479 4.552394284 -1.740540538 0.553124085 0.454405815 0.622104525 0.496636389 -0.399816973
1403636606.113555431 4.552405243 -1.740561601 0.553118236 0.454421829 0.622110085 0.496623498 -0.399806134
1403636606.163555622 4.552439282 -1.740579281 0.553071790 0.454431369 0.622132341 0.496612261 -0.399774616
1403636606.213555574 4.552480401 -1.740593910 0.553047211 0.454446903 0.622121160 0.496606331 -0.399781723
1403636606.263555527 4.552518858 -1.740557489 0.553033105 0.454464869 0.622131297 0.496596876 -0.399757269
1403636606.313555479 4.552540742 -1.740525093 0.553096918 0.454428762 0.622180919 0.496560508 -0.399766264
1403636606.363555670 4.552543312 -1.740533451 0.553041360 0.454480014 0.622164925 0.496552631 -0.399742676
1403636606.413555384 4.552578278 -1.740576341 0.553024543 0.454482079 0.622175068 0.496538661 -0.399741895
1403636606.463555574 4.552617511 -1.740612688 0.553038539 0.454475479 0.622179032 0.496537076 -0.399745198
1403636606.513555527 4.552627101 -1.740635931 0.553078123 0.454465301 0.622206785 0.496487945 -0.399774597
1403636606.563555479 4.552633521 -1.740602847 0.553095424 0.454478181 0.622214832 0.496481916 -0.399754915
1403636606.613555431 4.552636159 -1.740557048 0.553080907 0.454525283 0.622190679 0.496469739 -0.399754080
1403636606.663555622 4.552627704 -1.740557956 0.553055087 0.454539570 0.622196306 0.496464269 -0.399735871
1403636606.713555574 4.552622714 -1.740547943 0.553118893 0.454527795 0.622190999 0.496467270 -0.399753791
1403636606.763555527 4.552589531 -1.740544719 0.553041563 0.454550193 0.622206107 0.496464483 -0.399708269
1403636606.813555479 4.552614082 -1.740558006 0.553021674 0.454528711 0.622189877 0.496492191 -0.399723545
1403636606.863555670 4.552643763 -1.740556004 0.553014531 0.454514611 0.622195097 0.496486013 -0.399739126
1403636606.913555384 4.552672899 -1.740557844 0.552993499 0.454510172 0.622209700 0.496507291 -0.399695011
1403636606.963555574 4.552678948 -1.740555309 0.552981948 0.454523411 0.622214784 0.496489511 -0.399694130
1403636607.013555527 4.552628168 -1.740560609 0.552996323 0.454521962 0.622224371 0.496472027 -0.399702570
1403636607.063555479 4.552632344 -1.740561674 0.553093263 0.454499491 0.622230833 0.496478723 -0.399709746
1403636607.113555431 4.552566948 -1.740547408 0.553044135 0.454508100 0.622213025 0.496491886 -0.399711329
1403636607.163555622 4.552526725 -1.740519609 0.553075367 0.454517785 0.622214774 0.496492378 -0.399696982
1403636607.213555574 4.552480824 -1.740472859 0.553090372 0.454495295 0.622234410 0.496504275 -0.399677208
1403636607.263555527 4.552405736 -1.740423382 0.553099501 0.454520433 0.622239191 0.496489162 -0.399659950
1403636607.313555479 4.552344002 -1.740406693 0.553154295 0.454456539 0.622268967 0.496512978 -0.399656665
1403636607.363555670 4.552261948 -1.740370867 0.553049537 0.454499738 0.622245016 0.496535787 -0.399616492
1403636607.413555384 4.552219792 -1.740388048 0.553040417 0.454476743 0.622270464 0.496516175 -0.399627386
1403636607.463555574 4.552173394 -1.740404834 0.553122852 0.454481166 0.622248982 0.496513797 -0.399658759
1403636607.513555527 4.552123749 -1.740400495 0.553086432 0.454493190 0.622234764 0.496517718 -0.399662351
1403636607.563555479 4.552103578 -1.740368669 0.553107149 0.454521472 0.622221666 0.496528699 -0.399636936
1403636607.613555431 4.552120253 -1.740339500 0.553137738 0.454539712 0.622228041 0.496516647 -0.399621240
1403636607.663555622 4.552142138 -1.740337954 0.553155128 0.454545838 0.622245744 0.496523810 -0.399577804
1403636607.713555574 4.552175448 -1.740354582 0.553171630 0.454503598 0.622277176 0.496521917 -0.399579256
1403636607.763555527 4.552184428 -1.740357944 0.553180255 0.454508753 0.622282046 0.496522864 -0.399564630
1403636607.813555479 4.552201045 -1.740350236 0.553153004 0.454504779 0.622275169 0.496531496 -0.399569135
1403636607.863555670 4.552216468 -1.740363874 0.553117899 0.454496530 0.622300807 0.496497635 -0.399580665
1403636607.913555384 4.552243696 -1.740394057 0.553080405 0.454497980 0.622319302 0.496466295 -0.399589153
1403636607.963555574 4.552297187 -1.740415936 0.553047532 0.454532912 0.622322412 0.496478553 -0.399529340
1403636608.013555527 4.552348902 -1.740453728 0.553047811 0.454531335 0.622333592 0.496472963 -0.399520666
1403636608.063555479 4.552405308 -1.740458682 0.553112262 0.454509597 0.622361909 0.496453322 -0.399525693
1403636608.113555431 4.552435884 -1.740455776 0.553070819 0.454526787 0.622367941 0.496436643 -0.399517466
1403636608.163555622 4.552460279 -1.740469730 0.553086276 0.454523233 0.622373588 0.496410623 -0.399545042
1403636608.213555574 4.552488308 -1.740493340 0.553078701 0.454523519 0.622382163 0.496409627 -0.399532598
1403636608.263555527 4.552510735 -1.740522070 0.553068081 0.454488736 0.622388443 0.496395618 -0.399579785
1403636608.313555479 4.552531658 -1.740507466 0.553049477 0.454515968 0.622374242 0.496404074 -0.399560425
1403636608.363555670 4.552543949 -1.740490008 0.553028941 0.454480330 0.622392445 0.496408512 -0.399567094
1403636608.413555384 4.552526491 -1.740484701 0.553015021 0.454486459 0.622395826 0.496400546 -0.399564754
1403636608.463555574 4.552505250 -1.740503502 0.552994004 0.454456817 0.622401624 0.496402182 -0.399587403
1403636608.513555527 4.552482831 -1.740521810 0.553043667 0.454452898 0.622423708 0.496373280 -0.399593364
1403636608.563555479 4.552424635 -1.740547519 0.552990212 0.454496002 0.622387710 0.496370308 -0.399604103
1403636608.613555431 4.552399444 -1.740540149 0.553015251 0.454519378 0.622382798 0.496368103 -0.399587905
1403636608.663555622 4.552408830 -1.740529879 0.553036724 0.454533414 0.622396949 0.496356970 -0.399563726
1403636608.713555574 4.552394996 -1.740519616 0.553074006 0.454573249 0.622388534 0.496351274 -0.399538592
1403636608.763555527 4.552380212 -1.740507174 0.553120726 0.454554874 0.622405528 0.496350258 -0.399534287
1403636608.813555479 4.552367782 -1.740488189 0.553194959 0.454520997 0.622430175 0.496357251 -0.399525743
1403636608.863555670 4.552309947 -1.740485590 0.553127572 0.454526693 0.622432968 0.496358759 -0.399513038
1403636608.913555384 4.552326135 -1.740464052 0.553119225 0.454522519 0.622427386 0.496361547 -0.399523020
1403636608.963555574 4.552375411 -1.740414118 0.553120691 0.454519443 0.622443750 0.496317846 -0.399555315
1403636609.013555527 4.552427170 -1.740353435 0.553091795 0.454520256 0.622444132 0.496334211 -0.399533466
1403636609.063555479 4.552446217 -1.740342193 0.553072025 0.454511854 0.622430566 0.496347442 -0.399547721
1403636609.113555431 4.552432205 -1.740362555 0.553056874 0.454523807 0.622421108 0.496353504 -0.399541326
1403636609.163555622 4.552436784 -1.740391355 0.553074673 0.454535998 0.622407313 0.496325848 -0.399583303
1403636609.213555574 4.552451420 -1.740399977 0.553077057 0.454538172 0.622401436 0.496312365 -0.399606731
1403636609.263555527 4.552479741 -1.740407224 0.553103183 0.454532059 0.622416692 0.496298065 -0.399607681
1403636609.313555479 4.552491121 -1.740391581 0.553035561 0.454548561 0.622402014 0.496329065 -0.399573270
1403636609.363555670 4.552491113 -1.740404599 0.553039858 0.454528831 0.622420782 0.496342982 -0.399549191
1403636609.413555384 4.552463939 -1.740427465 0.553052222 0.454541249 0.622439037 0.496326064 -0.399527643
1403636609.463555574 4.552465195 -1.740462882 0.553050284 0.454546359 0.622430324 0.496342997 -0.399514367
1403636609.513555527 4.552478585 -1.740491873 0.553033873 0.454554417 0.622443908 0.496337149 -0.399491299
1403636609.563555479 4.552514011 -1.740504649 0.553078094 0.454549137 0.622444564 0.496298673 -0.399544081
1403636609.613555431 4.552512996 -1.740491688 0.553022619 0.454557654 0.622447937 0.496303712 -0.399522877
1403636609.663555622 4.552533799 -1.740495510 0.553059707 0.454515891 0.622491612 0.496279935 -0.399531880
1403636609.713555574 4.552518794 -1.740480589 0.553102588 0.454578755 0.622443629 0.496297819 -0.399512903
1403636609.763555527 4.552506701 -1.740526414 0.553173763 0.454544892 0.622474107 0.496248469 -0.399565244
1403636609.813555479 4.552553238 -1.740553731 0.553153604 0.454418043 0.622526149 0.496339180 -0.399515774
1403636609.863555670 4.552535947 -1.740552955 0.553144178 0.454517699 0.622481629 0.496304167 -0.399515277
1403636609.913555384 4.552557815 -1.740589089 0.553085444 0.454442907 0.622511857 0.496299435 -0.399559136
1403636609.963555574 4.552560590 -1.740567933 0.553022320 0.454423529 0.622532909 0.496314414 -0.399529768
1403636610.013555527 4.552503770 -1.740567189 0.553054123 0.454438255 0.622534432 0.496276869 -0.399557284
1403636610.063555479 4.552469543 -1.740597202 0.553076657 0.454418595 0.622528579 0.496295282 -0.399565892
1403636610.113555431 4.552410273 -1.740634342 0.553097031 0.454417171 0.622539602 0.496253145 -0.399602670
1403636610.163555622 4.552388763 -1.740616160 0.553154188 0.454432526 0.622539174 0.496255715 -0.399582684
1403636610.213555574 4.552360921 -1.740595593 0.553137459 0.454408936 0.622567144 0.496227106 -0.399601464
1403636610.263555527 4.552374645 -1.740502138 0.553106573 0.454436687 0.622571867 0.496287382 -0.399487674
1403636610.313555479 4.552398830 -1.740495387 0.553147285 0.454418583 0.622594759 0.496205513 -0.399574281
1403636610.363555670 4.552422062 -1.740461978 0.553115028 0.454407732 0.622627781 0.496195365 -0.399547768
1403636610.413555384 4.552390868 -1.740428091 0.553057769 0.454463021 0.622598611 0.496230130 -0.399487159
1403636610.463555574 4.552373835 -1.740416150 0.553036931 0.454414696 0.622638996 0.496189828 -0.399529248
1403636610.513555527 4.552402596 -1.740406099 0.552968700 0.454434032 0.622618980 0.496260257 -0.399450965
1403636610.563555479 4.552347173 -1.740409971 0.553017673 0.454413243 0.622648863 0.496211885 -0.399488126
1403636610.613555431 4.552363223 -1.740452105 0.552938916 0.454462500 0.622634101 0.496266312 -0.399387481
1403636610.663555622 4.552365795 -1.740516386 0.552910585 0.454443455 0.622649500 0.496249065 -0.399406575
1403636610.713555574 4.552412621 -1.740596443 0.552860450 0.454435443 0.622645374 0.496295412 -0.399364533
1403636610.763555527 4.552510098 -1.740685786 0.552696419 0.454352127 0.622665891 0.496395024 -0.399303535
1403636610.813555479 4.552612863 -1.740662592 0.552617875 0.454363374 0.622654438 0.496446941 -0.399244049
1403636610.863555670 4.552966355 -1.740740375 0.552609300 0.454195378 0.622640001 0.496474174 -0.399423814
1403636610.913555384 4.552969669 -1.740639623 0.552569168 0.454358056 0.622563969 0.496518207 -0.399302557
1403636610.963555574 4.553029614 -1.740803044 0.552567624 0.454134385 0.622654214 0.496529507 -0.399402227
1403636611.013555527 4.552871787 -1.740782116 0.552620499 0.454353513 0.622574085 0.496419949 -0.399414106
1403636611.063555479 4.552981406 -1.740804035 0.552582123 0.454190916 0.622621913 0.496542121 -0.399372617
1403636611.113555431 4.552940061 -1.740761147 0.552582121 0.454288902 0.622563849 0.496476878 -0.399432794
1403636611.163555622 4.553071724 -1.740718384 0.552565206 0.454239591 0.622576382 0.496523308 -0.399411626
1403636611.213555574 4.553090867 -1.740647047 0.552554650 0.454311427 0.622516785 0.496576785 -0.399356327
1403636611.263555527 4.552996314 -1.740697167 0.552627092 0.454244440 0.622569154 0.496475023 -0.399477395
1403636611.313555479 4.552910472 -1.740660726 0.552697913 0.454292982 0.622571512 0.496470500 -0.399424137
1403636611.363555670 4.552911862 -1.741026490 0.552818671 0.453670642 0.622739665 0.496307781 -0.400071051
1403636611.413555384 4.552891388 -1.740817975 0.552887299 0.454108803 0.622537148 0.496379420 -0.399800157
1403636611.463555574 4.553109468 -1.740519871 0.552672720 0.453488834 0.623070230 0.496008901 -0.400133149
1403636611.513555527 4.553165731 -1.739987616 0.552628944 0.454755110 0.622447842 0.496460238 -0.399103628
1403636611.563555479 4.553065862 -1.740270803 0.552605877 0.454078535 0.622853160 0.496173399 -0.399598026
1403636611.613555431 4.552932117 -1.740193314 0.552513823 0.454468600 0.622498025 0.496422934 -0.399398011
1403636611.663555622 4.552878789 -1.740370396 0.552472799 0.454087579 0.622823616 0.496041975 -0.399796916
1403636611.713555574 4.552912560 -1.740095687 0.552386238 0.454765574 0.622419570 0.496258939 -0.399386050
1403636611.763555527 4.552906399 -1.740298772 0.552416290 0.454250726 0.622687384 0.496051353 -0.399812148
1403636611.813555479 4.552928225 -1.740350599 0.552411786 0.454203753 0.622806830 0.495885493 -0.399885210
1403636611.863555670 4.552869321 -1.740017869 0.552458417 0.454905309 0.622432103 0.496046651 -0.399471096
1403636611.913555384 4.552939537 -1.740122335 0.552451232 0.454522753 0.622511875 0.496272357 -0.399501914
1403636611.963555574 4.552784465 -1.740321407 0.552552812 0.454223672 0.622608985 0.496106165 -0.399896962
1403636612.013555527 4.552706953 -1.740365416 0.552662911 0.454043009 0.622649439 0.495917023 -0.400273567
1403636612.063555479 4.552870620 -1.740062237 0.552545328 0.454488362 0.622468386 0.496397524 -0.399453295
1403636612.113555431 4.552774054 -1.740488469 0.552681535 0.453655107 0.622880727 0.495829669 -0.400461713
1403636612.163555622 4.552560963 -1.740456384 0.552637570 0.453922215 0.622622709 0.495915502 -0.400453991
1403636612.213555574 4.552726112 -1.740385149 0.552527111 0.453668953 0.622862457 0.495971634 -0.400298612
1403636612.263555527 4.552836458 -1.739401594 0.552287543 0.455711126 0.621593320 0.497160712 -0.398472511
1403636612.313555479 4.552793695 -1.740376832 0.552573880 0.453627651 0.622850887 0.495802375 -0.400573003
1403636612.363555670 4.552851150 -1.739651692 0.552175329 0.455249488 0.621779456 0.497177608 -0.398688648
1403636612.413555384 4.552881384 -1.740302521 0.552446057 0.453948364 0.622640421 0.496028798 -0.400256444
1403636612.463555574 4.552930124 -1.739780401 0.552232874 0.455198509 0.621834237 0.496975320 -0.398913562
1403636612.513555527 4.552799226 -1.740346498 0.552417468 0.454095669 0.622580287 0.496118577 -0.400071577
1403636612.563555479 4.552822448 -1.739882702 0.552300839 0.455043165 0.621998810 0.496739024 -0.399128477
1403636612.613555431 4.552892071 -1.740075879 0.552468982 0.454400758 0.622465282 0.496203488 -0.399798726
1403636612.663555622 4.552900995 -1.739793222 0.552404243 0.454918557 0.622099215 0.496705128 -0.399156223
1403636612.713555574 4.552875622 -1.740062362 0.552573301 0.454346694 0.622450700 0.496260243 -0.399812429
1403636612.763555527 4.553007154 -1.739753105 0.552468037 0.454855148 0.622196577 0.496653795 -0.399140605
1403636612.813555479 4.552911461 -1.740036019 0.552587783 0.454529156 0.622420581 0.496331253 -0.399563705
1403636612.863555670 4.552841707 -1.739959720 0.552460928 0.454645835 0.622308845 0.496470736 -0.399431688
1403636612.913555384 4.552843440 -1.739879077 0.552454705 0.454677781 0.622353452 0.496449818 -0.399351819
1403636612.963555574 4.552794029 -1.739904085 0.552511168 0.454556582 0.622439940 0.496305338 -0.399534537
1403636613.013555527 4.552686675 -1.739796393 0.552533724 0.454802263 0.622334551 0.496358043 -0.399353604
1403636613.063555479 4.552591360 -1.739964365 0.552694071 0.454434627 0.622546745 0.496101139 -0.399760404
1403636613.113555431 4.552516609 -1.739750022 0.552514596 0.454812284 0.622295642 0.496505697 -0.399219254
1403636613.163555622 4.552333628 -1.739985839 0.552651094 0.454479677 0.622568504 0.495999560 -0.399801347
1403636613.213555574 4.552396467 -1.739787184 0.552557816 0.454887942 0.622333258 0.496360076 -0.399255496
1403636613.263555527 4.552460125 -1.739940051 0.552656476 0.454490476 0.622570049 0.496052044 -0.399721542
1403636613.313555479 4.552373543 -1.739803590 0.552704002 0.454876989 0.622327047 0.496216944 -0.399455525
1403636613.363555670 4.552321784 -1.740007135 0.552728375 0.454446594 0.622597919 0.495991218 -0.399803496
1403636613.413555384 4.552322383 -1.739845202 0.552662510 0.454825532 0.622378237 0.496262056 -0.399378313
1403636613.463555574 4.552342634 -1.739989184 0.552748783 0.454527655 0.622588874 0.495951720 -0.399774432
1403636613.513555527 4.552407897 -1.739830434 0.552742264 0.454790556 0.622412095 0.496172784 -0.399476286
1403636613.563555479 4.552513184 -1.739930137 0.552713656 0.454524573 0.622578394 0.495972484 -0.399768499
1403636613.613555431 4.552590972 -1.739811659 0.552657889 0.454784583 0.622420318 0.496140840 -0.399509948
1403636613.663555622 4.552578284 -1.739971409 0.552700669 0.454506117 0.622595842 0.495951618 -0.399788193
1403636613.713555574 4.552580677 -1.739901360 0.552725277 0.454697838 0.622488282 0.496014770 -0.399659308
1403636613.763555527 4.552573769 -1.739895755 0.552758422 0.454639120 0.622541162 0.495942510 -0.399733410
1403636613.813555479 4.552524140 -1.739884478 0.552757033 0.454640502 0.622542359 0.495972858 -0.399692318
1403636613.863555670 4.552497456 -1.739905664 0.552764971 0.454562412 0.622576384 0.495995308 -0.399700281
1403636613.913555384 4.552479790 -1.739885151 0.552802203 0.454563942 0.622571116 0.496012974 -0.399684823
1403636613.963555574 4.552412964 -1.739904762 0.552726765 0.454535569 0.622586099 0.496005464 -0.399703072
1403636614.013555527 4.552365542 -1.739894161 0.552721857 0.454500274 0.622597982 0.495966995 -0.399772428
1403636614.063555479 4.552336459 -1.739829050 0.552784987 0.454568066 0.622574861 0.495948667 -0.399754093
1403636614.113555431 4.552282466 -1.739849482 0.552722695 0.454544668 0.622571836 0.495932320 -0.399805687
1403636614.163555622 4.552274500 -1.739877368 0.552705324 0.454589474 0.622536347 0.495974866 -0.399757225
1403636614.213555574 4.552309626 -1.739915110 0.552707392 0.454518679 0.622580707 0.495954624 -0.399793753
1403636614.263555527 4.552380973 -1.739866932 0.552740009 0.454606747 0.622550039 0.495989511 -0.399698085
1403636614.313555479 4.552376089 -1.739944504 0.552796168 0.454525963 0.622597525 0.495880991 -0.399850614
1403636614.363555670 4.552259873 -1.739888646 0.552784578 0.454663899 0.622519017 0.495952632 -0.399727155
1403636614.413555384 4.552214085 -1.739971351 0.552804476 0.454444689 0.622660566 0.495854243 -0.399877999
1403636614.463555574 4.552195507 -1.739846323 0.552789454 0.454657693 0.622514289 0.495979545 -0.399708186
1403636614.513555527 4.552168437 -1.739902645 0.552802577 0.454508478 0.622590645 0.495838720 -0.399933614
1403636614.563555479 4.552226980 -1.739793120 0.552828675 0.454551276 0.622572179 0.495955892 -0.399768399
1403636614.613555431 4.552218841 -1.739839850 0.552784815 0.454435799 0.622657289 0.495862289 -0.399883228
1403636614.663555622 4.552177689 -1.739814041 0.552733400 0.454543266 0.622590318 0.495950381 -0.399756095
1403636614.713555574 4.552124234 -1.739902527 0.552761960 0.454443938 0.622659145 0.495852751 -0.399882916
1403636614.763555527 4.552173367 -1.739884074 0.552768012 0.454503528 0.622612988 0.495943696 -0.399774262
1403636614.813555479 4.552205848 -1.739843431 0.552887132 0.454451693 0.622669511 0.495881179 -0.399822706
1403636614.863555670 4.552253360 -1.739856211 0.552795336 0.454470568 0.622632979 0.495951529 -0.399770880
1403636614.913555384 4.552255706 -1.739844946 0.552778739 0.454473556 0.622667203 0.495881745 -0.399800745
1403636614.963555574 4.552268395 -1.739814189 0.552772452 0.454563821 0.622631326 0.495880594 -0.399755427
1403636615.013555527 4.552232488 -1.739847395 0.552797215 0.454525909 0.622653940 0.495811442 -0.399849075
1403636615.063555479 4.552243713 -1.739831484 0.552802422 0.454482925 0.622679752 0.495832689 -0.399831391
1403636615.113555431 4.552277680 -1.739847766 0.552693353 0.454511701 0.622638239 0.495903630 -0.399775345
1403636615.163555622 4.552294212 -1.739862289 0.552699197 0.454476601 0.622640241 0.495901179 -0.399815170
1403636615.213555574 4.552270515 -1.739852559 0.552719838 0.454540083 0.622602448 0.495926946 -0.399769896
1403636615.263555527 4.552207364 -1.739870077 0.552757280 0.454525373 0.622606073 0.495882717 -0.399835835
1403636615.313555479 4.552173260 -1.739861189 0.552735006 0.454526861 0.622617809 0.495943062 -0.399741011
1403636615.363555670 4.552139696 -1.739878911 0.552758149 0.454524448 0.622638322 0.495874690 -0.399796621
1403636615.413555384 4.552189655 -1.739846721 0.552766891 0.454577259 0.622611246 0.495892861 -0.399756204
1403636615.463555574 4.552224132 -1.739811068 0.552778721 0.454541133 0.622627902 0.495878362 -0.399789326
1403636615.513555527 4.552230186 -1.739762026 0.552821229 0.454558537 0.622637796 0.495859888 -0.399777042
1403636615.563555479 4.552176882 -1.739795187 0.552742556 0.454551414 0.622658623 0.495842632 -0.399774105
1403636615.613555431 4.552170848 -1.739794530 0.552736785 0.454573733 0.622647748 0.495885095 -0.399712992
1403636615.663555622 4.552182610 -1.739856613 0.552750211 0.454532907 0.622679690 0.495840144 -0.399765420
1403636615.713555574 4.552246284 -1.739899053 0.552698305 0.454523417 0.622677812 0.495903411 -0.399700655
1403636615.763555527 4.552295295 -1.739933679 0.552672532 0.454509761 0.622689809 0.495843423 -0.399771908
1403636615.813555479 4.552311950 -1.739847633 0.552754631 0.454578320 0.622678240 0.495806963 -0.399757198
1403636615.863555670 4.552296277 -1.739875688 0.552736761 0.454512507 0.622732570 0.495782727 -0.399777458
1403636615.913555384 4.552251930 -1.739862511 0.552747212 0.454582706 0.622696673 0.495832222 -0.399692162
1403636615.963555574 4.552219365 -1.739918308 0.552763603 0.454543019 0.622714194 0.495811364 -0.399735874
1403636616.013555527 4.552202326 -1.739931862 0.552761038 0.454552338 0.622732379 0.495808972 -0.399699912
1403636616.063555479 4.552213299 -1.739927218 0.552783291 0.454514261 0.622754292 0.495791249 -0.399731054
1403636616.113555431 4.552165619 -1.739895095 0.552818564 0.454576755 0.622750138 0.495731990 -0.399739957
1403636616.163555622 4.552100504 -1.739894998 0.552805572 0.454537657 0.622771912 0.495728740 -0.399754525
1403636616.213555574 4.552074546 -1.739859300 0.552791693 0.454573840 0.622766726 0.495737898 -0.399710101
1403636616.263555527 4.552068417 -1.739807561 0.552779829 0.454586183 0.622769874 0.495729753 -0.399701261
1403636616.313555479 4.552077524 -1.739735026 0.552847099 0.454585581 0.622771825 0.495715792 -0.399716221
1403636616.363555670 4.552083866 -1.739739069 0.552770928 0.454580538 0.622778822 0.495688307 -0.399745139
1403636616.413555384 4.552115343 -1.739705470 0.552726372 0.454568451 0.622776222 0.495704431 -0.399742939
1403636616.463555574 4.552120579 -1.739703755 0.552692709 0.454568266 0.622784195 0.495686744 -0.399752662
1403636616.513555527 4.552114661 -1.739706171 0.552683454 0.454610191 0.622790971 0.495638970 -0.399753664
1403636616.563555479 4.552119337 -1.739711640 0.552763226 0.454591125 0.622838442 0.495629443 -0.399713197
1403636616.613555431 4.552152258 -1.739755401 0.552719601 0.454582078 0.622823401 0.495673072 -0.399692821
1403636616.663555622 4.552182650 -1.739764177 0.552732710 0.454579877 0.622823061 0.495656740 -0.399716108
1403636616.713555574 4.552214635 -1.739777223 0.552740728 0.454553883 0.622835173 0.495663574 -0.399718321
1403636616.763555527 4.552226514 -1.739792500 0.552787938 0.454534057 0.622855532 0.495641409 -0.399736627
1403636616.813555479 4.552255686 -1.739835683 0.552862905 0.454492467 0.622870593 0.495644044 -0.399757180
1403636616.863555670 4.552283782 -1.739901767 0.552807941 0.454509375 0.622850969 0.495661186 -0.399747280
1403636616.913555384 4.552331557 -1.739922178 0.552826760 0.454519927 0.622878685 0.495620752 -0.399742229
1403636616.963555574 4.552394679 -1.739926177 0.552831839 0.454509720 0.622887983 0.495601555 -0.399763146
1403636617.013555527 4.552422234 -1.739944277 0.552820798 0.454519788 0.622868347 0.495631673 -0.399744955
1403636617.063555479 4.552417481 -1.739955760 0.552805096 0.454560445 0.622863651 0.495599352 -0.399746115
1403636617.113555431 4.552417906 -1.739948986 0.552771358 0.454551256 0.622873493 0.495625701 -0.399708559
1403636617.163555622 4.552398356 -1.739945636 0.552739670 0.454533812 0.622875622 0.495639444 -0.399708036
1403636617.213555574 4.552377323 -1.739920174 0.552780704 0.454525240 0.622879194 0.495609781 -0.399748997
1403636617.263555527 4.552341531 -1.739889796 0.552703781 0.454558505 0.622873980 0.495616016 -0.399711565
1403636617.313555479 4.552317594 -1.739857054 0.552693382 0.454551096 0.622886435 0.495607441 -0.399711214
1403636617.363555670 4.552290279 -1.739808182 0.552656065 0.454544520 0.622895367 0.495605283 -0.399707448
1403636617.413555384 4.552256344 -1.739749456 0.552738343 0.454502069 0.622937145 0.495599845 -0.399697355
1403636617.463555574 4.552230971 -1.739754896 0.552662404 0.454512162 0.622914171 0.495624977 -0.399690521
1403636617.513555527 4.552225548 -1.739740205 0.552669558 0.454508786 0.622923953 0.495610542 -0.399697014
1403636617.563555479 4.552220661 -1.739728886 0.552761188 0.454462724 0.622966488 0.495600098 -0.399696047
1403636617.613555431 4.552245143 -1.739775426 0.552721297 0.454486169 0.622935353 0.495634124 -0.399675724
1403636617.663555622 4.552241371 -1.739822483 0.552757668 0.454463305 0.622956603 0.495595508 -0.399716484
1403636617.713555574 4.552242463 -1.739850396 0.552761901 0.454497408 0.622922755 0.495601986 -0.399722426
1403636617.763555527 4.552276037 -1.739906959 0.552770279 0.454466891 0.622958775 0.495545477 -0.399771046
1403636617.813555479 4.552320915 -1.739907438 0.552761568 0.454486353 0.622962400 0.495571277 -0.399711287
1403636617.863555670 4.552345469 -1.739920522 0.552744454 0.454500698 0.622989406 0.495533144 -0.399700162
1403636617.913555384 4.552405618 -1.739926082 0.552724842 0.454490822 0.623004613 0.495544804 -0.399673232
1403636617.963555574 4.552455712 -1.739927824 0.552697621 0.454478511 0.623030396 0.495515391 -0.399683507
1403636618.013555527 4.552464840 -1.739921877 0.552740630 0.454489072 0.623041798 0.495505685 -0.399665757
1403636618.063555479 4.552441468 -1.739997301 0.552677841 0.454498469 0.623065901 0.495471734 -0.399659588
1403636618.113555431 4.552452120 -1.739982657 0.552673739 0.454528138 0.623039118 0.495492981 -0.399641259
1403636618.163555622 4.552429239 -1.739974817 0.552699300 0.454537117 0.623048892 0.495458343 -0.399658752
1403636618.213555574 4.552397850 -1.739952119 0.552684391 0.454532511 0.623031014 0.495536723 -0.399594678
1403636618.263555527 4.552337969 -1.739945087 0.552689918 0.454530438 0.623041960 0.495500299 -0.399625138
1403636618.313555479 4.552273801 -1.739896732 0.552752466 0.454493602 0.623077637 0.495508798 -0.399600870
1403636618.363555670 4.552228336 -1.739906723 0.552707683 0.454525027 0.623069962 0.495457318 -0.399640925
1403636618.413555384 4.552225375 -1.739822141 0.552787226 0.454533188 0.623076020 0.495449308 -0.399632128
1403636618.463555574 4.552245539 -1.739775253 0.552798852 0.454562244 0.623052135 0.495447422 -0.399638657
1403636618.513555527 4.552318510 -1.739781452 0.552872198 0.454413068 0.622855214 0.495689652 -0.399814851
1403636618.563555479 4.552327574 -1.739751011 0.552916060 0.454482409 0.622884024 0.495610275 -0.399789554
1403636618.613555431 4.552315532 -1.739760232 0.552873572 0.454450111 0.622931474 0.495579021 -0.399791081
1403636618.663555622 4.552301922 -1.739777220 0.552822036 0.454502050 0.622990680 0.495509794 -0.399725586
1403636618.713555574 4.552272459 -1.739694853 0.552775242 0.454577847 0.623246065 0.495257794 -0.399553552
1403636618.763555527 4.552299565 -1.739746405 0.552785561 0.454525343 0.623122982 0.495342135 -0.399700677
1403636618.813555479 4.552295745 -1.739797803 0.552698662 0.454449146 0.623170805 0.495337085 -0.399719018
1403636618.863555670 4.552335327 -1.739842754 0.552681702 0.454497684 0.623090102 0.495347820 -0.399776334
1403636618.913555384 4.552349715 -1.739973147 0.552728480 0.454281968 0.623027203 0.495459998 -0.399980484
1403636618.963555574 4.552364370 -1.739876408 0.552768918 0.454362391 0.622986521 0.495484238 -0.399922470
1403636619.013555527 4.552389512 -1.739882517 0.552782425 0.454262519 0.623063961 0.495413102 -0.400003405
1403636619.063555479 4.552449661 -1.739852507 0.552787405 0.454265331 0.623099522 0.495471028 -0.399873048
1403636619.113555431 4.552418667 -1.739915236 0.552749150 0.454293096 0.623205193 0.495286806 -0.399905050
1403636619.163555622 4.552404405 -1.739940711 0.552692817 0.454408592 0.623273051 0.495259162 -0.399702262
1403636619.213555574 4.552367646 -1.739931087 0.552677250 0.454443016 0.623368942 0.495111071 -0.399697054
1403636619.263555527 4.552335351 -1.739895464 0.552664525 0.454515143 0.623377505 0.495084252 -0.399634901
1403636619.313555479 4.552289402 -1.739938578 0.552696943 0.454499285 0.623315630 0.495192926 -0.399614803
1403636619.363555670 4.552240687 -1.740132176 0.552793310 0.454310001 0.623144083 0.495389291 -0.399854130
1403636619.413555384 4.552158505 -1.740167006 0.552879320 0.454392418 0.623103856 0.495366081 -0.399851924
1403636619.463555574 4.552130719 -1.740076193 0.552945692 0.454360162 0.623221733 0.495271334 -0.399822236
1403636619.513555527 4.552056791 -1.739956963 0.552935046 0.454408067 0.623303831 0.495213348 -0.399711626
1403636619.563555479 4.552098561 -1.739855580 0.552913712 0.454406375 0.623442359 0.495101445 -0.399636122
1403636619.613555431 4.552159030 -1.739761681 0.552884515 0.454520290 0.623316448 0.495175034 -0.399611809
1403636619.663555622 4.552209501 -1.739764731 0.552925961 0.454486992 0.623320769 0.495124257 -0.399705847
1403636619.713555574 4.552304817 -1.739764640 0.552859905 0.454564607 0.623351467 0.495125254 -0.399568454
1403636619.763555527 4.552320637 -1.739807479 0.552850669 0.454515283 0.623395744 0.495032465 -0.399670442
1403636619.813555479 4.552290119 -1.739796371 0.552824476 0.454559307 0.623370308 0.495063844 -0.399621178
1403636619.863555670 4.552236067 -1.739827177 0.552814667 0.454493905 0.623419891 0.494969281 -0.399735339
1403636619.913555384 4.552185779 -1.739799287 0.552834943 0.454561420 0.623390698 0.494953335 -0.399723840
1403636619.963555574 4.552185416 -1.739815082 0.552856642 0.454481243 0.623371536 0.495005137 -0.399780743
1403636620.013555527 4.552139762 -1.739829313 0.552826941 0.454459118 0.623400894 0.495004149 -0.399761339
1403636620.063555479 4.552132138 -1.739816253 0.552797676 0.454506558 0.623405848 0.494987943 -0.399719744
1403636620.113555431 4.552082565 -1.739827763 0.552749848 0.454585491 0.623326228 0.495004294 -0.399733904
1403636620.163555622 4.552095758 -1.739804218 0.552702558 0.454571149 0.623304682 0.495048194 -0.399729445
1403636620.213555574 4.552119750 -1.739779800 0.552714551 0.454566690 0.623305332 0.495040206 -0.399743394
1403636620.263555527 4.552141944 -1.739776387 0.552729247 0.454511722 0.623347741 0.495049860 -0.399727812
1403636620.313555479 4.552132246 -1.739774906 0.552771276 0.454580566 0.623367407 0.494956405 -0.399734590
1403636620.363555670 4.552078872 -1.739745387 0.552807042 0.454595493 0.623346665 0.494995572 -0.399701459
1403636620.413555384 4.552039329 -1.739771518 0.552803108 0.454552975 0.623324476 0.495022667 -0.399750860
1403636620.463555574 4.552009137 -1.739742290 0.552847940 0.454606506 0.623320762 0.495010284 -0.399711110
1403636620.513555527 4.552014677 -1.739834577 0.552824489 0.454546944 0.623372617 0.494942794 -0.399781549
1403636620.563555479 4.552080196 -1.739875713 0.552812069 0.454561869 0.623384125 0.494949376 -0.399738484
1403636620.613555431 4.552112495 -1.739931950 0.552769539 0.454496318 0.623419311 0.494944088 -0.399764693
1403636620.663555622 4.552162769 -1.739924386 0.552718378 0.454541824 0.623385655 0.494995841 -0.399701353
1403636620.713555574 4.552162239 -1.739954120 0.552723492 0.454540247 0.623381625 0.494956743 -0.399757847
1403636620.763555527 4.552167781 -1.739939729 0.552733580 0.454504569 0.623406318 0.494978219 -0.399733314
1403636620.813555479 4.552150072 -1.739866853 0.552802154 0.454433736 0.623414836 0.494966436 -0.399815144
1403636620.863555670 4.552220546 -1.739805037 0.552799781 0.454452981 0.623400827 0.494969107 -0.399811806
1403636620.913555384 4.552262499 -1.739754215 0.552846823 0.454429057 0.623423809 0.494926606 -0.399855776
1403636620.963555574 4.552270257 -1.739680568 0.552878366 0.454409030 0.623467130 0.494927301 -0.399810128
1403636621.013555527 4.552292555 -1.739614403 0.552877637 0.454359935 0.623502262 0.494955390 -0.399776363
1403636621.063555479 4.552284675 -1.739392932 0.552863267 0.454741817 0.623308514 0.495124432 -0.399434817
1403636621.113555431 4.552349748 -1.739687441 0.552955155 0.454339028 0.623469834 0.494928239 -0.399884299
1403636621.163555622 4.552334566 -1.739661990 0.552877608 0.454637952 0.623243806 0.495193341 -0.399568576
1403636621.213555574 4.552251087 -1.739848949 0.552909539 0.454438808 0.623381875 0.494969393 -0.399857108
1403636621.263555527 4.552183449 -1.739798626 0.552832584 0.454635790 0.623273248 0.495169211 -0.399555014
1403636621.313555479 4.552024104 -1.739920895 0.552868142 0.454421120 0.623407067 0.495000301 -0.399799670
1403636621.363555670 4.551918284 -1.739839081 0.552844482 0.454602397 0.623286432 0.495123464 -0.399629128
1403636621.413555384 4.551889401 -1.739970558 0.552823860 0.454347212 0.623454746 0.494983431 -0.399830206
1403636621.463555574 4.551912539 -1.739913092 0.552786545 0.454553734 0.623320016 0.495093318 -0.399669447
1403636621.513555527 4.551971192 -1.739969270 0.552802009 0.454401631 0.623410434 0.495024042 -0.399787175
1403636621.563555479 4.552064750 -1.739814179 0.552754744 0.454498973 0.623360580 0.495118612 -0.399637124
1403636621.613555431 4.552091158 -1.739910608 0.552810754 0.454368090 0.623461013 0.495014935 -0.399757700
1403636621.663555622 4.552091403 -1.739834908 0.552871807 0.454517275 0.623373539 0.495100416 -0.399618637
1403636621.713555574 4.552075454 -1.739865796 0.552935819 0.454363907 0.623445710 0.495037980 -0.399757783
1403636621.763555527 4.552056777 -1.739814738 0.552948150 0.454415073 0.623403206 0.495103662 -0.399684561
1403636621.813555479 4.552088600 -1.739779012 0.552977462 0.454363843 0.623440169 0.495066823 -0.399730779
1403636621.863555670 4.552073576 -1.739811476 0.552920827 0.454381287 0.623440168 0.495101840 -0.399667577
1403636621.913555384 4.552041659 -1.739804635 0.552881429 0.454371229 0.623473826 0.495073447 -0.399661679
1403636621.963555574 4.552024037 -1.739768604 0.552875833 0.454356176 0.623476585 0.495018226 -0.399742879
1403636622.013555527 4.552028767 -1.739699323 0.552836168 0.454416049 0.623468526 0.495082676 -0.399607552
1403636622.063555479 4.552042257 -1.739758757 0.552838267 0.454383887 0.623485218 0.495002907 -0.399716885
1403636622.113555431 4.552056398 -1.739734409 0.552783357 0.454375705 0.623508868 0.495052478 -0.399627895
1403636622.163555622 4.552025287 -1.739772212 0.552751320 0.454327745 0.623510954 0.495067548 -0.399660498
1403636622.213555574 4.552017256 -1.739764133 0.552721756 0.454281408 0.623532490 0.495050785 -0.399700333
1403636622.263555527 4.552072734 -1.739747885 0.552702995 0.454284424 0.623513677 0.495103542 -0.399660905
1403636622.313555479 4.552098690 -1.739645226 0.552749034 0.454282525 0.623567791 0.495054735 -0.399639096
1403636622.363555670 4.552258239 -1.739639339 0.552760819 0.454284765 0.623560723 0.495111195 -0.399577629
1403636622.413555384 4.552338323 -1.739700648 0.552811050 0.454228757 0.623601799 0.495077384 -0.399619089
1403636622.463555574 4.552302359 -1.739718152 0.552783544 0.454228439 0.623600486 0.495093324 -0.399601752
1403636622.513555527 4.552245945 -1.739716605 0.552735759 0.454231642 0.623612212 0.495059308 -0.399621954
1403636622.563555479 4.552198538 -1.739708926 0.552717740 0.454212225 0.623647451 0.495042776 -0.399609511
1403636622.613555431 4.552159058 -1.739805657 0.552705930 0.454261570 0.623619561 0.495044066 -0.399595347
1403636622.663555622 4.552109183 -1.739888596 0.552722161 0.454230237 0.623601353 0.495021669 -0.399687116
1403636622.713555574 4.552086056 -1.739981035 0.552726444 0.454218274 0.623650552 0.494941519 -0.399723206
1403636622.763555527 4.552139537 -1.740037072 0.552722356 0.454258481 0.623614477 0.494963182 -0.399706973
1403636622.813555479 4.552234347 -1.740115515 0.552766492 0.454219402 0.623703476 0.494884346 -0.399710136
1403636622.863555670 4.552299442 -1.740028269 0.552869800 0.454327568 0.623716198 0.494743084 -0.399742225
1403636622.913555384 4.552294322 -1.739830261 0.552974166 0.454413619 0.623729917 0.494610122 -0.399787545
1403636622.963555574 4.552262067 -1.739755623 0.553100460 0.454309791 0.623852016 0.494480170 -0.399875777
1403636623.013555527 4.552194867 -1.739598454 0.553165818 0.454531827 0.623743663 0.494462673 -0.399814115
1403636623.063555479 4.552110262 -1.739454992 0.553187624 0.454453766 0.623808374 0.494434892 -0.399836248
1403636623.113555431 4.552022921 -1.739432698 0.553199678 0.454418778 0.623864973 0.494410347 -0.399818057
1403636623.163555622 4.551891619 -1.739410251 0.553160687 0.454466734 0.623850772 0.494401371 -0.399796806
1403636623.213555574 4.551756911 -1.739380797 0.553154230 0.454369959 0.623916332 0.494464424 -0.399726512
1403636623.263555527 4.551494609 -1.739395484 0.553154531 0.454295150 0.623971091 0.494411484 -0.399791545
1403636623.313555479 4.551116473 -1.739222716 0.553209703 0.454442762 0.623917382 0.494403519 -0.399717446
1403636623.363555670 4.551037008 -1.739423897 0.553222404 0.454250855 0.624063234 0.494283711 -0.399856041
1403636623.413555384 4.550967133 -1.739400353 0.553161068 0.454358626 0.623978703 0.494361877 -0.399768874
1403636623.463555574 4.551150793 -1.739768891 0.553259155 0.454360144 0.624008436 0.494249577 -0.399859584
1403636623.513555527 4.551919520 -1.739857715 0.553171919 0.454342644 0.624053220 0.494257729 -0.399799498
1403636623.563555479 4.552769189 -1.739904162 0.553023860 0.454224752 0.624152273 0.494238322 -0.399802819
1403636623.613555431 4.553352755 -1.739925742 0.552942771 0.454223309 0.624262734 0.494162112 -0.399726196
1403636623.663555622 4.553187261 -1.739946716 0.553019084 0.454111894 0.624304463 0.494246175 -0.399683680
1403636623.713555574 4.552862082 -1.739834359 0.553128150 0.454267543 0.624334512 0.494100316 -0.399640206
1403636623.763555527 4.552554499 -1.739749851 0.553182442 0.454341695 0.624420835 0.493907551 -0.399659325
1403636623.813555479 4.552231130 -1.739602930 0.553105357 0.454190384 0.624749507 0.493908871 -0.399315884
1403636623.863555670 4.551859069 -1.739398640 0.553099759 0.454371828 0.624811129 0.493583126 -0.399415814
1403636623.913555384 4.551629860 -1.739323363 0.552962078 0.454413688 0.624870792 0.493649374 -0.399192922
1403636623.963555574 4.551608676 -1.739392308 0.552925197 0.454341790 0.625114361 0.493357975 -0.399253655
1403636624.013555527 4.551817785 -1.739342941 0.552871737 0.454491905 0.624931021 0.493535009 -0.399151001
1403636624.063555479 4.551698465 -1.739179767 0.553066628 0.454475941 0.625118418 0.493320873 -0.399140449
1403636624.113555431 4.551715300 -1.739255221 0.552886526 0.454513461 0.625604420 0.493218346 -0.398462404
1403636624.163555622 4.552274879 -1.739346959 0.552877011 0.454430272 0.625931752 0.492839735 -0.398511687
1403636624.213555574 4.552814716 -1.739381568 0.552745571 0.454387293 0.625978218 0.492985784 -0.398307010
1403636624.263555527 4.553101630 -1.739278118 0.553086485 0.454138743 0.626137260 0.493061203 -0.398247139
1403636624.313555479 4.552861957 -1.738659507 0.553076531 0.453327716 0.627447387 0.493985349 -0.395957363
1403636624.363555670 4.553490922 -1.737798970 0.552734126 0.451217960 0.629912061 0.495524282 -0.392516030
1403636624.413555384 4.555296545 -1.736321899 0.552725196 0.449915199 0.632039809 0.496430636 -0.389433714
1403636624.463555574 4.557967859 -1.734587608 0.552588049 0.447335033 0.635010315 0.497252040 -0.386514782
1403636624.513555527 4.561359530 -1.732536447 0.552467670 0.445283474 0.637855232 0.498213496 -0.382944699
1403636624.563555479 4.565063001 -1.730241481 0.552620279 0.444047378 0.640044505 0.498722608 -0.380053573
1403636624.613555431 4.569156735 -1.727214398 0.552528776 0.444826434 0.640100886 0.499513091 -0.378003930
1403636624.663555622 4.573111155 -1.723292818 0.552198390 0.447629913 0.638773139 0.499502607 -0.376952893
1403636624.713555574 4.577927368 -1.718701962 0.550525161 0.450192432 0.637122732 0.501495216 -0.374037361
1403636624.763555527 4.583604876 -1.713681377 0.549751867 0.453215377 0.635055778 0.501814998 -0.373472475
1403636624.813555479 4.590847011 -1.707973760 0.548563598 0.454665510 0.633844390 0.506893482 -0.366850871
1403636624.863555670 4.598907778 -1.702266667 0.549199158 0.455464737 0.632892095 0.511736349 -0.360728955
1403636624.913555384 4.607842689 -1.696352719 0.551501053 0.455057046 0.632819566 0.518311122 -0.351875068
1403636624.963555574 4.617353951 -1.691011694 0.556357426 0.454577933 0.632635570 0.524480313 -0.343586292
1403636625.013555527 4.626716339 -1.686438215 0.563853406 0.452938976 0.633277110 0.529116311 -0.337405269
1403636625.063555479 4.635511434 -1.682812895 0.573429772 0.450320848 0.634700191 0.533015400 -0.332056298
1403636625.113555431 4.643162340 -1.680625404 0.585215751 0.446852979 0.636533293 0.535436341 -0.329326139
1403636625.163555622 4.649250462 -1.679557673 0.599003787 0.442809319 0.639327344 0.534342289 -0.331147659
1403636625.213555574 4.653774763 -1.678912954 0.614014619 0.441570342 0.639993187 0.532242816 -0.334876005
1403636625.263555527 4.656978673 -1.678468959 0.629146935 0.442272714 0.639504271 0.529376954 -0.339395307
1403636625.313555479 4.658648730 -1.678147254 0.641131524 0.443197041 0.638595433 0.527106066 -0.343411489
1403636625.363555670 4.659847695 -1.678051440 0.647768178 0.443572877 0.637725716 0.526004649 -0.346219763
1403636625.413555384 4.660688179 -1.677749057 0.648917193 0.442291139 0.638169831 0.526679163 -0.346015714
1403636625.463555574 4.660929918 -1.677402253 0.646501973 0.440099051 0.639115078 0.528340410 -0.344530337
1403636625.513555527 4.659666088 -1.676979312 0.642183027 0.438707909 0.639769350 0.528980550 -0.344107726
1403636625.563555479 4.657351074 -1.676871358 0.637964647 0.437889872 0.639761715 0.530004134 -0.343588454
1403636625.613555431 4.653744392 -1.676741075 0.636276788 0.438101915 0.639055128 0.530901360 -0.343247726
1403636625.663555622 4.649086474 -1.676817886 0.638491897 0.439237254 0.637888249 0.530951740 -0.343888741
1403636625.713555574 4.642662575 -1.677208007 0.645730990 0.440662967 0.636350900 0.529985160 -0.346394880
1403636625.763555527 4.635274959 -1.677660134 0.656643518 0.444033917 0.633740010 0.528506866 -0.349124580
1403636625.813555479 4.627103783 -1.678372724 0.671913645 0.446920160 0.631455030 0.526568643 -0.352494510
1403636625.863555670 4.618175966 -1.679338169 0.691361798 0.449925299 0.629040655 0.523999550 -0.356790626
1403636625.913555384 4.609445134 -1.680737589 0.713642777 0.451494591 0.627724963 0.522206149 -0.359742608
1403636625.963555574 4.600769268 -1.682181563 0.737867469 0.452809799 0.626584949 0.520914840 -0.361942422
1403636626.013555527 4.592314323 -1.683720011 0.762332516 0.453780286 0.625656996 0.519794153 -0.363937926
1403636626.063555479 4.585165604 -1.685804394 0.786484455 0.452307388 0.626442949 0.517585764 -0.367548957
1403636626.113555431 4.578081970 -1.687832957 0.809958375 0.449944713 0.627845121 0.515189814 -0.371402361
1403636626.163555622 4.571309848 -1.689464624 0.832520748 0.447757633 0.629247027 0.512637026 -0.375186036
1403636626.213555574 4.564934393 -1.690443090 0.852949743 0.445673736 0.630512015 0.510506632 -0.378434272
1403636626.263555527 4.559304494 -1.690518172 0.870222894 0.444455905 0.631260357 0.509213058 -0.380356899
1403636626.313555479 4.553950132 -1.689774041 0.883729022 0.443899733 0.631401406 0.508842789 -0.381266716
1403636626.363555670 4.549339325 -1.688192320 0.893321922 0.444097028 0.631253303 0.508878875 -0.381234033
1403636626.413555384 4.545286115 -1.685716446 0.899367226 0.445359748 0.630183216 0.509578257 -0.380596649
1403636626.463555574 4.541506265 -1.682310117 0.903054700 0.447431871 0.628508134 0.510816192 -0.379274392
1403636626.513555527 4.538266789 -1.678190478 0.905929372 0.451274603 0.625466339 0.511441174 -0.378907663
1403636626.563555479 4.535876155 -1.673541266 0.907834379 0.455450228 0.622056068 0.512215278 -0.378479653
1403636626.613555431 4.534468961 -1.668646232 0.908799366 0.459125912 0.618757928 0.513054835 -0.378307757
1403636626.663555622 4.534222073 -1.663686876 0.908749433 0.462073531 0.615954297 0.513966701 -0.378056326
1403636626.713555574 4.535312831 -1.658998617 0.907320463 0.462070001 0.615268536 0.515201305 -0.377496435
1403636626.763555527 4.537638728 -1.654602969 0.904651528 0.460365462 0.615589829 0.517035328 -0.376546509
1403636626.813555479 4.540761384 -1.650383832 0.901128655 0.458326898 0.616366940 0.518773272 -0.375369874
1403636626.863555670 4.544994242 -1.646274473 0.896221330 0.455809888 0.617553276 0.520823175 -0.373642234
1403636626.913555384 4.549742438 -1.642370119 0.890705123 0.453119061 0.619008880 0.522940228 -0.371543592
1403636626.963555574 4.555012183 -1.638537734 0.884290130 0.450487206 0.620710470 0.525257198 -0.368625373
1403636627.013555527 4.560635381 -1.634887743 0.877289220 0.447820235 0.622361835 0.527247715 -0.366241217
1403636627.063555479 4.566176214 -1.631290899 0.870823495 0.445513551 0.624050466 0.528840112 -0.363877490
1403636627.113555431 4.571849175 -1.627881405 0.865873438 0.442345696 0.625989379 0.530907105 -0.361393453
1403636627.163555622 4.576457343 -1.624446731 0.865050178 0.442776181 0.625528018 0.530407747 -0.362396985
1403636627.213555574 4.581273832 -1.621196336 0.866898755 0.444714152 0.624098310 0.529696327 -0.363527748
1403636627.263555527 4.584987900 -1.617827379 0.871803330 0.447348043 0.622213719 0.528272225 -0.365593043
1403636627.313555479 4.589272606 -1.614816229 0.879154353 0.448701839 0.620934695 0.526756350 -0.368285911
1403636627.363555670 4.593113075 -1.611622173 0.888656664 0.449063663 0.620701817 0.525777648 -0.369633529
1403636627.413555384 4.597512331 -1.608613110 0.900287689 0.448704929 0.620802919 0.525288411 -0.370593722
1403636627.463555574 4.602305353 -1.605357968 0.914160475 0.448874691 0.621213183 0.523835936 -0.371754764
1403636627.513555527 4.606687037 -1.601642374 0.927536213 0.448239184 0.623394415 0.522281150 -0.371057189
1403636627.563555479 4.611143133 -1.597295772 0.937628822 0.448465230 0.626106317 0.519918399 -0.369533052
1403636627.613555431 4.616207674 -1.592563541 0.943338423 0.449102629 0.629098362 0.517619973 -0.366894593
1403636627.663555622 4.621797624 -1.587944517 0.944558633 0.448565320 0.632382140 0.516473966 -0.363506017
1403636627.713555574 4.627824855 -1.583122693 0.941780670 0.447426261 0.636831675 0.515439419 -0.358576859
1403636627.763555527 4.633529993 -1.577764839 0.936705332 0.445902738 0.642190194 0.514365695 -0.352406633
1403636627.813555479 4.638378248 -1.572080995 0.930765675 0.444889984 0.647472689 0.512858088 -0.346162679
1403636627.863555670 4.642527102 -1.565830726 0.924286655 0.444248449 0.652969824 0.510780038 -0.339672603
1403636627.913555384 4.645840129 -1.559560504 0.918675300 0.443404391 0.657574600 0.509454979 -0.333832019
1403636627.963555574 4.647916109 -1.553303292 0.915023420 0.443983431 0.660611487 0.507933568 -0.329354925
1403636628.013555527 4.647967593 -1.546675508 0.913677864 0.445256258 0.662817267 0.506035978 -0.326109989
1403636628.063555479 4.645222857 -1.539596583 0.915791207 0.448054695 0.663402259 0.503274392 -0.325360291
1403636628.113555431 4.641677871 -1.532751589 0.921711297 0.453229684 0.662104836 0.499021986 -0.327379133
1403636628.163555622 4.636726596 -1.525875169 0.930093924 0.459349618 0.659780415 0.493624025 -0.331697233
1403636628.213555574 4.631307987 -1.518990863 0.940023210 0.464551009 0.657611730 0.488484485 -0.336336260
1403636628.263555527 4.625857685 -1.512312921 0.951339460 0.467353993 0.656887251 0.483546225 -0.340972775
1403636628.313555479 4.621083704 -1.505680705 0.963744665 0.468201150 0.656945866 0.479368006 -0.345566387
1403636628.363555670 4.616834126 -1.498516135 0.976391429 0.468216958 0.657300260 0.477149991 -0.347932657
1403636628.413555384 4.613146992 -1.490932451 0.988542236 0.467456406 0.658081092 0.475675857 -0.349494297
1403636628.463555574 4.610093418 -1.482898816 0.999345435 0.466735884 0.658484895 0.475020105 -0.350586876
1403636628.513555527 4.607627305 -1.474263185 1.008565122 0.465631370 0.658956866 0.474869622 -0.351371764
1403636628.563555479 4.605828116 -1.465161705 1.016113229 0.464330474 0.659565346 0.474729018 -0.352140774
1403636628.613555431 4.604549635 -1.455449620 1.022057140 0.463013794 0.659755384 0.475012716 -0.353134507
1403636628.663555622 4.603739540 -1.444774160 1.026364511 0.462654147 0.659519548 0.475385334 -0.353544751
1403636628.713555574 4.603217921 -1.432699593 1.028801764 0.463773845 0.659206754 0.476014861 -0.351809791
1403636628.763555527 4.603241563 -1.419514095 1.028973916 0.464620468 0.660270430 0.476948871 -0.347405461
1403636628.813555479 4.603507328 -1.405596448 1.027534788 0.465258347 0.662328551 0.477699664 -0.341553206
1403636628.863555670 4.603026161 -1.390917378 1.024983324 0.465177242 0.665137608 0.478097003 -0.335597009
1403636628.913555384 4.601613200 -1.375795398 1.024027751 0.464564656 0.668262888 0.478049772 -0.330261727
1403636628.963555574 4.601322091 -1.361088204 1.025161965 0.464078356 0.670769156 0.478021246 -0.325876829
1403636629.013555527 4.601349488 -1.346637865 1.028863019 0.463306320 0.673285582 0.477414377 -0.322659715
1403636629.063555479 4.601730403 -1.332283781 1.035073371 0.463412193 0.675265661 0.476092289 -0.320314780
1403636629.113555431 4.601670112 -1.317477547 1.042514179 0.464593216 0.676448693 0.474953825 -0.317787937
1403636629.163555622 4.600511702 -1.302002531 1.049455674 0.465844744 0.678708675 0.471996614 -0.315535110
1403636629.213555574 4.598097880 -1.285857960 1.055267534 0.468388933 0.680866295 0.467859964 -0.313272964
1403636629.263555527 4.595002206 -1.269588265 1.060002222 0.471178761 0.682629324 0.463528347 -0.311687751
1403636629.313555479 4.590562050 -1.253039174 1.063326464 0.473683258 0.684352597 0.458626730 -0.311363480
1403636629.363555670 4.585785119 -1.236485997 1.065473529 0.475706243 0.685827785 0.454007689 -0.311802563
1403636629.413555384 4.580618795 -1.219821659 1.066524526 0.477345410 0.687327287 0.448614910 -0.313794874
1403636629.463555574 4.575362211 -1.202427616 1.066165948 0.479707649 0.689355354 0.441811522 -0.315392368
1403636629.513555527 4.570373224 -1.184441399 1.063910605 0.481519863 0.692399383 0.435014564 -0.315410914
1403636629.563555479 4.565754711 -1.165586292 1.059480236 0.482350758 0.696575284 0.429098747 -0.313041348
1403636629.613555431 4.561543466 -1.145517302 1.052667150 0.483267540 0.701518244 0.424411463 -0.306919448
1403636629.663555622 4.557742187 -1.124587306 1.044134322 0.483054451 0.707569267 0.420128291 -0.299159404
1403636629.713555574 4.553533709 -1.102626562 1.034152511 0.483313416 0.713584931 0.415514383 -0.290779103
1403636629.763555527 4.549334943 -1.079693251 1.023034163 0.484162464 0.719574332 0.410270132 -0.281918266
1403636629.813555479 4.544446293 -1.055606176 1.011060568 0.485790347 0.725299286 0.403730248 -0.273771021
1403636629.863555670 4.538172745 -1.030406823 0.998362619 0.487531820 0.730906727 0.396538108 -0.266168385
1403636629.913555384 4.530966537 -1.004534132 0.986046186 0.489529090 0.735734586 0.389446625 -0.259590476
1403636629.963555574 4.523546713 -0.978496302 0.975358379 0.491979104 0.739391304 0.383331103 -0.253602694
1403636630.013555527 4.516025969 -0.952732543 0.966935054 0.494184907 0.742170267 0.377784126 -0.249486928
1403636630.063555479 4.507851599 -0.926688260 0.960593318 0.497264558 0.743596991 0.372799209 -0.246601346
1403636630.113555431 4.497968788 -0.899504428 0.956552196 0.502246806 0.743166660 0.367772078 -0.245347021
1403636630.163555622 4.487296316 -0.871798088 0.955127486 0.508548128 0.741346493 0.362412837 -0.245847749
1403636630.213555574 4.476373041 -0.843723406 0.955269360 0.514800692 0.739124943 0.357974358 -0.246026269
1403636630.263555527 4.465192313 -0.815421211 0.957510920 0.519933479 0.737142871 0.353985407 -0.246949178
1403636630.313555479 4.454406023 -0.787337401 0.960600917 0.523238826 0.735920653 0.351676588 -0.246911930
1403636630.363555670 4.444173219 -0.759648255 0.964722039 0.523291241 0.736534494 0.351124204 -0.245753961
1403636630.413555384 4.434095851 -0.732018368 0.970145746 0.522768767 0.737273278 0.351240298 -0.244481456
1403636630.463555574 4.424443709 -0.704630809 0.976670561 0.521235329 0.738286916 0.352903222 -0.242292132
1403636630.513555527 4.414291965 -0.677386253 0.985411299 0.520653967 0.738439558 0.354339530 -0.240977100
1403636630.563555479 4.403955188 -0.650247361 0.995160987 0.520384009 0.738078081 0.357006375 -0.238720920
1403636630.613555431 4.393284571 -0.623300150 1.005076100 0.520880046 0.736986753 0.359466493 -0.237314862
1403636630.663555622 4.382251885 -0.596780003 1.013674403 0.520254532 0.736518301 0.362156014 -0.236048799
1403636630.713555574 4.370694902 -0.570585477 1.021064074 0.519754087 0.735996122 0.364142886 -0.235723051
1403636630.763555527 4.358430732 -0.544803831 1.027411644 0.518981705 0.735881699 0.364481239 -0.237254171
1403636630.813555479 4.345656188 -0.519461147 1.032167084 0.517388833 0.736159399 0.365015935 -0.239042889
1403636630.863555670 4.332478937 -0.494369452 1.035536511 0.516291316 0.736335895 0.364960872 -0.240948727
1403636630.913555384 4.319303033 -0.469540970 1.037432808 0.515327259 0.736355067 0.364777333 -0.243221152
1403636630.963555574 4.305927676 -0.444701385 1.037911473 0.514495940 0.736421901 0.364558049 -0.245100267
1403636631.013555527 4.292381201 -0.419470654 1.037261801 0.514170112 0.736429609 0.364387803 -0.246012309
1403636631.063555479 4.278751306 -0.394223732 1.035796899 0.514506507 0.735690420 0.364497442 -0.247354553
1403636631.113555431 4.264928203 -0.368895698 1.033739893 0.515628738 0.734764433 0.364049110 -0.248428014
1403636631.163555622 4.251000782 -0.343729612 1.031077959 0.516575258 0.733909975 0.363846661 -0.249282486
1403636631.213555574 4.236992829 -0.318794476 1.028241690 0.517807405 0.732685958 0.363593020 -0.250692829
1403636631.263555527 4.223282373 -0.293761396 1.025097910 0.518955473 0.731704300 0.363637881 -0.251120539
1403636631.313555479 4.209643666 -0.269026243 1.021498072 0.518656963 0.731644478 0.363731439 -0.251775203
1403636631.363555670 4.196227527 -0.244203789 1.016766860 0.518865292 0.731288631 0.364226168 -0.251664550
1403636631.413555384 4.182562149 -0.219633400 1.010517346 0.518668278 0.731175415 0.364479721 -0.252032264
1403636631.463555574 4.169254952 -0.195322700 1.002740006 0.518803505 0.730818493 0.365241174 -0.251686588
1403636631.513555527 4.156125324 -0.171295238 0.993836691 0.518929720 0.730404518 0.366287623 -0.251106675
1403636631.563555479 4.142898827 -0.147631447 0.984389739 0.519602066 0.729697193 0.367193703 -0.250448564
1403636631.613555431 4.129898027 -0.124589623 0.975313868 0.519616660 0.729255524 0.368397166 -0.249936865
1403636631.663555622 4.116608284 -0.101707788 0.966812100 0.519136905 0.729072622 0.369661255 -0.249600766
1403636631.713555574 4.103311073 -0.078991975 0.959154903 0.518977786 0.728851718 0.370483991 -0.249356860
1403636631.763555527 4.091365308 -0.057611507 0.953276643 0.518732943 0.728706092 0.371355972 -0.248994594
1403636631.813555479 4.078242209 -0.036088384 0.949884738 0.518917127 0.728174174 0.371884543 -0.249377776
1403636631.863555670 4.063998151 -0.013951375 0.948016481 0.518956753 0.727983703 0.372818788 -0.248454761
1403636631.913555384 4.049954123 0.007692292 0.947509246 0.518608895 0.728020996 0.373812590 -0.247577040
1403636631.963555574 4.035678781 0.029122006 0.947447952 0.518519852 0.728019913 0.374219167 -0.247152149
1403636632.013555527 4.021223838 0.049918458 0.948014481 0.518742371 0.727973573 0.373949127 -0.247230420
1403636632.063555479 4.006246410 0.070559851 0.949276853 0.520010046 0.727203577 0.373524825 -0.247474675
1403636632.113555431 3.991920048 0.090208911 0.950180375 0.521750247 0.725909617 0.373879737 -0.247074584
1403636632.163555622 3.977692584 0.109237986 0.951284811 0.524341721 0.724377368 0.374584250 -0.245009852
1403636632.213555574 3.962870028 0.127537810 0.951988851 0.524694756 0.724318072 0.374947713 -0.243870778
1403636632.263555527 3.947523563 0.144999860 0.951915840 0.525021326 0.724491087 0.373705492 -0.244559763
1403636632.313555479 3.932131502 0.161746122 0.950003534 0.524921609 0.724912866 0.372781197 -0.244934317
1403636632.363555670 3.916812119 0.177529761 0.946558278 0.524893991 0.725151514 0.371913586 -0.245605100
1403636632.413555384 3.901655783 0.192605030 0.940948370 0.524274792 0.725957149 0.371605562 -0.245013195
1403636632.463555574 3.886397767 0.206607388 0.933723912 0.520914968 0.728584037 0.370650321 -0.245827656
1403636632.513555527 3.870842156 0.219731224 0.925392201 0.516384515 0.731096685 0.370556732 -0.248057207
1403636632.563555479 3.855046829 0.232355782 0.915886380 0.509498574 0.734559735 0.371151490 -0.251156865
1403636632.613555431 3.838899843 0.244965497 0.905764848 0.502681729 0.737076808 0.372859734 -0.254959755
1403636632.663555622 3.822417224 0.257894375 0.895159228 0.496762460 0.737886923 0.376216014 -0.259251728
1403636632.713555574 3.805007356 0.271511671 0.885015939 0.491925539 0.736826281 0.381096472 -0.264313780
1403636632.763555527 3.787425082 0.285777590 0.876301860 0.488001329 0.734121943 0.387398383 -0.269892883
1403636632.813555479 3.769803649 0.300706027 0.869631256 0.486171413 0.728862141 0.395968953 -0.274965317
1403636632.863555670 3.751252092 0.316894937 0.864926803 0.487001719 0.721103809 0.405819785 -0.279551290
1403636632.913555384 3.732489496 0.333820655 0.862459394 0.488807706 0.712332087 0.415663817 -0.284382868
1403636632.963555574 3.713292102 0.351431375 0.861065932 0.489752495 0.704880501 0.424782813 -0.287829001
1403636633.013555527 3.693499018 0.369483135 0.861246684 0.490527061 0.698190551 0.432738501 -0.290947669
1403636633.063555479 3.673735711 0.387407693 0.862244533 0.489873410 0.693204412 0.439740396 -0.293462211
1403636633.113555431 3.653671335 0.405232186 0.863607383 0.489000613 0.689072334 0.445176997 -0.296437447
1403636633.163555622 3.633337642 0.422910453 0.863564917 0.487876790 0.685916120 0.449868938 -0.298518429
1403636633.213555574 3.612500592 0.440179860 0.862061443 0.486616122 0.683663026 0.453129006 -0.300805121
1403636633.263555527 3.591537449 0.457080447 0.858893055 0.484127110 0.683001501 0.455502792 -0.302732717
1403636633.313555479 3.570193767 0.473674662 0.854578913 0.481576010 0.682978912 0.457079079 -0.304471786
1403636633.363555670 3.548676636 0.490071704 0.849002244 0.478427285 0.683817124 0.457650783 -0.306687520
1403636633.413555384 3.526519337 0.506522565 0.842291085 0.475607943 0.685242984 0.457781517 -0.307693385
1403636633.463555574 3.504294180 0.522900461 0.834400955 0.473021000 0.686635761 0.457622266 -0.308811152
1403636633.513555527 3.481493470 0.539714337 0.825505447 0.471517316 0.687850767 0.457383612 -0.308760383
1403636633.563555479 3.458112546 0.556900817 0.816126595 0.469966291 0.689477809 0.456814056 -0.308339024
1403636633.613555431 3.434286071 0.574771511 0.806915380 0.468562567 0.691030806 0.456639591 -0.307255318
1403636633.663555622 3.409448142 0.593339383 0.798917960 0.468172246 0.692307978 0.456226502 -0.305584343
1403636633.713555574 3.384009182 0.612395802 0.793024250 0.468806019 0.692934432 0.454943156 -0.305105742
1403636633.763555527 3.358076507 0.631899349 0.788588641 0.469383626 0.693502205 0.453424263 -0.305188697
1403636633.813555479 3.331172879 0.652181403 0.786291537 0.469741050 0.694343040 0.452004964 -0.304832086
1403636633.863555670 3.303745221 0.672688659 0.785840923 0.470278743 0.695021574 0.449794382 -0.305725252
1403636633.913555384 3.275840595 0.693392610 0.786967080 0.469696362 0.696473516 0.446574753 -0.308027529
1403636633.963555574 3.247383511 0.714461904 0.788047337 0.469448967 0.697671814 0.442830471 -0.311083400
1403636634.013555527 3.218734044 0.736236658 0.787923731 0.469611950 0.698624956 0.439381090 -0.313579407
1403636634.063555479 3.189998522 0.759044422 0.786540995 0.469435532 0.699765199 0.437335246 -0.314160516
1403636634.113555431 3.161390161 0.782463930 0.785402917 0.469017160 0.699928717 0.437456079 -0.314252882
1403636634.163555622 3.133022658 0.807075256 0.785560127 0.468665929 0.699956691 0.438631610 -0.313073777
1403636634.213555574 3.104436400 0.832935287 0.787390831 0.468931057 0.699324501 0.441097633 -0.310615172
1403636634.263555527 3.075101809 0.860024961 0.791290153 0.470907285 0.697446551 0.443595135 -0.308282328
1403636634.313555479 3.045001220 0.887769690 0.796840419 0.474449750 0.694491378 0.444892558 -0.307652031
1403636634.363555670 3.014613401 0.915899409 0.802443827 0.478687951 0.690992495 0.445487201 -0.308104480
1403636634.413555384 2.984068517 0.944336652 0.806975264 0.482918011 0.687449047 0.446000581 -0.308686711
1403636634.463555574 2.953690462 0.972778063 0.809651853 0.485664186 0.684991042 0.446654353 -0.308897168
1403636634.513555527 2.923433451 1.000898687 0.810798720 0.488309689 0.682411666 0.446878852 -0.310108460
1403636634.563555479 2.893499390 1.028847655 0.810336027 0.489996023 0.680530979 0.447276324 -0.311007033
1403636634.613555431 2.864099559 1.056084068 0.808114300 0.490866950 0.678559879 0.448992674 -0.311467024
1403636634.663555622 2.835119811 1.082410483 0.804552717 0.490600453 0.676241427 0.451767844 -0.312912995
1403636634.713555574 2.806681392 1.108314863 0.800755559 0.490384877 0.673572281 0.455310898 -0.313871058
1403636634.763555527 2.778798230 1.133373872 0.797464305 0.488108659 0.672350396 0.459096208 -0.314524330
1403636634.813555479 2.751173446 1.157782877 0.795451259 0.485382384 0.671778059 0.462147419 -0.315496346
1403636634.863555670 2.723788046 1.181792839 0.794797149 0.482724200 0.671320560 0.464941207 -0.316442295
1403636634.913555384 2.696536370 1.205177271 0.795836090 0.480416803 0.670420696 0.467887505 -0.317517037
1403636634.963555574 2.669292747 1.228163454 0.798319288 0.477813723 0.669907671 0.471196926 -0.317633775
1403636635.013555527 2.641572668 1.250860864 0.802707798 0.477093282 0.668310275 0.473829050 -0.318165693
1403636635.063555479 2.613872033 1.272997330 0.806550001 0.475606074 0.667527739 0.476478126 -0.318078882
1403636635.113555431 2.585953637 1.294851562 0.809116026 0.474209499 0.667027695 0.478656887 -0.317941802
1403636635.163555622 2.558035529 1.316291289 0.810145755 0.472904485 0.666699113 0.480042541 -0.318485163
1403636635.213555574 2.529957246 1.337523827 0.809552407 0.471143700 0.666882268 0.481373092 -0.318702996
1403636635.263555527 2.501243341 1.358404497 0.807911968 0.469073460 0.667354803 0.481635420 -0.320366941
1403636635.313555479 2.472234808 1.378945840 0.805081982 0.466658016 0.668351861 0.481701883 -0.321713199
1403636635.363555670 2.442453824 1.399351000 0.802218340 0.463261816 0.670301992 0.480836812 -0.323851340
1403636635.413555384 2.412623012 1.420022661 0.800331261 0.461428319 0.671076505 0.480813624 -0.324897660
1403636635.463555574 2.381667577 1.441201570 0.799603467 0.460942957 0.671358300 0.480027300 -0.326164705
1403636635.513555527 2.349514414 1.462676975 0.801194851 0.459134526 0.672676397 0.478707958 -0.327933900
1403636635.563555479 2.318173334 1.484271118 0.804660796 0.458662539 0.673026280 0.478316972 -0.328446611
1403636635.613555431 2.287747882 1.506031255 0.808849957 0.458686009 0.673155342 0.477420759 -0.329451742
1403636635.663555622 2.256909870 1.528559182 0.814257894 0.459222854 0.673228544 0.476288289 -0.330192616
1403636635.713555574 2.225380124 1.551710550 0.820987047 0.460024283 0.673039970 0.475328662 -0.330843651
1403636635.763555527 2.192425224 1.575723897 0.830416675 0.461353772 0.672510273 0.472823690 -0.333647101
1403636635.813555479 2.159711496 1.600065324 0.842137921 0.462256617 0.672295814 0.469066777 -0.338102822
1403636635.863555670 2.126731890 1.625597093 0.855887247 0.462457452 0.672678836 0.465986708 -0.341310235
1403636635.913555384 2.095209359 1.651778315 0.870485852 0.459878834 0.674816745 0.464231571 -0.342961903
1403636635.963555574 2.063745106 1.679466502 0.885357858 0.457371279 0.676937748 0.464698495 -0.341499791
1403636636.013555527 2.032935843 1.708022741 0.899617110 0.454988199 0.678859479 0.467311043 -0.337277239
1403636636.063555479 2.001980381 1.737770111 0.912433952 0.454755018 0.679310163 0.470647272 -0.332004099
1403636636.113555431 1.970757320 1.768201288 0.924219405 0.455406600 0.678977895 0.473808144 -0.327260889
1403636636.163555622 1.938741270 1.799317709 0.936930647 0.458699401 0.676733775 0.475341343 -0.325079782
1403636636.213555574 1.906386986 1.830921057 0.951421068 0.464237287 0.672864675 0.475901799 -0.324429265
1403636636.263555527 1.873726228 1.862709635 0.968049868 0.470203968 0.668754645 0.475526607 -0.324884439
1403636636.313555479 1.841117668 1.894208420 0.986333406 0.474825502 0.665539357 0.474561562 -0.326173926
1403636636.363555670 1.808514123 1.925540987 1.005600936 0.480182890 0.661831007 0.472927579 -0.328243225
1403636636.413555384 1.776325978 1.956359624 1.024337439 0.486378199 0.657262163 0.470529866 -0.331729320
1403636636.463555574 1.745072528 1.986569658 1.041270697 0.491236238 0.653618146 0.468524341 -0.334597100
1403636636.513555527 1.715063890 2.016223484 1.055280942 0.494693313 0.651158720 0.468886162 -0.333791275
1403636636.563555479 1.686432830 2.044994395 1.067019331 0.497255384 0.649268811 0.470214329 -0.331791469
1403636636.613555431 1.658744942 2.072964027 1.077064790 0.499745396 0.647403418 0.472065031 -0.329056166
1403636636.663555622 1.632362807 2.099788902 1.084771277 0.501643737 0.645957580 0.474503324 -0.325482661
1403636636.713555574 1.606940564 2.125099995 1.090547114 0.503496056 0.644617128 0.476349353 -0.322570571
1403636636.763555527 1.582366621 2.148708109 1.094113067 0.504987889 0.643393996 0.478523920 -0.319446796
1403636636.813555479 1.558683877 2.170517036 1.095378636 0.507094839 0.641569747 0.481291006 -0.315597927
1403636636.863555670 1.535824533 2.190197390 1.094587685 0.508049594 0.640554535 0.484098740 -0.311807484
1403636636.913555384 1.513481341 2.207162569 1.092511283 0.504648039 0.642765144 0.484220645 -0.312591896
1403636636.963555574 1.491524538 2.221928760 1.089421074 0.500249186 0.645521493 0.482719535 -0.316282476
1403636637.013555527 1.470177851 2.234896387 1.085096441 0.494733876 0.649059623 0.480790396 -0.320625314
1403636637.063555479 1.449402454 2.246768180 1.079771896 0.490331229 0.651819262 0.478749608 -0.324816483
1403636637.113555431 1.429592528 2.257629352 1.072938574 0.485985785 0.654475529 0.477767244 -0.327441688
1403636637.163555622 1.410371351 2.268120344 1.064952405 0.481923141 0.657034356 0.477956435 -0.328045100
1403636637.213555574 1.391982869 2.278006744 1.056102954 0.478358279 0.659289165 0.479183250 -0.326947346
1403636637.263555527 1.374067331 2.287476886 1.048091570 0.475687779 0.660719428 0.480247911 -0.326393809
1403636637.313555479 1.354776470 2.297281149 1.041671328 0.473571638 0.661773605 0.481398127 -0.325640050
1403636637.363555670 1.334527070 2.307060766 1.037606975 0.472658141 0.662244605 0.482529920 -0.324331991
1403636637.413555384 1.312746716 2.316711728 1.036127682 0.471249831 0.662572334 0.483019392 -0.324982716
1403636637.463555574 1.290520141 2.326337088 1.037446295 0.470101695 0.662803343 0.484555298 -0.323886229
1403636637.513555527 1.269229274 2.335325499 1.040391767 0.469214152 0.663086485 0.484641583 -0.324464064
1403636637.563555479 1.248830239 2.343857896 1.044079291 0.467734720 0.663669683 0.485371526 -0.324316612
1403636637.613555431 1.228975979 2.351926092 1.049248825 0.466730430 0.663884223 0.485281180 -0.325457555
1403636637.663555622 1.209449959 2.359892290 1.056191397 0.465620248 0.664405225 0.485478249 -0.325690575
1403636637.713555574 1.187995951 2.368529377 1.065636695 0.466047915 0.663752700 0.485697278 -0.326082579
1403636637.763555527 1.165083807 2.377681540 1.076237234 0.466753425 0.662835342 0.485795155 -0.326792927
1403636637.813555479 1.142381811 2.386653562 1.088721267 0.468361482 0.661476273 0.485430555 -0.327786270
1403636637.863555670 1.119842888 2.395283877 1.103178168 0.469349687 0.660511872 0.485184069 -0.328681239
1403636637.913555384 1.096329417 2.403933487 1.119131701 0.470445342 0.659423413 0.484739281 -0.329954197
1403636637.963555574 1.073182132 2.412432753 1.133046486 0.472068862 0.658095878 0.483980799 -0.331396125
1403636638.013555527 1.050139222 2.420908819 1.142604960 0.473070456 0.657234235 0.483468805 -0.332423553
1403636638.063555479 1.027265906 2.429173273 1.147828750 0.474011741 0.656257093 0.483073480 -0.333585835
1403636638.113555431 1.004358175 2.437434908 1.148868126 0.475205577 0.655287107 0.482287997 -0.334927985
1403636638.163555622 0.981855224 2.445331509 1.147118532 0.475875601 0.654608317 0.481764306 -0.336055824
1403636638.213555574 0.959903462 2.453080315 1.143487570 0.476019381 0.654227353 0.481937375 -0.336345783
1403636638.263555527 0.938342479 2.460754580 1.138639959 0.476551453 0.653803814 0.481948317 -0.336400216
1403636638.313555479 0.917454336 2.467953981 1.132350380 0.474208355 0.655186228 0.481950300 -0.337018325
1403636638.363555670 0.897117343 2.474928137 1.124050750 0.468055870 0.659408460 0.481917013 -0.337431738
1403636638.413555384 0.877479069 2.481968089 1.113889840 0.458615434 0.665959021 0.482818458 -0.336239205
1403636638.463555574 0.857248023 2.489700409 1.102632760 0.449580590 0.671961944 0.484235150 -0.334455913
1403636638.513555527 0.835999381 2.498338928 1.091196932 0.441406969 0.677350062 0.484919184 -0.333481884
1403636638.563555479 0.815227724 2.508090909 1.080919522 0.437399604 0.680041800 0.485793875 -0.332007601
1403636638.613555431 0.793115311 2.519681439 1.072441990 0.436997215 0.680110172 0.487649185 -0.329669320
1403636638.663555622 0.769096961 2.532999282 1.067002884 0.440692479 0.677326020 0.489957635 -0.327049106
1403636638.713555574 0.743423598 2.547768668 1.064825609 0.444615008 0.674717601 0.490855482 -0.325782981
1403636638.763555527 0.716879108 2.563265045 1.065004049 0.449172022 0.671410764 0.490972659 -0.326186953
1403636638.813555479 0.688821513 2.579470682 1.067964407 0.453392707 0.668345812 0.490117730 -0.327923069
1403636638.863555670 0.660002760 2.595999539 1.073167831 0.456343346 0.666396468 0.488454796 -0.330270209
1403636638.913555384 0.631807710 2.612336309 1.078879229 0.457497946 0.665354313 0.486677925 -0.333382460
1403636638.963555574 0.602915205 2.629336771 1.086553972 0.457899544 0.664944497 0.484730778 -0.336471241
1403636639.013555527 0.573239598 2.646714867 1.094959511 0.455470318 0.666530765 0.482109989 -0.340372571
1403636639.063555479 0.542870966 2.664692737 1.103268308 0.452925628 0.668167507 0.479033532 -0.344873068
1403636639.113555431 0.512504765 2.683568832 1.109047049 0.450637863 0.669600013 0.476523293 -0.348549695
1403636639.163555622 0.482462042 2.703466943 1.111194594 0.448125148 0.671289092 0.474682502 -0.351043201
1403636639.213555574 0.452608237 2.724493722 1.109402315 0.446256808 0.672515440 0.473175171 -0.353104944
1403636639.263555527 0.422640118 2.746993932 1.103231403 0.444900283 0.673388734 0.472884337 -0.353541730
1403636639.313555479 0.393142745 2.771419601 1.093954719 0.447227066 0.671925327 0.475182651 -0.350293812
1403636639.363555670 0.364060444 2.797155032 1.083120897 0.450200715 0.669883986 0.478425625 -0.345953295
1403636639.413555384 0.334737122 2.824050105 1.071176892 0.453132647 0.667858673 0.481796133 -0.341332805
1403636639.463555574 0.305360349 2.851733471 1.058286922 0.456289606 0.665562909 0.485080140 -0.336931845
1403636639.513555527 0.275825344 2.879940447 1.044669779 0.460500655 0.662558856 0.487952346 -0.332952574
1403636639.563555479 0.246257565 2.908286486 1.030199898 0.465561511 0.658866231 0.490954398 -0.328803206
1403636639.613555431 0.216302791 2.936079399 1.015096143 0.469406147 0.655869979 0.493224256 -0.325917587
1403636639.663555622 0.185841335 2.962968263 1.000937420 0.472396043 0.653467331 0.493215792 -0.326436224
1403636639.713555574 0.155493491 2.988865983 0.988327999 0.474479073 0.651883774 0.491338910 -0.329398284
1403636639.763555527 0.125340695 3.014078714 0.977059621 0.475424331 0.651146595 0.488622136 -0.333508960
1403636639.813555479 0.096081003 3.038749664 0.967162786 0.475758723 0.650908948 0.486960286 -0.335917935
1403636639.863555670 0.067008599 3.062946780 0.959251697 0.475191715 0.651211739 0.485264664 -0.338576890
1403636639.913555384 0.039388290 3.086367302 0.953166675 0.474281659 0.651506863 0.484255320 -0.340723495
1403636639.963555574 0.012203137 3.109674412 0.948377870 0.474280458 0.651462556 0.483794585 -0.341463592
1403636640.013555527 -0.014451360 3.132601802 0.945124517 0.474333572 0.650877793 0.483984012 -0.342235646
1403636640.063555479 -0.041101701 3.155257197 0.943847609 0.474118965 0.649199863 0.485875197 -0.343039411
1403636640.113555431 -0.067511166 3.177773736 0.944858946 0.474252974 0.646117023 0.489634463 -0.343329291
1403636640.163555622 -0.093167211 3.199643840 0.947794398 0.472985864 0.643555197 0.492730397 -0.345453089
1403636640.213555574 -0.117724033 3.221134371 0.952811486 0.471611843 0.641062409 0.495693166 -0.347720495
1403636640.263555527 -0.141036053 3.242339932 0.958378163 0.469763963 0.639275229 0.499356181 -0.348270590
1403636640.313555479 -0.163744286 3.263018308 0.963338034 0.468102902 0.638066360 0.501389099 -0.349799894
1403636640.363555670 -0.185890948 3.283405120 0.967053743 0.467243770 0.636174215 0.503692457 -0.351083377
1403636640.413555384 -0.207498353 3.303431161 0.968989004 0.466571794 0.634625135 0.505674417 -0.351930507
1403636640.463555574 -0.228642248 3.323142934 0.969474453 0.466193805 0.633168582 0.507358958 -0.352629793
1403636640.513555527 -0.248877578 3.342406233 0.967912179 0.464576779 0.632890068 0.508917777 -0.353017385
1403636640.563555479 -0.268921597 3.361520929 0.965483353 0.464287620 0.631780135 0.510209421 -0.353521164
1403636640.613555431 -0.288772858 3.380261657 0.962067642 0.463795712 0.631235953 0.510768945 -0.354330065
1403636640.663555622 -0.307913711 3.398627010 0.957447023 0.463861200 0.630399424 0.511311966 -0.354949894
1403636640.713555574 -0.326578241 3.416592072 0.951532971 0.462987907 0.630390273 0.512022826 -0.355081578
1403636640.763555527 -0.344696217 3.434074592 0.945346472 0.461560900 0.630822311 0.512884038 -0.354929163
1403636640.813555479 -0.363096565 3.451269850 0.940489089 0.460818319 0.630892254 0.513920713 -0.354269587
1403636640.863555670 -0.380636468 3.467817262 0.936316572 0.459769472 0.631202152 0.515098151 -0.353369170
1403636640.913555384 -0.398517834 3.484159262 0.934451552 0.459217323 0.631335344 0.515596429 -0.353122440
1403636640.963555574 -0.416278521 3.500226319 0.934831097 0.459146429 0.631392396 0.515945090 -0.352602983
1403636641.013555527 -0.432790033 3.515725575 0.935863493 0.459823243 0.631070786 0.515754168 -0.352576073
1403636641.063555479 -0.449341433 3.530722172 0.936291094 0.460350212 0.630995804 0.514672196 -0.353602189
1403636641.113555431 -0.465678099 3.545329677 0.935192822 0.461152117 0.630771155 0.514326257 -0.353461421
1403636641.163555622 -0.482152842 3.559516455 0.932484126 0.461307457 0.630946897 0.514353160 -0.352905470
1403636641.213555574 -0.498431862 3.573270392 0.928717369 0.462134652 0.630785534 0.513655314 -0.353128011
1403636641.263555527 -0.514539500 3.586320370 0.923798379 0.462110441 0.631013133 0.512410316 -0.354558929
1403636641.313555479 -0.530237986 3.598889326 0.917482837 0.460353850 0.632743586 0.510520833 -0.356480528
1403636641.363555670 -0.545547985 3.611219687 0.910298219 0.458048185 0.634741210 0.508362628 -0.358974784
1403636641.413555384 -0.560707813 3.623686501 0.902225130 0.456034993 0.636303901 0.506547024 -0.361330242
1403636641.463555574 -0.575639449 3.636742690 0.893213030 0.455970782 0.636616692 0.505957815 -0.361685669
1403636641.513555527 -0.589698133 3.650007164 0.884423672 0.457146475 0.636073034 0.506243522 -0.360757110
1403636641.563555479 -0.601979918 3.663037836 0.876171902 0.457970186 0.635511616 0.507248299 -0.359287431
1403636641.613555431 -0.614081198 3.676050289 0.869609188 0.459427470 0.634820739 0.507994265 -0.357590346
1403636641.663555622 -0.625774356 3.689026457 0.864540127 0.460105279 0.634563368 0.508752573 -0.356094486
1403636641.713555574 -0.636440111 3.701734702 0.862077179 0.461455059 0.633708827 0.508926256 -0.355621172
1403636641.763555527 -0.646635434 3.714257949 0.862148843 0.461606932 0.633971169 0.509193702 -0.354572095
1403636641.813555479 -0.656783059 3.726435359 0.864644444 0.462346977 0.633491865 0.509004504 -0.354736162
1403636641.863555670 -0.667960033 3.738655491 0.868358116 0.463055912 0.633124582 0.508724494 -0.354868815
1403636641.913555384 -0.679644272 3.750981947 0.873218923 0.463625903 0.633710214 0.507818059 -0.354377210
1403636641.963555574 -0.690021787 3.763133691 0.881075072 0.464531463 0.635287166 0.505448049 -0.353755573
1403636642.013555527 -0.700231212 3.775376209 0.889742353 0.466912822 0.636783881 0.502354020 -0.352333853
1403636642.063555479 -0.709965984 3.787544805 0.899504645 0.468977941 0.639118519 0.498627144 -0.350653933
1403636642.113555431 -0.719571754 3.799564077 0.908550998 0.471367436 0.640829011 0.495756756 -0.348390812
1403636642.163555622 -0.728569434 3.811159726 0.916467569 0.473405214 0.642420393 0.493140060 -0.346405000
1403636642.213555574 -0.736649638 3.822190719 0.922821705 0.475006952 0.643815812 0.490533768 -0.345320457
1403636642.263555527 -0.744163122 3.832766837 0.927699178 0.476150377 0.645469453 0.488039795 -0.344190590
1403636642.313555479 -0.751073591 3.843165128 0.930767567 0.477410825 0.647533645 0.484985082 -0.342882710
1403636642.363555670 -0.757224939 3.853604932 0.931650095 0.479392866 0.649926268 0.481294495 -0.340784295
1403636642.413555384 -0.762883912 3.863783359 0.931008679 0.481296793 0.652016956 0.477520856 -0.339412903
1403636642.463555574 -0.767872820 3.873671916 0.928528141 0.482587052 0.654104259 0.474776193 -0.337409132
1403636642.513555527 -0.772072148 3.883036855 0.924451631 0.482701384 0.656470707 0.472767400 -0.335464707
1403636642.563555479 -0.775329481 3.891957967 0.918505982 0.481760867 0.659309521 0.472219582 -0.332003145
1403636642.613555431 -0.778231569 3.900289119 0.911221496 0.479461908 0.662550161 0.471739089 -0.329553932
1403636642.663555622 -0.781018000 3.908484420 0.902420121 0.476939028 0.665712230 0.471756999 -0.326805330
1403636642.713555574 -0.783921156 3.916672307 0.892873559 0.474823974 0.668375197 0.472006061 -0.324078799
1403636642.763555527 -0.787259762 3.924919937 0.883843524 0.472533878 0.670600444 0.472501094 -0.322101683
1403636642.813555479 -0.791161470 3.933206231 0.877290303 0.470604335 0.672529530 0.472583637 -0.320780764
1403636642.863555670 -0.794892584 3.941269901 0.872974732 0.469276388 0.673798891 0.472463899 -0.320238334
1403636642.913555384 -0.799648892 3.949648742 0.870357690 0.467956626 0.674721892 0.472977947 -0.319466471
1403636642.963555574 -0.804075326 3.958007795 0.869796866 0.467265251 0.675376827 0.472693345 -0.319515771
1403636643.013555527 -0.809000032 3.966591830 0.871502707 0.467485803 0.675142839 0.472342022 -0.320206472
1403636643.063555479 -0.815451157 3.976119380 0.874544287 0.469860559 0.673513707 0.471020233 -0.322102906
1403636643.113555431 -0.822345287 3.985953065 0.877359316 0.472592132 0.671580545 0.469351522 -0.324569557
1403636643.163555622 -0.829205219 3.995934268 0.878760888 0.474315088 0.670270764 0.467964625 -0.326758947
1403636643.213555574 -0.835877861 4.006177387 0.878525837 0.475825077 0.669203021 0.466872470 -0.328310690
1403636643.263555527 -0.842102958 4.016326782 0.876532202 0.476327220 0.668640279 0.466624809 -0.329080300
1403636643.313555479 -0.847908030 4.026692657 0.873237902 0.476153289 0.668603221 0.467046203 -0.328809402
1403636643.363555670 -0.852866178 4.036884952 0.869655452 0.474844353 0.669301403 0.468106893 -0.327771886
1403636643.413555384 -0.858254086 4.047364247 0.867959244 0.472825555 0.670505587 0.468818262 -0.327211995
1403636643.463555574 -0.864055888 4.058183968 0.868438855 0.469811150 0.672283073 0.469965986 -0.326258985
1403636643.513555527 -0.870855562 4.069846184 0.869966046 0.466997699 0.673825284 0.471699467 -0.324610920
1403636643.563555479 -0.879215381 4.082351930 0.874031438 0.464569329 0.675003578 0.473341352 -0.323254502
1403636643.613555431 -0.888011083 4.095522928 0.878900143 0.462331251 0.676308038 0.475183758 -0.321025931
1403636643.663555622 -0.896748118 4.108514314 0.885884951 0.460041679 0.677039135 0.477293942 -0.319640667
1403636643.713555574 -0.906307199 4.122200948 0.894478342 0.458115654 0.677792330 0.479095806 -0.318111321
1403636643.763555527 -0.916000933 4.135594308 0.904735071 0.457236941 0.678040952 0.480224326 -0.317142624
1403636643.813555479 -0.926478290 4.149515260 0.914240643 0.455800568 0.678644745 0.482185670 -0.314935124
1403636643.863555670 -0.938233547 4.163931294 0.922803606 0.453730501 0.679758458 0.483424058 -0.313621190
1403636643.913555384 -0.951301414 4.178524045 0.930246025 0.452557124 0.680273862 0.484515279 -0.312513145
1403636643.963555574 -0.965842568 4.193819437 0.935942084 0.451520117 0.680789555 0.485738412 -0.310987718
1403636644.013555527 -0.981965558 4.209581761 0.940216887 0.451254604 0.680972873 0.486340689 -0.310028972
1403636644.063555479 -0.999470365 4.225556550 0.943195239 0.450636793 0.681244555 0.486694043 -0.309776120
1403636644.113555431 -1.018415235 4.241978279 0.944663389 0.450135171 0.681653213 0.487052742 -0.309041829
1403636644.163555622 -1.039132837 4.258990534 0.945215197 0.451142318 0.680930561 0.486815055 -0.309540437
1403636644.213555574 -1.061786111 4.276335070 0.945307398 0.453651354 0.679458635 0.483805087 -0.313797786
1403636644.263555527 -1.085986860 4.294130785 0.944768055 0.455867041 0.678343473 0.478540065 -0.320990312
1403636644.313555479 -1.111223765 4.312430003 0.943234447 0.458334972 0.676896864 0.472465080 -0.329418332
1403636644.363555670 -1.136703577 4.331841825 0.939875960 0.460719851 0.675607788 0.466727446 -0.336833530
1403636644.413555384 -1.161879251 4.352216271 0.934394638 0.462805324 0.674195282 0.462785078 -0.342201584
1403636644.463555574 -1.186589488 4.373765600 0.926825976 0.464918896 0.672868388 0.459433337 -0.346438395
1403636644.513555527 -1.210557230 4.396132713 0.917564209 0.465536603 0.672330303 0.455215203 -0.352174323
1403636644.563555479 -1.233518882 4.419697644 0.905889161 0.465166934 0.672294087 0.452468055 -0.356248570
1403636644.613555431 -1.255301300 4.444755214 0.892225906 0.465691584 0.672054957 0.451133141 -0.357704310
1403636644.663555622 -1.275722035 4.471275103 0.876286471 0.468567876 0.670198424 0.452860718 -0.355239903
1403636644.713555574 -1.294856080 4.498880675 0.858425180 0.472826538 0.667460669 0.456069564 -0.350616417
1403636644.763555527 -1.312691181 4.527131286 0.838306334 0.477053700 0.664646271 0.460826053 -0.343954139
1403636644.813555479 -1.329652656 4.555864567 0.817108350 0.481692264 0.661772369 0.464703231 -0.337758496
1403636644.863555670 -1.345856971 4.584057457 0.794228269 0.483731752 0.660821087 0.467992190 -0.332118040
1403636644.913555384 -1.361683847 4.611774840 0.772097110 0.483212428 0.661746087 0.469443932 -0.328968480
1403636644.963555574 -1.377197575 4.638886971 0.751681078 0.481444056 0.663357359 0.470214438 -0.327210969
1403636645.013555527 -1.391777733 4.665213015 0.732844539 0.476734747 0.666974584 0.472616341 -0.323268742
1403636645.063555479 -1.406077088 4.690987945 0.715801869 0.468324686 0.673243113 0.475121480 -0.318865612
1403636645.113555431 -1.419867469 4.716499028 0.701043313 0.459907092 0.679252140 0.477835449 -0.314285349
1403636645.163555622 -1.433484874 4.742238956 0.687746701 0.453453888 0.683655064 0.481615843 -0.308288022
1403636645.213555574 -1.450144500 4.768849407 0.677354385 0.446718472 0.688347903 0.483436877 -0.304809050
1403636645.263555527 -1.469771545 4.796757575 0.669881732 0.443756363 0.690348331 0.485102103 -0.301952682
1403636645.313555479 -1.491592924 4.825375430 0.664490235 0.444164865 0.690183594 0.484716457 -0.302347705
1403636645.363555670 -1.515853295 4.855065197 0.660481471 0.447566980 0.688135339 0.483436849 -0.304043363
1403636645.413555384 -1.542150265 4.885513509 0.656774340 0.451642370 0.685815690 0.481824777 -0.305811858
1403636645.463555574 -1.570033776 4.916221690 0.652406877 0.454459102 0.684242357 0.480189562 -0.307729275
1403636645.513555527 -1.599170893 4.947295897 0.646605338 0.456877193 0.682720280 0.479273638 -0.308954736
1403636645.563555479 -1.629735161 4.978725226 0.638921825 0.458094444 0.682118394 0.478851924 -0.309135587
1403636645.613555431 -1.661712758 5.010684730 0.630252433 0.459796361 0.681301980 0.477992620 -0.309738557
1403636645.663555622 -1.694705028 5.042874317 0.621063179 0.461150251 0.680273051 0.478071600 -0.309865402
1403636645.713555574 -1.728915052 5.075843020 0.612574459 0.462210967 0.679644119 0.477744634 -0.310169241
1403636645.763555527 -1.764732019 5.108871788 0.605743100 0.462405181 0.679365934 0.477219530 -0.311295513
1403636645.813555479 -1.801808711 5.142124111 0.601357180 0.462220542 0.679455047 0.476621667 -0.312289604
1403636645.863555670 -1.839840417 5.175734054 0.600088744 0.461438012 0.680128394 0.476506270 -0.312157177
1403636645.913555384 -1.877908948 5.209007080 0.602281439 0.460429476 0.680724483 0.476099958 -0.312965982
1403636645.963555574 -1.917985774 5.243230857 0.607899985 0.463418438 0.679858559 0.472809140 -0.315415929
1403636646.013555527 -1.958265543 5.277907399 0.615411826 0.466489661 0.680084159 0.468145075 -0.317353307
1403636646.063555479 -1.997061525 5.310161619 0.624427925 0.468641890 0.682127699 0.461755229 -0.319153081
1403636646.113555431 -2.036168715 5.344413092 0.634122227 0.471906653 0.684939383 0.454216220 -0.319139120
1403636646.163555622 -2.075237764 5.377545584 0.643878104 0.476006435 0.688620875 0.445344467 -0.317627879
1403636646.213555574 -2.115098038 5.412093390 0.652851749 0.479985557 0.693066505 0.435132646 -0.316120649
1403636646.263555527 -2.153838392 5.447470117 0.660330573 0.484741748 0.698023861 0.423772810 -0.313376342
1403636646.313555479 -2.192010573 5.483227926 0.667245239 0.490487082 0.702801658 0.411314749 -0.310342438
1403636646.363555670 -2.228934450 5.520174110 0.672337700 0.496161122 0.707618273 0.398439281 -0.307159013
1403636646.413555384 -2.263941352 5.558107936 0.675140164 0.503180261 0.711713836 0.387357556 -0.300378369
1403636646.463555574 -2.297688830 5.596412586 0.677313164 0.511712662 0.713491098 0.377882611 -0.293743660
1403636646.513555527 -2.330043442 5.635124117 0.680085358 0.519961587 0.714240707 0.370518958 -0.286733085
1403636646.563555479 -2.360319397 5.673515455 0.683290771 0.526084029 0.715563707 0.364189700 -0.280303474
1403636646.613555431 -2.389187051 5.711743335 0.687079847 0.529009286 0.718025893 0.359431812 -0.274584712
1403636646.663555622 -2.416743447 5.749922531 0.692847907 0.530703395 0.720646868 0.357005052 -0.267524563
1403636646.713555574 -2.443198958 5.787377884 0.701329244 0.531138095 0.723473959 0.354051568 -0.262916797
1403636646.763555527 -2.468576898 5.824169039 0.712298481 0.531882187 0.725447614 0.351371816 -0.259547577
1403636646.813555479 -2.492993616 5.860205364 0.725509162 0.533174128 0.726363883 0.349322191 -0.257089218
1403636646.863555670 -2.516032311 5.895758074 0.740554329 0.534365940 0.727221790 0.347280379 -0.254946755
1403636646.913555384 -2.537893608 5.930146140 0.755870606 0.533902560 0.728381559 0.346282879 -0.253961667
1403636646.963555574 -2.558786890 5.964024204 0.770305032 0.533309710 0.729570129 0.345840661 -0.252393379
1403636647.013555527 -2.578815056 5.997263196 0.783360167 0.532541171 0.730612013 0.345902892 -0.250912688
1403636647.063555479 -2.598118492 6.029815160 0.794710264 0.531095787 0.731707349 0.346899309 -0.249404272
1403636647.113555431 -2.616297273 6.061826944 0.804186455 0.528407033 0.733752659 0.348124342 -0.247391360
1403636647.163555622 -2.634370497 6.093620498 0.812480842 0.526014586 0.735308470 0.349102402 -0.246490612
1403636647.213555574 -2.651646075 6.124910794 0.819621318 0.524771079 0.736017670 0.350332341 -0.245276487
1403636647.263555527 -2.668939909 6.156206494 0.825965308 0.524377230 0.735975542 0.350387588 -0.246164703
1403636647.313555479 -2.686057814 6.187383527 0.831115626 0.524266718 0.735547271 0.350045316 -0.248159017
1403636647.363555670 -2.702895486 6.218686094 0.835144882 0.524753402 0.734723101 0.349648548 -0.250123421
1403636647.413555384 -2.719132653 6.249805212 0.837711570 0.525446593 0.733768401 0.349298615 -0.251952951
1403636647.463555574 -2.734547808 6.280343112 0.839132549 0.525888440 0.732808678 0.348777034 -0.254533634
1403636647.513555527 -2.749225468 6.310744740 0.839701092 0.527293852 0.731088268 0.348044763 -0.257557723
1403636647.563555479 -2.762385630 6.340337383 0.840628338 0.528931772 0.729153299 0.346567141 -0.261644539
1403636647.613555431 -2.774313766 6.369951080 0.842694470 0.531020468 0.727158052 0.343843680 -0.266514451
1403636647.663555622 -2.784996056 6.400241067 0.845073994 0.531812945 0.727045993 0.342745631 -0.266654361
1403636647.713555574 -2.794441693 6.430674514 0.848459865 0.531733331 0.727596262 0.343029595 -0.264941582
1403636647.763555527 -2.803022375 6.461536865 0.853073546 0.530995682 0.728731560 0.343771857 -0.262325767
1403636647.813555479 -2.810630032 6.492537469 0.858351547 0.531556422 0.729209766 0.344070631 -0.259453827
1403636647.863555670 -2.816621364 6.523083459 0.862394927 0.531250389 0.731071124 0.342847653 -0.256443997
1403636647.913555384 -2.821513608 6.553749080 0.864792070 0.532702231 0.732445343 0.340090497 -0.253161227
1403636647.963555574 -2.825539468 6.584408823 0.865127314 0.534306477 0.734516126 0.335595482 -0.249756522
1403636648.013555527 -2.828366342 6.615063574 0.862816458 0.536082228 0.737437692 0.330073986 -0.244648030
1403636648.063555479 -2.829791058 6.645671268 0.858254987 0.538141650 0.740994272 0.322881807 -0.238910844
1403636648.113555431 -2.830373600 6.676314097 0.851649298 0.540393276 0.745102054 0.314182670 -0.232566737
1403636648.163555622 -2.830216614 6.706967477 0.843732451 0.543212501 0.749205032 0.304489516 -0.225606145
1403636648.213555574 -2.829467658 6.737523907 0.835069159 0.546254302 0.753003978 0.294716938 -0.218479227
1403636648.263555527 -2.827595576 6.767853273 0.825118173 0.549119431 0.757076579 0.283930631 -0.211391344
1403636648.313555479 -2.824605119 6.797476871 0.813958889 0.551642859 0.761303258 0.273014896 -0.203888137
1403636648.363555670 -2.820810105 6.826766221 0.801824107 0.554916737 0.764755486 0.262259543 -0.196052019
1403636648.413555384 -2.815812728 6.855424773 0.788566766 0.557484042 0.768626145 0.251360271 -0.187732270
1403636648.463555574 -2.809821137 6.883589666 0.774292532 0.559678525 0.772681876 0.239914298 -0.179342678
1403636648.513555527 -2.803372519 6.911646250 0.760000939 0.561960278 0.776227576 0.228606688 -0.171494546
1403636648.563555479 -2.796356739 6.939188515 0.747476937 0.564023917 0.779154626 0.218382867 -0.164632967
1403636648.613555431 -2.788342413 6.965680343 0.736155510 0.565803777 0.781540954 0.209903189 -0.158115383
1403636648.663555622 -2.779272119 6.990666062 0.726646371 0.566292946 0.784154550 0.203427145 -0.151760793
1403636648.713555574 -2.769595423 7.014821766 0.718320271 0.565855417 0.786892547 0.198934308 -0.145027265
1403636648.763555527 -2.760096342 7.038746979 0.711997428 0.564274232 0.789895817 0.194950076 -0.140191501
1403636648.813555479 -2.750437801 7.062103026 0.707064774 0.559181469 0.794855732 0.192843591 -0.135394975
1403636648.863555670 -2.740872843 7.085469160 0.705088578 0.554058893 0.799442442 0.191136264 -0.131823570
1403636648.913555384 -2.731498957 7.109112722 0.705093017 0.549296743 0.803428842 0.191020689 -0.127617710
1403636648.963555574 -2.722359771 7.132766223 0.708374794 0.545963230 0.806088919 0.190972349 -0.125197320
1403636649.013555527 -2.713834284 7.157829398 0.714056760 0.545513871 0.806700377 0.190832088 -0.123418934
1403636649.063555479 -2.705532105 7.182666473 0.722696888 0.548485008 0.804796325 0.190419931 -0.123317972
1403636649.113555431 -2.698359466 7.208822242 0.733470705 0.554368015 0.800704039 0.189953908 -0.124365020
1403636649.163555622 -2.691767269 7.235269070 0.746095742 0.560593615 0.796272195 0.188844234 -0.126582958
1403636649.213555574 -2.684084575 7.259121429 0.760349077 0.566213010 0.792092413 0.188884381 -0.127730679
1403636649.263555527 -2.676979459 7.283988901 0.775567199 0.570461490 0.788748907 0.189128785 -0.129147789
1403636649.313555479 -2.669441456 7.307828937 0.791810670 0.571678410 0.787521836 0.190011954 -0.129956191
1403636649.363555670 -2.661713024 7.330946191 0.809084481 0.570745981 0.787728519 0.191707755 -0.130310942
1403636649.413555384 -2.653791791 7.353365229 0.827855880 0.568634429 0.788765467 0.193445622 -0.130700862
1403636649.463555574 -2.645807417 7.375273326 0.847866442 0.565507278 0.790407062 0.195904663 -0.130688781
1403636649.513555527 -2.637884351 7.396677293 0.870195253 0.565316359 0.789920465 0.197440211 -0.132137946
1403636649.563555479 -2.630059944 7.417855656 0.894960456 0.566878784 0.788226743 0.197956013 -0.134760760
1403636649.613555431 -2.622187824 7.439010276 0.920886427 0.568593752 0.786794451 0.196911014 -0.137410660
1403636649.663555622 -2.613725605 7.459696128 0.946330893 0.571251127 0.785241907 0.193914039 -0.139515744
1403636649.713555574 -2.604155107 7.479642093 0.969795206 0.572804607 0.785066106 0.189897520 -0.139660389
1403636649.763555527 -2.593855864 7.499315000 0.991269690 0.574873944 0.784839755 0.186274948 -0.137288570
1403636649.813555479 -2.583109431 7.518359998 1.010861697 0.576353990 0.784886706 0.183450646 -0.134591227
1403636649.863555670 -2.571829860 7.536525138 1.028727357 0.578237634 0.784597787 0.180667698 -0.131934583
1403636649.913555384 -2.560422216 7.554123807 1.044773319 0.579413645 0.784668188 0.178352681 -0.129483523
1403636649.963555574 -2.548663961 7.571217844 1.058285006 0.580461049 0.784743450 0.176494333 -0.126855972
1403636650.013555527 -2.536487120 7.587568593 1.069241812 0.580988561 0.785100820 0.174854908 -0.124477930
1403636650.063555479 -2.523923215 7.602998243 1.077616741 0.581931305 0.785158027 0.172415257 -0.123108925
1403636650.113555431 -2.510447400 7.617203026 1.083562727 0.582680256 0.785764771 0.168667241 -0.120866896
1403636650.163555622 -2.496066458 7.630801004 1.087470514 0.583765729 0.786593014 0.163459973 -0.117344965
1403636650.213555574 -2.480360778 7.643161233 1.089047735 0.584431261 0.788261792 0.156967865 -0.111555088
1403636650.263555527 -2.464065984 7.654639846 1.089205753 0.585118081 0.790271812 0.148556022 -0.105063801
1403636650.313555479 -2.447491791 7.665856002 1.087730439 0.585376908 0.792736960 0.138449013 -0.098660324
1403636650.363555670 -2.430313228 7.676893733 1.084988166 0.585131915 0.795640505 0.127763562 -0.090847681
1403636650.413555384 -2.412569073 7.687007230 1.081167332 0.584601229 0.798600963 0.117114370 -0.082232162
1403636650.463555574 -2.394234162 7.695837894 1.076238843 0.583308619 0.801943292 0.106220229 -0.073179742
1403636650.513555527 -2.375627440 7.703415724 1.070123975 0.581473453 0.805342007 0.095634697 -0.064551379
1403636650.563555479 -2.357136153 7.709863106 1.062815617 0.579200808 0.808591745 0.085952045 -0.057602606
1403636650.613555431 -2.338961218 7.715845642 1.054549505 0.577617821 0.810943265 0.078053809 -0.051344684
1403636650.663555622 -2.321040399 7.721449922 1.045582481 0.576541688 0.812630336 0.071276325 -0.046382159
1403636650.713555574 -2.303141693 7.726805322 1.036300050 0.575727399 0.813951682 0.065844927 -0.041049567
1403636650.763555527 -2.285592287 7.731525784 1.028441900 0.575489442 0.814682138 0.060668581 -0.037739105
1403636650.813555479 -2.268294382 7.736127902 1.022598466 0.576206941 0.814594198 0.056619302 -0.034872736
1403636650.863555670 -2.251286093 7.740889555 1.019696790 0.578332359 0.813394759 0.053629094 -0.032319782
1403636650.913555384 -2.234326164 7.745197987 1.018923578 0.582008520 0.810983616 0.051408384 -0.030476807
1403636650.963555574 -2.217586002 7.748831398 1.019505241 0.585186815 0.808829888 0.049657775 -0.029744068
1403636651.013555527 -2.200935972 7.751870956 1.021352706 0.587979893 0.806883703 0.048927553 -0.028712899
1403636651.063555479 -2.184560363 7.754205591 1.024914712 0.589538306 0.805774685 0.048710657 -0.028266843
1403636651.113555431 -2.168330716 7.755526987 1.029909610 0.590865221 0.804785885 0.048683028 -0.028773806
1403636651.163555622 -2.152052122 7.756127593 1.036114789 0.590689804 0.804891274 0.049146762 -0.028638926
1403636651.213555574 -2.135880708 7.755226126 1.043598409 0.589087844 0.805983415 0.050077996 -0.029299154
1403636651.263555527 -2.119634522 7.753005065 1.052590257 0.587088769 0.807362736 0.051193443 -0.029519844
1403636651.313555479 -2.103528776 7.750138686 1.062545143 0.584626525 0.809032406 0.052721777 -0.029980105
1403636651.363555670 -2.087744383 7.746875074 1.072433397 0.582041851 0.810774941 0.053902359 -0.031077554
1403636651.413555384 -2.071981345 7.743417017 1.081236181 0.580744567 0.811575569 0.055482535 -0.031662786
1403636651.463555574 -2.056256368 7.739561834 1.088242458 0.579740334 0.812142078 0.056908595 -0.032981844
1403636651.513555527 -2.040510703 7.735649477 1.093394874 0.580242561 0.811638053 0.058458885 -0.033834879
1403636651.563555479 -2.025005319 7.731587070 1.097237916 0.582236283 0.810067628 0.059268419 -0.035757567
1403636651.613555431 -2.009540458 7.727408153 1.099785237 0.585315858 0.807703307 0.060456242 -0.036956162
1403636651.663555622 -1.994117324 7.722718876 1.101095048 0.588021061 0.805617194 0.060912880 -0.038752927
1403636651.713555574 -1.978567955 7.717210605 1.101141233 0.589589798 0.804401967 0.060377226 -0.040938202
1403636651.763555527 -1.962551162 7.711382188 1.100270920 0.590839018 0.803571294 0.057595993 -0.043187161
1403636651.813555479 -1.945916993 7.705037742 1.098691314 0.591780721 0.803108376 0.052253270 -0.045630147
1403636651.863555670 -1.928295688 7.697991227 1.096065923 0.593310472 0.802334030 0.045902944 -0.046213716
1403636651.913555384 -1.909235105 7.689949020 1.091894225 0.594101555 0.802237939 0.038178890 -0.044721395
1403636651.963555574 -1.888674778 7.680911562 1.086551674 0.595003002 0.802119639 0.029442883 -0.041335559
1403636652.013555527 -1.866771023 7.672080663 1.080213465 0.596170831 0.801824551 0.020317014 -0.035283830
1403636652.063555479 -1.843234564 7.662617453 1.071875230 0.595440353 0.802897200 0.010497257 -0.026394702
1403636652.113555431 -1.818230068 7.652363628 1.062674247 0.593864403 0.804433811 0.000735434 -0.014518077
1403636652.163555622 -1.792182167 7.641135344 1.052940105 0.591669701 0.806109474 -0.010592162 -0.001511997
1403636652.213555574 -1.765426696 7.629472298 1.042625186 0.588168485 0.808301185 -0.023830586 0.011795382
1403636652.263555527 -1.738376635 7.615528272 1.030727119 0.584246191 0.810322690 -0.038094963 0.024130890
1403636652.313555479 -1.711193175 7.599239896 1.017055837 0.578067290 0.813459483 -0.053016215 0.036209926
1403636652.363555670 -1.683995297 7.582901618 1.002352100 0.572236422 0.815933863 -0.067742300 0.046993503
1403636652.413555384 -1.656922437 7.567477223 0.988185960 0.567794267 0.817234827 -0.080795877 0.056647460
1403636652.463555574 -1.630408979 7.552664562 0.974791586 0.564297357 0.817889322 -0.092397393 0.063939590
1403636652.513555527 -1.604130122 7.538105040 0.962480425 0.560717790 0.818680382 -0.102389867 0.069816241
1403636652.563555479 -1.577971978 7.524535545 0.952413298 0.556458915 0.819999516 -0.111175345 0.074795139
1403636652.613555431 -1.551782620 7.511739907 0.944444505 0.551962213 0.821725825 -0.117792837 0.078925481
1403636652.663555622 -1.525162583 7.500465912 0.938449292 0.547304961 0.823736547 -0.122509263 0.083107532
1403636652.713555574 -1.498188217 7.490270587 0.935271262 0.544667466 0.824610764 -0.125037248 0.087864248
1403636652.763555527 -1.471588406 7.481550142 0.935054052 0.543208707 0.824980719 -0.127955027 0.089211130
1403636652.813555479 -1.444515247 7.474313901 0.936867030 0.542876101 0.824771959 -0.129259315 0.091262170
1403636652.863555670 -1.417334059 7.469126468 0.940738392 0.543513888 0.824073867 -0.130542255 0.091943653
1403636652.913555384 -1.389987973 7.465299786 0.946675723 0.545249337 0.822846043 -0.130302990 0.092998288
1403636652.963555574 -1.362502513 7.462594703 0.954062199 0.547236811 0.821546468 -0.129401953 0.094065978
1403636653.013555527 -1.334968689 7.461070985 0.960987341 0.549147568 0.820363690 -0.128527901 0.094450751
1403636653.063555479 -1.307518423 7.460303010 0.965424820 0.551416217 0.819038723 -0.126449001 0.095532066
1403636653.113555431 -1.279975624 7.461115050 0.965491765 0.554610826 0.817140768 -0.125077197 0.095097276
1403636653.163555622 -1.252271706 7.463343970 0.962438173 0.558247995 0.814960596 -0.122948958 0.095299303
1403636653.213555574 -1.224988573 7.465909239 0.958866411 0.563177917 0.811902926 -0.120651464 0.095328363
1403636653.263555527 -1.197907882 7.468862088 0.955601885 0.568395264 0.808648067 -0.118279032 0.095001049
1403636653.313555479 -1.171215172 7.471548954 0.953178850 0.572572026 0.806084887 -0.115283377 0.095384348
1403636653.363555670 -1.145212969 7.474149881 0.952253860 0.575030969 0.804779837 -0.112824405 0.094548681
1403636653.413555384 -1.119936388 7.476042464 0.953277771 0.576265800 0.804335441 -0.110466594 0.093591440
1403636653.463555574 -1.095341505 7.477562137 0.956287949 0.576296569 0.804700571 -0.108650557 0.092381343
1403636653.513555527 -1.071331905 7.478683702 0.961755540 0.576231802 0.805155225 -0.106584383 0.091223585
1403636653.563555479 -1.047985310 7.479054854 0.968641099 0.575911935 0.805769519 -0.105086127 0.089542336
1403636653.613555431 -1.024960342 7.479642198 0.977396473 0.577407281 0.804982311 -0.104123323 0.088105868
1403636653.663555622 -1.002298694 7.479959486 0.986434615 0.579527109 0.803752237 -0.102504425 0.087312735
1403636653.713555574 -0.980032482 7.479700889 0.994219946 0.581684429 0.802391437 -0.101109280 0.087109816
1403636653.763555527 -0.958387912 7.478832405 1.000413496 0.583800059 0.801000713 -0.100454358 0.086511679
1403636653.813555479 -0.937414299 7.477073756 1.004479594 0.585051009 0.800235972 -0.099192456 0.086594237
1403636653.863555670 -0.916900094 7.474612562 1.006744062 0.586217962 0.799429684 -0.098428379 0.087020317
1403636653.913555384 -0.897035979 7.471181866 1.007075474 0.586483681 0.799280018 -0.098103435 0.086971614
1403636653.963555574 -0.878060258 7.466723140 1.005603007 0.585434344 0.800126012 -0.098978132 0.085254461
1403636654.013555527 -0.859577696 7.461528177 1.002406830 0.584020292 0.801201144 -0.100431941 0.083129124
1403636654.063555479 -0.841511426 7.455509284 0.997668702 0.583257887 0.801796402 -0.101775294 0.081083631
1403636654.113555431 -0.823452728 7.448942102 0.991787870 0.583291877 0.801591584 -0.103580190 0.080577064
1403636654.163555622 -0.805298539 7.441780801 0.986627383 0.584144887 0.800518900 -0.106519238 0.081227417
1403636654.213555574 -0.786940174 7.434194693 0.982820352 0.584598452 0.799474780 -0.110006232 0.083566473
1403636654.263555527 -0.768383366 7.425281486 0.979916535 0.583513378 0.799300716 -0.113570248 0.087933506
1403636654.313555479 -0.749661944 7.415620737 0.979242889 0.582079284 0.799098409 -0.118457113 0.092700332
1403636654.363555670 -0.731215964 7.404915166 0.980239809 0.579692280 0.799356332 -0.124444712 0.097467068
1403636654.413555384 -0.712687086 7.393910796 0.983267107 0.576975556 0.799506657 -0.131241951 0.103265986
1403636654.463555574 -0.694554710 7.382088868 0.988367440 0.574566971 0.799213243 -0.138867935 0.108842478
1403636654.513555527 -0.676473251 7.369724098 0.995481486 0.572513715 0.798305137 -0.146679279 0.115853979
1403636654.563555479 -0.658737310 7.356819591 1.004064683 0.570307419 0.797245712 -0.155109142 0.122840855
1403636654.613555431 -0.641905309 7.343460988 1.013013220 0.567135794 0.797115185 -0.163538918 0.127355393
1403636654.663555622 -0.625797759 7.330043818 1.021327426 0.564054344 0.797112569 -0.172313661 0.129469114
1403636654.713555574 -0.610057037 7.316464844 1.028244303 0.561478107 0.796961085 -0.178733851 0.132851703
1403636654.763555527 -0.594644284 7.302777554 1.033586331 0.559041304 0.796971784 -0.184067718 0.135749292
1403636654.813555479 -0.579251455 7.289388880 1.037207086 0.557352851 0.796547348 -0.188370642 0.139235853
1403636654.863555670 -0.564261221 7.276024963 1.039242617 0.555797072 0.796286400 -0.191810925 0.142218680
1403636654.913555384 -0.549347559 7.263186998 1.039647363 0.555516139 0.795297844 -0.194629463 0.144991486
1403636654.963555574 -0.534497935 7.250907175 1.038838298 0.557948669 0.792616309 -0.195949450 0.148514251
1403636655.013555527 -0.520161386 7.238839169 1.036936907 0.561892094 0.789031627 -0.197358355 0.150851071
1403636655.063555479 -0.506312279 7.226749460 1.033936655 0.565497597 0.785881010 -0.198474864 0.152352336
1403636655.113555431 -0.493072767 7.214328864 1.030005249 0.568175366 0.783494305 -0.199459303 0.153393004
1403636655.163555622 -0.480359853 7.201392323 1.025389617 0.570694670 0.781310560 -0.199827221 0.154694812
1403636655.213555574 -0.468397154 7.187868063 1.020530327 0.572953509 0.779531940 -0.200598758 0.154319047
1403636655.263555527 -0.456544652 7.173346368 1.014996042 0.574576814 0.777714720 -0.202823022 0.154544883
1403636655.313555479 -0.444857016 7.157620836 1.008884532 0.575439057 0.776107446 -0.205481812 0.155898521
1403636655.363555670 -0.433507808 7.140803545 1.002719150 0.576099301 0.774278799 -0.209621109 0.157037985
1403636655.413555384 -0.423013410 7.122663524 0.997239837 0.576507119 0.772611854 -0.213745142 0.158188115
1403636655.463555574 -0.412464873 7.103782643 0.993357027 0.576363065 0.771082411 -0.217478682 0.161060719
1403636655.513555527 -0.402334187 7.083243883 0.991504882 0.574971918 0.770037726 -0.222469592 0.164184267
1403636655.563555479 -0.393341946 7.060551052 0.990412878 0.570610774 0.770974856 -0.228683328 0.166448344
1403636655.613555431 -0.384691871 7.036122762 0.988984024 0.564151026 0.772953787 -0.236239835 0.168721083
1403636655.663555622 -0.376096939 7.011291262 0.986684568 0.558201162 0.774504067 -0.244309223 0.169905611
1403636655.713555574 -0.367645496 6.986071565 0.982061742 0.552754984 0.775965961 -0.251304084 0.170836214
1403636655.763555527 -0.358476636 6.960982383 0.974413797 0.548141423 0.776604222 -0.257596706 0.173409342
1403636655.813555479 -0.348652374 6.936062137 0.963472584 0.544792482 0.775925647 -0.264762229 0.176185991
1403636655.863555670 -0.338017414 6.910902443 0.949393427 0.541544494 0.774647481 -0.272861680 0.179436185
1403636655.913555384 -0.326482876 6.885698053 0.933520863 0.538798648 0.772433786 -0.281750916 0.183462488
1403636655.963555574 -0.313965078 6.860600263 0.917800668 0.536781343 0.769412081 -0.290491950 0.188375336
1403636656.013555527 -0.300927236 6.835307447 0.903472875 0.535635758 0.766356018 -0.297943963 0.192411495
1403636656.063555479 -0.287077957 6.809585738 0.891507148 0.534350668 0.763583803 -0.304134551 0.197259512
1403636656.113555431 -0.272707362 6.783343302 0.881171857 0.532017766 0.762166074 -0.308544183 0.202139702
1403636656.163555622 -0.257632907 6.757168403 0.874045460 0.530037752 0.760966968 -0.312149807 0.206280763
1403636656.213555574 -0.242483516 6.730231788 0.869302240 0.526786899 0.761112369 -0.314210042 0.210892329
1403636656.263555527 -0.227122362 6.703421114 0.867933548 0.524944634 0.760782655 -0.316469778 0.213283293
1403636656.313555479 -0.211177014 6.676947564 0.868677018 0.522839640 0.761015253 -0.318176979 0.215076512
1403636656.363555670 -0.194752568 6.651322406 0.872398058 0.521763620 0.760892733 -0.319851783 0.215638148
1403636656.413555384 -0.177448544 6.626576618 0.878167564 0.520617539 0.761289926 -0.320234450 0.216436883
1403636656.463555574 -0.159048433 6.602597569 0.885978372 0.520427174 0.761184250 -0.320714189 0.216556005
1403636656.513555527 -0.140028763 6.578942042 0.894856511 0.519724671 0.761774896 -0.320008811 0.217208734
1403636656.563555479 -0.120277320 6.555934612 0.903901259 0.520316806 0.761656215 -0.318545565 0.218355108
1403636656.613555431 -0.101030556 6.534747256 0.912949815 0.521788337 0.761071810 -0.316913084 0.219254941
1403636656.663555622 -0.080853672 6.513752608 0.921123789 0.525535861 0.758961033 -0.315114319 0.220211658
1403636656.713555574 -0.060268209 6.493209204 0.928626903 0.532209326 0.754909442 -0.312734807 0.221499230
1403636656.763555527 -0.039727539 6.472419098 0.934331380 0.538352027 0.751154606 -0.310277917 0.222870964
1403636656.813555479 -0.019272186 6.451228837 0.937731017 0.542349317 0.748855602 -0.307286618 0.225049864
1403636656.863555670 0.000860003 6.429597122 0.939120771 0.544685739 0.747712013 -0.304478697 0.227017430
1403636656.913555384 0.020212941 6.407394911 0.938977126 0.547280064 0.746435819 -0.302373769 0.227789825
1403636656.963555574 0.038408565 6.384508827 0.937024160 0.549269637 0.745605794 -0.301142236 0.227350434
1403636657.013555527 0.055683226 6.360701647 0.933335309 0.551293738 0.744693712 -0.300720844 0.225994388
1403636657.063555479 0.072202572 6.336079677 0.927863387 0.553057133 0.743898776 -0.300674791 0.224359285
1403636657.113555431 0.087705698 6.310216018 0.921194695 0.554421296 0.743381830 -0.301021592 0.222230697
1403636657.163555622 0.102401608 6.283593530 0.914657527 0.555709229 0.742820798 -0.301746131 0.219894947
1403636657.213555574 0.116234653 6.255163465 0.909262980 0.556038694 0.742970459 -0.302675439 0.217263541
1403636657.263555527 0.129708560 6.225731940 0.904831972 0.554329494 0.744451099 -0.303784450 0.215003216
1403636657.313555479 0.142719883 6.195100810 0.901560257 0.552361989 0.745985096 -0.304518333 0.213707873
1403636657.363555670 0.155403082 6.163091242 0.899713254 0.550048999 0.747653891 -0.306070652 0.211614067
1403636657.413555384 0.167994325 6.130602475 0.897830393 0.546710904 0.749968528 -0.308548368 0.208452150
1403636657.463555574 0.180673559 6.097274774 0.895027856 0.542774495 0.752734608 -0.310630455 0.205657913
1403636657.513555527 0.193824744 6.063530409 0.891256581 0.539587631 0.754946411 -0.312575117 0.202972663
1403636657.563555479 0.207762354 6.029365555 0.886219499 0.536873377 0.756730528 -0.313472083 0.202141380
1403636657.613555431 0.222363604 5.995087194 0.880212762 0.535612919 0.757535507 -0.313808973 0.201947234
1403636657.663555622 0.237625865 5.960863894 0.873335160 0.535245848 0.757775244 -0.313887495 0.201898989
1403636657.713555574 0.253655651 5.926733994 0.865751521 0.535829374 0.757163403 -0.314294443 0.202013529
1403636657.763555527 0.270714055 5.892591550 0.857120588 0.536042144 0.756212748 -0.316006588 0.202338665
1403636657.813555479 0.288369415 5.858149797 0.847330725 0.535654474 0.755545075 -0.318486679 0.201970689
1403636657.863555670 0.306594593 5.823483683 0.836789885 0.535110745 0.755004329 -0.322245801 0.199455754
1403636657.913555384 0.325722446 5.788278809 0.826606567 0.533623094 0.755178564 -0.326131619 0.196443115
1403636657.963555574 0.346035558 5.752099752 0.817799677 0.532055567 0.755523680 -0.328928029 0.194697698
1403636658.013555527 0.368677617 5.716088708 0.811052991 0.530722089 0.755905282 -0.329765239 0.195438368
1403636658.063555479 0.392379807 5.678886973 0.806355789 0.528450167 0.757038568 -0.329347671 0.197896790
1403636658.113555431 0.417295749 5.640914267 0.803887847 0.527074546 0.757693133 -0.326773414 0.203255197
1403636658.163555622 0.443387592 5.602867314 0.802860742 0.524990844 0.758749157 -0.324805105 0.207812355
1403636658.213555574 0.470498293 5.564902258 0.802740474 0.523722837 0.759197046 -0.323178442 0.211872438
1403636658.263555527 0.498370084 5.526994830 0.801735633 0.521906034 0.760141528 -0.320658906 0.216741355
1403636658.313555479 0.526495099 5.489583639 0.799623354 0.520495172 0.760801906 -0.319552912 0.219433755
1403636658.363555670 0.554937481 5.452729245 0.796327661 0.519175603 0.761367152 -0.318878175 0.221570443
1403636658.413555384 0.583663247 5.416687227 0.792157441 0.517805478 0.762089766 -0.318270099 0.223160973
1403636658.463555574 0.612713019 5.381367907 0.787025473 0.516201383 0.762924657 -0.317119400 0.225648811
1403636658.513555527 0.642110928 5.347101127 0.781505703 0.514725693 0.763779969 -0.315519564 0.228352851
1403636658.563555479 0.671700556 5.313743126 0.775392088 0.513297888 0.764544965 -0.313123434 0.232271370
1403636658.613555431 0.701111280 5.281700062 0.768755528 0.512347614 0.765080016 -0.311188644 0.235189539
1403636658.663555622 0.730095733 5.250922559 0.761629920 0.511907426 0.765265050 -0.310157171 0.236902341
1403636658.713555574 0.758718391 5.221703780 0.753856909 0.512247618 0.764924886 -0.308992652 0.238779893
1403636658.763555527 0.786963469 5.193787863 0.745339948 0.512985181 0.764308471 -0.307167725 0.241509326
1403636658.813555479 0.814830293 5.167120179 0.736171962 0.514314141 0.763210207 -0.304481711 0.245523994
1403636658.863555670 0.841759255 5.142122686 0.726640240 0.516352051 0.761660999 -0.302846675 0.248066471
1403636658.913555384 0.867466129 5.118514673 0.716802767 0.519775875 0.759249524 -0.303271395 0.247789550
1403636658.963555574 0.891912534 5.095984995 0.706192790 0.523609720 0.756649967 -0.304881581 0.245684575
1403636659.013555527 0.915271869 5.074251933 0.694518810 0.526840285 0.754477416 -0.306447775 0.243501342
1403636659.063555479 0.938028170 5.052955917 0.682086812 0.531084109 0.751500324 -0.307046981 0.242732533
1403636659.113555431 0.959531904 5.031625681 0.668236298 0.533429686 0.749905841 -0.307393711 0.242080783
1403636659.163555622 0.980141459 5.010419445 0.653276556 0.535649438 0.748330879 -0.307727528 0.241628523
1403636659.213555574 0.999512298 4.989112459 0.637734577 0.537140449 0.747384351 -0.307662720 0.241330522
1403636659.263555527 1.017415733 4.967673592 0.622798207 0.537422036 0.747243483 -0.307987572 0.240724713
1403636659.313555479 1.034077743 4.945916100 0.608775818 0.535632020 0.748635047 -0.308281474 0.240013413
1403636659.363555670 1.049868406 4.924271342 0.596187212 0.533057502 0.750509984 -0.309008410 0.238952434
1403636659.413555384 1.064690928 4.902532885 0.584768064 0.529265453 0.753330734 -0.309257729 0.238181744
1403636659.463555574 1.079093782 4.881467581 0.574992563 0.525194877 0.756315883 -0.309715481 0.237134869
1403636659.513555527 1.093323419 4.860904835 0.567990845 0.523551365 0.757318141 -0.309322904 0.238080958
1403636659.563555479 1.106911796 4.841027147 0.561853366 0.523432309 0.757364021 -0.310507682 0.236650241
1403636659.613555431 1.119960274 4.821376496 0.555492415 0.524175753 0.756635443 -0.309726590 0.238352732
1403636659.663555622 1.132570935 4.802347429 0.548195633 0.525370628 0.755474251 -0.309631838 0.239525541
1403636659.713555574 1.144539517 4.783820309 0.539463177 0.526473297 0.754369986 -0.309462814 0.240799832
1403636659.763555527 1.155694944 4.765887661 0.529209382 0.527658985 0.753122737 -0.309659901 0.241853022
1403636659.813555479 1.166066068 4.748443836 0.517420153 0.527748089 0.752701574 -0.309785572 0.242806908
1403636659.863555670 1.175262483 4.731389247 0.504780687 0.527902837 0.752194708 -0.310854226 0.242675433
1403636659.913555384 1.183585968 4.714342858 0.490088397 0.526484649 0.752917494 -0.311703903 0.242424914
1403636659.963555574 1.191079253 4.697381435 0.474106960 0.522814086 0.755001700 -0.312856604 0.242401753
1403636660.013555527 1.197863747 4.681097824 0.457276563 0.519411985 0.757123469 -0.314199158 0.241358928
1403636660.063555479 1.204142801 4.665381421 0.439567001 0.515622227 0.759348297 -0.315904762 0.240266652
1403636660.113555431 1.210164180 4.650265884 0.421094180 0.512286224 0.761304592 -0.316889363 0.239915139
1403636660.163555622 1.215846441 4.636061768 0.402057659 0.509520197 0.762995099 -0.317694758 0.239369355
1403636660.213555574 1.221831776 4.623039902 0.382644860 0.508787658 0.763424825 -0.318161687 0.238936805
1403636660.263555527 1.227714302 4.611068560 0.362892449 0.505875000 0.765156864 -0.319047209 0.238399531
1403636660.313555479 1.233757736 4.600489736 0.344235215 0.502596732 0.767235861 -0.319691440 0.237787808
1403636660.363555670 1.239832199 4.590939474 0.326408082 0.496646133 0.771073974 -0.320911537 0.236227284
1403636660.413555384 1.246523976 4.583460888 0.310884778 0.491423363 0.774349191 -0.322516688 0.234242171
1403636660.463555574 1.253911371 4.577974626 0.298263236 0.488760494 0.776049224 -0.323272168 0.233143490
1403636660.513555527 1.261912219 4.574584020 0.286584052 0.488398928 0.776387105 -0.322743077 0.233509008
1403636660.563555479 1.270885178 4.573586241 0.275184455 0.491447885 0.774430557 -0.321451285 0.235383431
1403636660.613555431 1.280830014 4.574636916 0.263227524 0.496966370 0.770953960 -0.319252729 0.238185041
1403636660.663555622 1.291134296 4.577311162 0.250057673 0.503295542 0.766867500 -0.316186169 0.242144877
1403636660.713555574 1.301371821 4.581373060 0.235253635 0.509138621 0.762993351 -0.312865507 0.246443067
1403636660.763555527 1.311084364 4.586462836 0.218990372 0.513931742 0.759702056 -0.308920720 0.251584856
1403636660.813555479 1.319973032 4.592247587 0.201167666 0.516787576 0.757672877 -0.304987758 0.256602574
1403636660.863555670 1.327506015 4.598668367 0.181914117 0.518459966 0.756432945 -0.301189394 0.261330084
1403636660.913555384 1.333574874 4.606068212 0.161622083 0.519992399 0.755250553 -0.299089214 0.264102536
1403636660.963555574 1.337920993 4.614468139 0.140495992 0.521664595 0.754245492 -0.299395185 0.263329281
1403636661.013555527 1.340635588 4.623909484 0.118466369 0.523775405 0.753035505 -0.300969618 0.260795210
1403636661.063555479 1.342070497 4.634060974 0.095744755 0.525964386 0.751652429 -0.302779467 0.258272501
1403636661.113555431 1.342182595 4.644766996 0.072064571 0.528010675 0.750391860 -0.304448172 0.255789159
1403636661.163555622 1.341006503 4.655843232 0.047690786 0.529428041 0.749469824 -0.306202797 0.253457648
1403636661.213555574 1.338785218 4.667275144 0.024544500 0.531709941 0.747927081 -0.307202679 0.252024073
1403636661.263555527 1.334933355 4.678102943 0.002455970 0.531747906 0.747940967 -0.308514891 0.250293901
1403636661.313555479 1.329631022 4.688459550 -0.017458542 0.532949694 0.747164839 -0.308978106 0.249483179
1403636661.363555670 1.323384936 4.698575391 -0.035750503 0.533340648 0.746932079 -0.309246211 0.249012054
1403636661.413555384 1.316337354 4.708691652 -0.052229247 0.533497615 0.746881860 -0.308984471 0.249151318
1403636661.463555574 1.308552722 4.718943348 -0.066642835 0.533622156 0.746840688 -0.309473785 0.248399592
1403636661.513555527 1.299701554 4.728781548 -0.079202363 0.532819481 0.747550282 -0.309918985 0.247431202
1403636661.563555479 1.289728600 4.738517070 -0.089582399 0.532744712 0.747858214 -0.310914394 0.245404572
1403636661.613555431 1.278607117 4.747740954 -0.098466466 0.531926689 0.748612201 -0.312246671 0.243178506
1403636661.663555622 1.266858256 4.756762758 -0.105093279 0.532989898 0.748072504 -0.312632159 0.242013287
1403636661.713555574 1.254898918 4.765801105 -0.110348541 0.534063748 0.747454563 -0.312249812 0.242048845
1403636661.763555527 1.241945922 4.774671332 -0.113246611 0.536771979 0.745616373 -0.314612181 0.238644594
1403636661.813555479 1.228387089 4.782830070 -0.114554175 0.539189398 0.744207286 -0.316836494 0.234616592
1403636661.863555670 1.214591566 4.790022117 -0.114150451 0.541318511 0.742991459 -0.317823121 0.232220638
1403636661.913555384 1.201002962 4.796244170 -0.111872490 0.542487908 0.742207310 -0.318303411 0.231339831
1403636661.963555574 1.187056444 4.801325551 -0.107949528 0.543252990 0.742020475 -0.318232164 0.230239209
1403636662.013555527 1.173212691 4.805449440 -0.102176265 0.543594390 0.741830934 -0.317831246 0.230597710
1403636662.063555479 1.159127833 4.808372170 -0.094801964 0.543925134 0.741650181 -0.317104918 0.231397773
1403636662.113555431 1.144897400 4.810345657 -0.086822337 0.543937425 0.741769967 -0.316371754 0.231987731
1403636662.163555622 1.130460090 4.811082180 -0.079929616 0.541876965 0.743193345 -0.314883655 0.234267563
1403636662.213555574 1.115473930 4.810784825 -0.074607248 0.539109001 0.745045146 -0.312748538 0.237608013
1403636662.263555527 1.100046384 4.809750325 -0.070991924 0.536250746 0.746863517 -0.310116903 0.241779921
1403636662.313555479 1.083954544 4.808324168 -0.068621837 0.533663019 0.748376259 -0.308920531 0.244345785
1403636662.363555670 1.067253368 4.806781690 -0.067618840 0.530796471 0.750118983 -0.307914549 0.246506079
1403636662.413555384 1.049965374 4.805488043 -0.067913101 0.527586768 0.752039337 -0.308247147 0.247128982
1403636662.463555574 1.031813258 4.804313460 -0.070111186 0.523207194 0.754866029 -0.309319354 0.246481333
1403636662.513555527 1.012901544 4.803480520 -0.073368279 0.519136214 0.757522919 -0.310696077 0.245203112
1403636662.563555479 0.993696532 4.803558450 -0.077339066 0.516779350 0.758944194 -0.313081574 0.242740072
1403636662.613555431 0.973897674 4.804293072 -0.081785443 0.516660070 0.758953151 -0.317142405 0.237640868
1403636662.663555622 0.954330665 4.805835420 -0.086593506 0.518958175 0.757044556 -0.322936899 0.230819651
1403636662.713555574 0.935537168 4.807852092 -0.092078588 0.522330336 0.754526007 -0.327513237 0.224936890
1403636662.763555527 0.917842704 4.809859714 -0.098636924 0.525623100 0.752014911 -0.330774195 0.220867295
1403636662.813555479 0.901161452 4.811398798 -0.106575960 0.527901373 0.749999714 -0.333532008 0.218121454
1403636662.863555670 0.885284594 4.812335619 -0.116455283 0.527250999 0.750349379 -0.335036231 0.216177975
1403636662.913555384 0.870539142 4.812350052 -0.128028475 0.523907370 0.752477872 -0.335187044 0.216674331
1403636662.963555574 0.856797371 4.812052166 -0.140160876 0.521021763 0.754299438 -0.336220937 0.215694602
1403636663.013555527 0.844222154 4.811685411 -0.151599819 0.518895245 0.755530754 -0.338871665 0.212336994
1403636663.063555479 0.833188920 4.811169449 -0.161307185 0.517696416 0.756008389 -0.342199604 0.208185415
1403636663.113555431 0.823927843 4.810248905 -0.169538871 0.517214346 0.756123214 -0.344922632 0.204439192
1403636663.163555622 0.816902207 4.809116362 -0.176175965 0.515362934 0.757213088 -0.346403592 0.202568352
1403636663.213555574 0.812650340 4.807325734 -0.182194957 0.513307935 0.758421760 -0.344706685 0.206127869
1403636663.263555527 0.810769399 4.804994115 -0.189232970 0.509549446 0.761240055 -0.338549464 0.215074876
1403636663.313555479 0.810109558 4.802974545 -0.197614278 0.505236673 0.764218757 -0.333464575 0.222501625
1403636663.363555670 0.810503875 4.801422955 -0.207684523 0.500609018 0.767249697 -0.329047869 0.229010946
1403636663.413555384 0.811419692 4.800873323 -0.219715652 0.495389653 0.770720014 -0.325524928 0.233694828
1403636663.463555574 0.813019727 4.802093879 -0.232767029 0.491084330 0.773592116 -0.323466803 0.236136924
1403636663.513555527 0.815571027 4.805027977 -0.247090956 0.486750900 0.776207432 -0.322031452 0.238477101
1403636663.563555479 0.818541753 4.810071878 -0.261905234 0.484031890 0.777931771 -0.321033923 0.239734248
1403636663.613555431 0.822327713 4.817609280 -0.277650191 0.482534558 0.778976696 -0.320857002 0.239596519
1403636663.663555622 0.827194816 4.827525584 -0.293928173 0.481160802 0.779897507 -0.320392283 0.239985303
1403636663.713555574 0.833298974 4.839844954 -0.309999588 0.479902465 0.780799031 -0.317519559 0.243367680
1403636663.763555527 0.839986645 4.854638836 -0.324977951 0.479584554 0.781198436 -0.313936154 0.247329234
1403636663.813555479 0.847185635 4.872328629 -0.338501641 0.480620010 0.780717757 -0.308760518 0.253280738
1403636663.863555670 0.854448733 4.893494591 -0.350238309 0.482369930 0.779890267 -0.303476073 0.258829469
1403636663.913555384 0.861317707 4.918286625 -0.359983987 0.485116414 0.778404365 -0.299993858 0.262206779
1403636663.963555574 0.867675912 4.946166833 -0.367738775 0.489283343 0.776028182 -0.294854106 0.267288471
1403636664.013555527 0.872780049 4.976722693 -0.373312921 0.493836571 0.773253245 -0.290319243 0.271881586
1403636664.063555479 0.875612859 5.009395389 -0.377542756 0.497742559 0.771153950 -0.288471076 0.272687309
1403636664.113555431 0.876527861 5.044915743 -0.379599575 0.502379366 0.768898730 -0.288368631 0.270653371
1403636664.163555622 0.876052810 5.081416393 -0.379481614 0.507637387 0.766165519 -0.289388344 0.267486574
1403636664.213555574 0.873711776 5.120058933 -0.378173715 0.513518820 0.763211087 -0.290476044 0.263497487
1403636664.263555527 0.870011936 5.157822847 -0.376851240 0.519086875 0.760371537 -0.291059597 0.260131221
1403636664.313555479 0.864700528 5.196174954 -0.378956157 0.523511743 0.758218447 -0.291800740 0.256695480
1403636664.363555670 0.857952535 5.234098181 -0.385463144 0.526425844 0.757100834 -0.291806871 0.254013597
1403636664.413555384 0.850159169 5.272072211 -0.396354529 0.529245087 0.756056343 -0.291524684 0.251578621
1403636664.463555574 0.840890467 5.309740712 -0.410119636 0.530867570 0.755860149 -0.291109142 0.249219836
1403636664.513555527 0.830589612 5.347523901 -0.425142453 0.533500517 0.754976991 -0.290323340 0.247182725
1403636664.563555479 0.819184143 5.385577319 -0.440508464 0.535680642 0.754577455 -0.289912528 0.244151266
1403636664.613555431 0.806077887 5.423893290 -0.454558282 0.539246235 0.753320241 -0.291737100 0.237931874
1403636664.663555622 0.792161649 5.461720633 -0.467872722 0.541365764 0.752908563 -0.291604888 0.234560003
1403636664.713555574 0.777528288 5.499475740 -0.479501031 0.542360037 0.753267915 -0.292575459 0.229853517
1403636664.763555527 0.762569442 5.536243142 -0.490095133 0.540127447 0.755640324 -0.290210359 0.230321491
1403636664.813555479 0.746607666 5.572246846 -0.498821983 0.538181901 0.757763621 -0.287304342 0.231539959
1403636664.863555670 0.730229213 5.608897129 -0.505344975 0.537853742 0.758893903 -0.285569445 0.230745505
1403636664.913555384 0.713245204 5.645554096 -0.509994633 0.538492087 0.759199388 -0.285143741 0.228769770
1403636664.963555574 0.695645703 5.681978614 -0.513993842 0.536286799 0.761438222 -0.284721729 0.227028279
1403636665.013555527 0.677534247 5.718815609 -0.515780969 0.534173838 0.763612631 -0.285580208 0.223602336
1403636665.063555479 0.658579757 5.754516250 -0.515797786 0.530339401 0.766761972 -0.285971067 0.221442422
1403636665.113555431 0.639030027 5.789951229 -0.513702419 0.527675359 0.769185411 -0.286468822 0.218742162
1403636665.163555622 0.619822644 5.825766429 -0.509648485 0.525377202 0.771047790 -0.286785882 0.217296938
1403636665.213555574 0.600223955 5.861671046 -0.504218300 0.526221331 0.770958067 -0.288746381 0.212932612
1403636665.263555527 0.581050048 5.897806775 -0.497581664 0.530695627 0.768054272 -0.291437761 0.208611645
1403636665.313555479 0.563474579 5.934628077 -0.490297932 0.535134797 0.765116818 -0.292271502 0.206892177
1403636665.363555670 0.546298004 5.970961376 -0.483878894 0.537192925 0.763819532 -0.292373593 0.206206608
1403636665.413555384 0.530176420 6.006894133 -0.477542113 0.537411111 0.763616866 -0.291010480 0.208306218
1403636665.463555574 0.514622664 6.042041025 -0.471881585 0.535169528 0.765000799 -0.288619396 0.212288007
1403636665.513555527 0.498740203 6.075643360 -0.466618965 0.531930700 0.766896701 -0.285871446 0.217248009
1403636665.563555479 0.482473580 6.109078379 -0.460351167 0.529862377 0.767888879 -0.282953021 0.222553632
1403636665.613555431 0.465531075 6.142380855 -0.453539438 0.526733740 0.769739066 -0.281201704 0.225785160
1403636665.663555622 0.448074348 6.176327033 -0.446492494 0.525480820 0.770126504 -0.280510766 0.228229678
1403636665.713555574 0.430313264 6.211171872 -0.438911699 0.525958872 0.769311248 -0.279996933 0.230497692
1403636665.763555527 0.412233743 6.246914668 -0.430538675 0.527833988 0.767530656 -0.279397659 0.232862453
1403636665.813555479 0.393145543 6.283003999 -0.421881298 0.530093712 0.765461079 -0.280343863 0.233403752
1403636665.863555670 0.372820522 6.320029459 -0.411895871 0.535323837 0.761666636 -0.284519372 0.228781670
1403636665.913555384 0.352007724 6.356973101 -0.401791624 0.539408266 0.758576953 -0.289694223 0.222883347
1403636665.963555574 0.330772281 6.393287670 -0.392404694 0.542406257 0.756154133 -0.294634140 0.217294969
1403636666.013555527 0.309500184 6.428785318 -0.384928086 0.543551634 0.755024159 -0.298566944 0.212950511
1403636666.063555479 0.288543555 6.463299543 -0.379309955 0.544185093 0.754403354 -0.300558680 0.210719349
1403636666.113555431 0.268087300 6.496442049 -0.375536180 0.544159833 0.754242656 -0.299871195 0.212333130
1403636666.163555622 0.248103091 6.528433263 -0.373491697 0.543557777 0.754439432 -0.297537044 0.216420413
1403636666.213555574 0.227941522 6.559757435 -0.372496008 0.544110927 0.754019944 -0.295968085 0.218632376
1403636666.263555527 0.207577337 6.590554395 -0.372807615 0.544464964 0.753814720 -0.295592297 0.218966809
1403636666.313555479 0.187218418 6.620478653 -0.374506396 0.546054412 0.752639561 -0.296167432 0.218273043
1403636666.363555670 0.166581485 6.649600306 -0.377373376 0.548042757 0.751502075 -0.296989981 0.216080352
1403636666.413555384 0.145686576 6.677568124 -0.380374137 0.548478010 0.751397261 -0.298777171 0.212852603
1403636666.463555574 0.124842303 6.704272076 -0.382834237 0.548012877 0.752043546 -0.300032964 0.209982408
1403636666.513555527 0.104274783 6.729485485 -0.383864850 0.547023196 0.753207804 -0.300112380 0.208269504
1403636666.563555479 0.083729670 6.752366097 -0.383219112 0.544293403 0.755440657 -0.299033055 0.208885944
1403636666.613555431 0.063602718 6.774436532 -0.380304617 0.540807231 0.758387931 -0.297321294 0.209702965
1403636666.663555622 0.043711966 6.795699087 -0.375948903 0.537205929 0.761343917 -0.294575555 0.212109576
1403636666.713555574 0.023492382 6.816059246 -0.370650421 0.532611792 0.764985489 -0.292785143 0.213069801
1403636666.763555527 0.003533682 6.836665674 -0.364269608 0.528382016 0.768357367 -0.291550488 0.213161240
1403636666.813555479 -0.016493778 6.857570718 -0.357098028 0.525418663 0.770806529 -0.291845034 0.211232101
1403636666.863555670 -0.036041357 6.878924346 -0.350900532 0.522034037 0.773425557 -0.294106510 0.206868879
1403636666.913555384 -0.055363320 6.900840545 -0.345796200 0.519786244 0.775164924 -0.300023888 0.197299946
1403636666.963555574 -0.073638036 6.922648378 -0.342256616 0.518251224 0.776195198 -0.305703655 0.188366555
1403636667.013555527 -0.089477036 6.945018217 -0.340049319 0.518935568 0.775748768 -0.308040107 0.184474977
1403636667.063555479 -0.103171068 6.967416072 -0.338876836 0.520785850 0.774647010 -0.308090582 0.183805064
1403636667.113555431 -0.114527888 6.989679924 -0.338598807 0.525483478 0.771736945 -0.303652184 0.189959349
1403636667.163555622 -0.123986579 7.012381257 -0.339443321 0.530916378 0.768326557 -0.296994950 0.198987692
1403636667.213555574 -0.133130732 7.034555379 -0.341381187 0.535372625 0.765391907 -0.291540628 0.206289708
1403636667.263555527 -0.141840414 7.056628826 -0.344371728 0.538256802 0.763447817 -0.285756403 0.213939999
1403636667.313555479 -0.151201385 7.078437346 -0.348798807 0.539745455 0.762512882 -0.281809755 0.218705762
1403636667.363555670 -0.161425789 7.099962172 -0.354128439 0.541138870 0.761647996 -0.279933723 0.220676608
1403636667.413555384 -0.172285903 7.121201372 -0.360371475 0.540482263 0.762187147 -0.279088081 0.221493835
1403636667.463555574 -0.184268005 7.141922559 -0.367036808 0.537699740 0.764396950 -0.278945706 0.220829311
1403636667.513555527 -0.197023683 7.162546009 -0.374153958 0.534612131 0.766777286 -0.279704842 0.219106513
1403636667.563555479 -0.210021574 7.183622393 -0.381167942 0.530812472 0.769651887 -0.282516583 0.214612377
1403636667.613555431 -0.223353595 7.204964415 -0.386669285 0.527843261 0.771751550 -0.286276059 0.209349121
1403636667.663555622 -0.236311667 7.226639290 -0.389703717 0.526017975 0.773170363 -0.289221094 0.204606546
1403636667.713555574 -0.248736456 7.248469743 -0.390467946 0.525881891 0.773294752 -0.291569692 0.201123290
1403636667.763555527 -0.260348521 7.270251117 -0.389287267 0.526634278 0.772757410 -0.292631647 0.199672338
1403636667.813555479 -0.270915176 7.292439398 -0.387018862 0.527870659 0.771786640 -0.293196369 0.199333490
1403636667.863555670 -0.281237213 7.314384054 -0.384473348 0.528460829 0.771207835 -0.293996545 0.198830727
1403636667.913555384 -0.291176377 7.335755132 -0.382077808 0.529057294 0.770569731 -0.294942069 0.198317536
1403636667.963555574 -0.300267589 7.357069271 -0.381019865 0.528049187 0.771089968 -0.295313221 0.198429882
1403636668.013555527 -0.308484734 7.378726854 -0.381148392 0.528438358 0.770602887 -0.295491185 0.199020228
1403636668.063555479 -0.315712699 7.400414520 -0.383647341 0.527966794 0.770522246 -0.294529082 0.201987999
1403636668.113555431 -0.322151643 7.422425511 -0.388205018 0.527411422 0.770468846 -0.293466587 0.205164109
1403636668.163555622 -0.328145471 7.444549001 -0.394270338 0.526348586 0.770661359 -0.292500191 0.208523076
1403636668.213555574 -0.333832884 7.467024011 -0.402113138 0.524026404 0.771687184 -0.292204598 0.210977940
1403636668.263555527 -0.339166242 7.489875081 -0.410897289 0.522052297 0.772472523 -0.291872249 0.213443649
1403636668.313555479 -0.344208624 7.513258553 -0.420559022 0.520569741 0.772700884 -0.292236477 0.215727443
1403636668.363555670 -0.349430548 7.537299240 -0.431001455 0.520092016 0.772451217 -0.292826604 0.216970027
1403636668.413555384 -0.354676005 7.561732363 -0.442108548 0.520515287 0.771579207 -0.293182762 0.218570885
1403636668.463555574 -0.359700599 7.586672179 -0.453844013 0.521619264 0.770196988 -0.293510603 0.220366671
1403636668.513555527 -0.364726004 7.612186588 -0.466143705 0.521932038 0.769455817 -0.293832115 0.221782286
1403636668.563555479 -0.370183152 7.638243680 -0.478600705 0.521864912 0.768957682 -0.294848575 0.222318273
1403636668.613555431 -0.375825364 7.664701844 -0.491055442 0.521640982 0.768667009 -0.295305795 0.223240236
1403636668.663555622 -0.381344201 7.691988011 -0.503550353 0.520975633 0.768534580 -0.295887756 0.224475890
1403636668.713555574 -0.386772964 7.719785306 -0.516373737 0.520134850 0.768621993 -0.294297907 0.228185694
1403636668.763555527 -0.392118806 7.748738839 -0.529017154 0.520026425 0.768250679 -0.291315860 0.233449097
1403636668.813555479 -0.398009278 7.778612480 -0.540946884 0.520908659 0.767045180 -0.288746364 0.238582057
1403636668.863555670 -0.405147004 7.809321384 -0.551712129 0.521258119 0.766537657 -0.284740817 0.244197997
1403636668.913555384 -0.413332195 7.841586635 -0.560134290 0.522878658 0.765000923 -0.281462650 0.249299565
1403636668.963555574 -0.423339682 7.875489321 -0.565929185 0.525839403 0.762929581 -0.282114606 0.248681975
1403636669.013555527 -0.435947759 7.909383070 -0.569277640 0.529293073 0.760724992 -0.284788340 0.245034551
1403636669.063555479 -0.449960543 7.943564369 -0.570945514 0.532676350 0.758429294 -0.287425659 0.241717607
1403636669.113555431 -0.465300412 7.977098298 -0.570199800 0.535588990 0.756403571 -0.290205903 0.238282617
1403636669.163555622 -0.481528981 8.010027515 -0.569969930 0.536868988 0.755348427 -0.292100840 0.236426611
1403636669.213555574 -0.498608977 8.042452341 -0.570865362 0.538230242 0.754228748 -0.293130836 0.235630040
1403636669.263555527 -0.516420883 8.073383674 -0.572511791 0.538834939 0.753655905 -0.293554142 0.235553924
1403636669.313555479 -0.535182974 8.104208191 -0.576248947 0.538422534 0.753727907 -0.293490087 0.236345057
1403636669.363555670 -0.554789556 8.134419161 -0.581185090 0.537928399 0.753975350 -0.294384622 0.235567195
1403636669.413555384 -0.575102517 8.164673651 -0.587149096 0.539017078 0.753146615 -0.294405808 0.235703175
1403636669.463555574 -0.596367802 8.194732688 -0.593965293 0.541338604 0.751468559 -0.294443293 0.235691894
1403636669.513555527 -0.618529223 8.224386843 -0.602027540 0.543594007 0.750024958 -0.293454310 0.236331729
1403636669.563555479 -0.641665200 8.253475860 -0.610992210 0.546433978 0.748026357 -0.292427322 0.237387317
1403636669.613555431 -0.665928292 8.281697970 -0.620013022 0.550631883 0.745029822 -0.290540628 0.239418539
1403636669.663555622 -0.691849879 8.308673404 -0.628137117 0.554738324 0.742231509 -0.289065137 0.240414488
1403636669.713555574 -0.718961356 8.334907127 -0.634778664 0.558845575 0.739318066 -0.287600723 0.241632457
1403636669.763555527 -0.747579721 8.359984161 -0.640122758 0.561326835 0.737706231 -0.287452058 0.240983434
1403636669.813555479 -0.778592348 8.383716869 -0.643408939 0.564564712 0.736034215 -0.292048669 0.232868836
1403636669.863555670 -0.811383891 8.405952335 -0.644225653 0.568314800 0.733946861 -0.299581488 0.220434175
1403636669.913555384 -0.845567016 8.425352553 -0.643263146 0.568606261 0.734147117 -0.308163909 0.206760576
1403636669.963555574 -0.878915785 8.442488300 -0.641545963 0.567865580 0.734788541 -0.314503533 0.196728265
1403636670.013555527 -0.911403366 8.456587915 -0.638716352 0.565682470 0.736386866 -0.318615603 0.190320319
1403636670.063555479 -0.943138353 8.467735025 -0.634682601 0.564310723 0.737490504 -0.321543453 0.185124210
1403636670.113555431 -0.973875637 8.476232459 -0.629125293 0.563485940 0.738709446 -0.323153096 0.179900044
1403636670.163555622 -1.002969948 8.482131375 -0.621786388 0.566408382 0.737402283 -0.323529808 0.175350741
1403636670.213555574 -1.030396983 8.485677118 -0.613232025 0.572359651 0.733971008 -0.324746743 0.168019471
1403636670.263555527 -1.056043360 8.486028526 -0.605515743 0.578411663 0.730446825 -0.325263595 0.161527019
1403636670.313555479 -1.079909305 8.483066275 -0.599579021 0.583075080 0.727936663 -0.325613112 0.155266760
1403636670.363555670 -1.101807348 8.476324030 -0.595768037 0.585222218 0.727722370 -0.325164856 0.149006459
1403636670.413555384 -1.121696983 8.465689658 -0.593447924 0.586066748 0.729095362 -0.323263845 0.142990229
1403636670.463555574 -1.139388476 8.450896258 -0.591350501 0.586551110 0.731164019 -0.321046154 0.135226990
1403636670.513555527 -1.154279846 8.431693634 -0.587728387 0.587368014 0.733519842 -0.317088054 0.128072729
1403636670.563555479 -1.166218503 8.408356653 -0.582926666 0.588284934 0.736549336 -0.311165955 0.120795945
1403636670.613555431 -1.174791668 8.380828500 -0.576151315 0.589184372 0.739838096 -0.304132420 0.114038757
1403636670.663555622 -1.179491315 8.349639432 -0.567158673 0.590241585 0.743314104 -0.295659852 0.108093783
1403636670.713555574 -1.180877121 8.314287049 -0.556874567 0.591778351 0.746567971 -0.286366963 0.102120564
1403636670.763555527 -1.178513715 8.275792208 -0.545472121 0.593650757 0.749508708 -0.277012846 0.095285665
1403636670.813555479 -1.173124908 8.234014933 -0.534226062 0.596045637 0.751865784 -0.268325844 0.086189803
1403636670.863555670 -1.164807130 8.188660005 -0.523712917 0.598953549 0.753692713 -0.259972027 0.074943216
1403636670.913555384 -1.152965094 8.140357259 -0.514018351 0.602525749 0.754880565 -0.251293456 0.063005189
1403636670.963555574 -1.137389572 8.088202873 -0.503445401 0.607394001 0.754966813 -0.242229476 0.049219092
1403636671.013555527 -1.117619977 8.031788517 -0.491622393 0.611703047 0.755939243 -0.230140604 0.037557242
1403636671.063555479 -1.092807015 7.970798944 -0.477435502 0.614924160 0.757943881 -0.215745867 0.029035708
1403636671.113555431 -1.062790035 7.905883262 -0.461690906 0.616269845 0.761574709 -0.199127085 0.023745412
1403636671.163555622 -1.028187958 7.836303620 -0.444420788 0.615876553 0.766195585 -0.182405712 0.019197728
1403636671.213555574 -0.988576721 7.763601007 -0.425195592 0.613855018 0.771369978 -0.167132618 0.015396828
1403636671.263555527 -0.944653999 7.686336133 -0.404927920 0.610092190 0.777457748 -0.152119781 0.014371576
1403636671.313555479 -0.896536559 7.606517948 -0.385660717 0.603382376 0.785500903 -0.136292981 0.018500359
1403636671.363555670 -0.844940204 7.523873836 -0.366282577 0.595247521 0.794311892 -0.118422262 0.026929069
1403636671.413555384 -0.791428936 7.440406430 -0.347473606 0.586890625 0.802692948 -0.099702746 0.036094153
1403636671.463555574 -0.737188467 7.356608782 -0.329453645 0.578191984 0.810616935 -0.082994141 0.041306008
1403636671.513555527 -0.682748858 7.273010064 -0.312028153 0.569695697 0.817781895 -0.069493705 0.043014069
1403636671.563555479 -0.628381073 7.190120589 -0.295442007 0.561801941 0.824074820 -0.059429383 0.041802141
1403636671.613555431 -0.573947045 7.108667542 -0.280365039 0.553841858 0.830058873 -0.051314541 0.040351977
1403636671.663555622 -0.519720048 7.029276460 -0.266258502 0.546625967 0.835246527 -0.045713966 0.038386521
1403636671.713555574 -0.465540279 6.952472749 -0.253020209 0.540759762 0.839365202 -0.041436408 0.036441209
1403636671.763555527 -0.411518588 6.878029196 -0.241043639 0.536111862 0.842540009 -0.038379528 0.035176923
1403636671.813555479 -0.357638508 6.806334112 -0.230076047 0.531199972 0.845761116 -0.034894731 0.036015028
1403636671.863555670 -0.304341429 6.737733592 -0.218767290 0.526357142 0.848851773 -0.033508682 0.035721059
1403636671.913555384 -0.251251895 6.672832188 -0.206975532 0.520017929 0.852748900 -0.032824564 0.036376025
1403636671.963555574 -0.198487727 6.612167014 -0.193210713 0.513727630 0.856494801 -0.031473122 0.038858981
1403636672.013555527 -0.146394245 6.555960636 -0.177453306 0.507297849 0.860211449 -0.029888360 0.042330150
1403636672.063555479 -0.094851294 6.505252806 -0.159467771 0.504528179 0.861621939 -0.026743211 0.048412305
1403636672.113555431 -0.044454540 6.459904851 -0.139455171 0.504475607 0.861307617 -0.022063436 0.056273941
1403636672.163555622 0.003974998 6.419382679 -0.116879520 0.505661555 0.860246577 -0.019102566 0.062588414
1403636672.213555574 0.050191024 6.383236751 -0.093360723 0.506203253 0.859592391 -0.016908653 0.067626074
1403636672.263555527 0.094168895 6.352483131 -0.069721234 0.507207172 0.858739066 -0.016441191 0.070977386
1403636672.313555479 0.136185252 6.326086591 -0.047395607 0.509191660 0.857224848 -0.014560697 0.075348524
1403636672.363555670 0.176106801 6.304197281 -0.026660690 0.513426792 0.854189080 -0.011022698 0.081439824
1403636672.413555384 0.213408163 6.285857594 -0.008834353 0.519063015 0.850209683 -0.006774965 0.087585286
1403636672.463555574 0.247610975 6.271275218 0.006304092 0.528358090 0.844041177 -0.003892961 0.091744564
1403636672.513555527 0.277901951 6.259552624 0.018921386 0.541013719 0.836316638 -0.006723046 0.088506702
1403636672.563555479 0.305096186 6.249774390 0.027946491 0.554115911 0.828199857 -0.010430673 0.083257162
1403636672.613555431 0.329723008 6.241118946 0.031448018 0.564698864 0.821673921 -0.015791731 0.075616019
1403636672.663555622 0.352436533 6.232912792 0.030405130 0.572824846 0.816499489 -0.020710827 0.069074902
1403636672.713555574 0.373490998 6.224428128 0.023563820 0.574918643 0.815402586 -0.025439999 0.062769287
1403636672.763555527 0.393222665 6.215301701 0.011458381 0.571739348 0.817907784 -0.029102913 0.057393334
1403636672.813555479 0.411223846 6.205700462 -0.002978818 0.567150302 0.821392264 -0.030479292 0.052213954
1403636672.863555670 0.428119112 6.196848348 -0.016613323 0.564718463 0.823333878 -0.027894617 0.049358605
1403636672.913555384 0.443642778 6.188743607 -0.028386584 0.564021935 0.824172516 -0.023267509 0.045580086
1403636672.963555574 0.457545432 6.180471546 -0.039282373 0.563332082 0.824978412 -0.016600955 0.042331931
1403636673.013555527 0.470069010 6.173153323 -0.048167710 0.562889925 0.825587394 -0.008811427 0.038506444
1403636673.063555479 0.481308582 6.166568362 -0.055521570 0.561879045 0.826446238 -0.000290738 0.035755713
1403636673.113555431 0.491238195 6.160828595 -0.061271359 0.560098995 0.827782854 0.007306174 0.031800675
1403636673.163555622 0.500041990 6.156763456 -0.064301611 0.554965752 0.831293492 0.013489669 0.027967357
1403636673.213555574 0.507701836 6.153309735 -0.065551429 0.547926399 0.835943103 0.019058164 0.024750277
1403636673.263555527 0.514125820 6.151490403 -0.065635187 0.540893992 0.840413434 0.024837192 0.022848709
1403636673.313555479 0.519202856 6.151502936 -0.063498573 0.534987868 0.844140170 0.028346080 0.020294192
1403636673.363555670 0.522681503 6.154283357 -0.059923870 0.530997087 0.846574360 0.031731208 0.018630019
1403636673.413555384 0.524878243 6.160066218 -0.056149986 0.530351065 0.846910800 0.034396984 0.016931978
1403636673.463555574 0.525692348 6.168600069 -0.053318125 0.531008297 0.846455526 0.036266875 0.015097836
1403636673.513555527 0.525386545 6.179694668 -0.052131743 0.532241322 0.845616029 0.038077482 0.014241198
1403636673.563555479 0.523717864 6.193175769 -0.051763465 0.535255919 0.843664237 0.039523019 0.013026415
1403636673.613555431 0.520821780 6.209310231 -0.052199106 0.541335770 0.839709429 0.041016352 0.012701083
1403636673.663555622 0.516433243 6.227286897 -0.053583585 0.547782984 0.835480636 0.041985865 0.011962281
1403636673.713555574 0.510517992 6.246923748 -0.055604324 0.554293610 0.831157975 0.042625748 0.010865583
1403636673.763555527 0.503411674 6.267159817 -0.057563788 0.561736013 0.826078700 0.043863609 0.011073201
1403636673.813555479 0.494692510 6.286756046 -0.058995578 0.567171397 0.822376994 0.043884963 0.009316462
1403636673.863555670 0.484984653 6.306083478 -0.059899778 0.570259198 0.820188098 0.044774186 0.009550003
1403636673.913555384 0.474006206 6.326040051 -0.060409086 0.569827332 0.820379837 0.046373284 0.011101895
1403636673.963555574 0.461367888 6.346643974 -0.059079884 0.569797867 0.820383107 0.046657427 0.011181776
1403636674.013555527 0.447226753 6.367519602 -0.058322752 0.568761446 0.821153698 0.045972310 0.010176870
1403636674.063555479 0.431685717 6.389213587 -0.058493607 0.568493454 0.821361575 0.045633749 0.009895343
1403636674.113555431 0.414705646 6.411161195 -0.059786809 0.568250125 0.821602499 0.044614568 0.008406479
1403636674.163555622 0.396520868 6.433187041 -0.062552381 0.569151990 0.821022877 0.043943399 0.007511773
1403636674.213555574 0.377219409 6.455395882 -0.066818510 0.570828055 0.819945903 0.042534424 0.005905054
1403636674.263555527 0.356856761 6.477517227 -0.072747622 0.572778920 0.818740725 0.039777762 0.002379969
1403636674.313555479 0.335377075 6.499149091 -0.080374050 0.573847027 0.818189584 0.035399783 -0.003499949
1403636674.363555670 0.313223529 6.519855690 -0.089661041 0.573621300 0.818440016 0.031818783 -0.010104964
1403636674.413555384 0.290489064 6.540123591 -0.100361943 0.573653201 0.818358433 0.029656159 -0.018220664
1403636674.463555574 0.267818489 6.560046221 -0.112452479 0.574334524 0.817669693 0.029818886 -0.025825606
1403636674.513555527 0.245522021 6.579455223 -0.126192785 0.575273954 0.816669126 0.031987365 -0.032988245
1403636674.563555479 0.224149649 6.598431331 -0.141853367 0.575527836 0.816110747 0.035853064 -0.038019946
1403636674.613555431 0.203740248 6.617237222 -0.158774157 0.576210397 0.815268668 0.040178024 -0.041283203
1403636674.663555622 0.184145250 6.636209286 -0.176700841 0.577225408 0.814186114 0.045161953 -0.043268909
1403636674.713555574 0.165235137 6.654800955 -0.196154083 0.576058457 0.814657287 0.048325516 -0.046419861
1403636674.763555527 0.147300224 6.673209699 -0.217315311 0.571733763 0.817356448 0.051584429 -0.048867051
1403636674.813555479 0.130518262 6.691240846 -0.238432484 0.564887602 0.821793023 0.054294315 -0.051091610
1403636674.863555670 0.114549138 6.710508182 -0.258332914 0.557868708 0.826326074 0.056630017 -0.052542987
1403636674.913555384 0.099618362 6.730595596 -0.276626920 0.551838565 0.830148274 0.058646077 -0.053746438
1403636674.963555574 0.085594423 6.752594554 -0.293146959 0.546088130 0.833792510 0.060658631 -0.053836183
1403636675.013555527 0.072199991 6.776841007 -0.306762519 0.541441323 0.836707158 0.061561335 -0.054521812
1403636675.063555479 0.059634826 6.803072683 -0.318107696 0.537302607 0.839295863 0.063724224 -0.053175043
1403636675.113555431 0.047987680 6.831974057 -0.327242750 0.535652705 0.840354606 0.066629144 -0.049405193
1403636675.163555622 0.036878730 6.863028593 -0.334525419 0.533919901 0.841395582 0.071617036 -0.043058262
1403636675.213555574 0.025587035 6.897310209 -0.339221605 0.535252694 0.840388879 0.077354315 -0.035600509
1403636675.263555527 0.013375633 6.934700003 -0.342489879 0.536376264 0.839519527 0.081508942 -0.029389779
1403636675.313555479 -0.000134809 6.974438699 -0.343737641 0.537896830 0.838389702 0.084679870 -0.024475029
1403636675.363555670 -0.015157064 7.015765900 -0.342486195 0.543198762 0.834770331 0.087348168 -0.021538275
1403636675.413555384 -0.032176672 7.055225208 -0.339144639 0.550827408 0.829461669 0.090200002 -0.021129753
1403636675.463555574 -0.051244320 7.096949035 -0.336850513 0.557071610 0.824871555 0.093359996 -0.023281953
1403636675.513555527 -0.071731940 7.139001142 -0.336315863 0.562719469 0.820361262 0.098785362 -0.024405974
1403636675.563555479 -0.093686986 7.176457823 -0.335558141 0.568131245 0.815888617 0.104452684 -0.025343457
1403636675.613555431 -0.117092403 7.215839248 -0.337151593 0.572590687 0.811998006 0.109996792 -0.026454643
1403636675.663555622 -0.142311810 7.254489863 -0.339991808 0.575565001 0.809087924 0.115120900 -0.029134853
1403636675.713555574 -0.169237156 7.292274041 -0.343897785 0.578532182 0.806081453 0.119901147 -0.034013535
1403636675.763555527 -0.198012573 7.329291454 -0.348732388 0.581952711 0.802630954 0.124034643 -0.041593292
1403636675.813555479 -0.228651851 7.365243863 -0.354564186 0.583463139 0.800556568 0.125124173 -0.054989892
1403636675.863555670 -0.260218279 7.400411329 -0.361750366 0.584059763 0.798836363 0.125491302 -0.070615800
1403636675.913555384 -0.291819653 7.434202876 -0.370961945 0.581041894 0.799315832 0.126328525 -0.086750343
1403636675.963555574 -0.322923391 7.467003681 -0.381797146 0.576612526 0.800396841 0.129093083 -0.101083469
1403636676.013555527 -0.352915911 7.499136624 -0.394290653 0.571743618 0.801523076 0.134916955 -0.111657548
1403636676.063555479 -0.381442621 7.531109260 -0.408097766 0.568011166 0.801694934 0.143284638 -0.118819445
1403636676.113555431 -0.408519105 7.562871095 -0.423444005 0.564529141 0.801655657 0.154459823 -0.121643823
1403636676.163555622 -0.434551708 7.594776188 -0.439763733 0.563085270 0.799865276 0.169126188 -0.120610328
1403636676.213555574 -0.460209710 7.626444314 -0.456748277 0.561856124 0.797612806 0.183868317 -0.119682701
1403636676.263555527 -0.485454675 7.657899708 -0.474807136 0.560754931 0.794771680 0.200891885 -0.116337163
1403636676.313555479 -0.511456000 7.688681471 -0.492990080 0.557814152 0.792822968 0.216095788 -0.116523486
1403636676.363555670 -0.538553183 7.719517398 -0.509753416 0.558096948 0.788237351 0.231615065 -0.116465172
1403636676.413555384 -0.567052308 7.749537438 -0.524785080 0.556905514 0.784571082 0.245941444 -0.117546888
1403636676.463555574 -0.597568293 7.778416061 -0.537112776 0.554457202 0.781858930 0.257196537 -0.122978721
1403636676.513555527 -0.629395583 7.805106715 -0.547667627 0.550960775 0.780021509 0.266154940 -0.131035178
1403636676.563555479 -0.663615672 7.831690435 -0.555697455 0.548289180 0.777943889 0.271703287 -0.142687086
1403636676.613555431 -0.699510042 7.858359199 -0.561286523 0.545622492 0.776119490 0.276563774 -0.153124498
1403636676.663555622 -0.736673671 7.885481390 -0.564518035 0.543957249 0.774214817 0.279744687 -0.162618692
1403636676.713555574 -0.774389938 7.912446501 -0.565963865 0.542365939 0.772817329 0.281544192 -0.171246700
1403636676.763555527 -0.812427506 7.939534869 -0.565805638 0.541471733 0.771449677 0.282274979 -0.178870328
1403636676.813555479 -0.850727545 7.966434041 -0.564053428 0.539468061 0.770888541 0.283162559 -0.185806439
1403636676.863555670 -0.888990601 7.993007376 -0.560146086 0.536423167 0.771009127 0.283979313 -0.192745589
1403636676.913555384 -0.926142792 8.019475979 -0.556289425 0.535750163 0.769938382 0.285042810 -0.197274548
1403636676.963555574 -0.962844317 8.045701963 -0.553807395 0.534956295 0.769330374 0.285752277 -0.200744051
1403636677.013555527 -0.998926131 8.072600537 -0.555384485 0.535557645 0.768153853 0.287687295 -0.200882273
1403636677.063555479 -1.034408161 8.100056103 -0.561127783 0.537448584 0.766375956 0.291142317 -0.197618483
1403636677.113555431 -1.069903147 8.127977627 -0.570558392 0.539496296 0.764702354 0.294326605 -0.193767659
1403636677.163555622 -1.105248658 8.155706481 -0.583290041 0.541075397 0.763518800 0.297003063 -0.189909551
1403636677.213555574 -1.140651603 8.183021620 -0.597853492 0.543715353 0.761621644 0.298505411 -0.187618247
1403636677.263555527 -1.176410983 8.209455069 -0.612543050 0.547012657 0.758887529 0.299931111 -0.186837363
1403636677.313555479 -1.212564053 8.234174456 -0.626037792 0.549976034 0.755753839 0.301433640 -0.188415121
1403636677.363555670 -1.248876104 8.257699701 -0.638039404 0.554141599 0.750873446 0.304096944 -0.191418924
1403636677.413555384 -1.285671803 8.279259751 -0.646910606 0.558169682 0.745631337 0.306916747 -0.195659464
1403636677.463555574 -1.322185465 8.299071963 -0.653605171 0.561711310 0.740207600 0.309684840 -0.201664110
1403636677.513555527 -1.357866561 8.316505853 -0.658461381 0.563167753 0.735798513 0.312689387 -0.208968845
1403636677.563555479 -1.392628946 8.331924945 -0.661658964 0.563142533 0.731956389 0.316783669 -0.216236998
1403636677.613555431 -1.426484843 8.345350485 -0.663299974 0.560794420 0.729377734 0.321151694 -0.224453400
1403636677.663555622 -1.459305595 8.357259769 -0.663185126 0.556610148 0.727848431 0.326413436 -0.232112200
1403636677.713555574 -1.490746196 8.367257146 -0.661446807 0.551510392 0.726288779 0.331938700 -0.241158863
1403636677.763555527 -1.520471768 8.375725791 -0.658722088 0.544932393 0.725472998 0.338985641 -0.248649053
1403636677.813555479 -1.548498726 8.382623386 -0.654995425 0.535278865 0.726150131 0.346147904 -0.257612408
1403636677.863555670 -1.574624717 8.388583395 -0.650753544 0.524551776 0.726959885 0.353112364 -0.267743196
1403636677.913555384 -1.599381483 8.394752103 -0.645768540 0.514242417 0.726944881 0.361511849 -0.276432740
1403636677.963555574 -1.622935185 8.401479231 -0.639896721 0.505843548 0.725258604 0.370335378 -0.284559256
1403636678.013555527 -1.645194996 8.409420695 -0.634724000 0.499036880 0.722415285 0.380704981 -0.290072518
1403636678.063555479 -1.666517945 8.418805637 -0.630356081 0.495198897 0.717847065 0.390262891 -0.295243152
1403636678.113555431 -1.686930463 8.429641719 -0.627740335 0.494585484 0.711961613 0.400284898 -0.297099076
1403636678.163555622 -1.706630983 8.441727000 -0.626622609 0.494839629 0.706195280 0.409241956 -0.298233112
1403636678.213555574 -1.725563329 8.454588585 -0.627377916 0.495140744 0.701035394 0.418245880 -0.297414534
1403636678.263555527 -1.743949881 8.467688962 -0.628451939 0.495235551 0.695996546 0.426151029 -0.297868857
1403636678.313555479 -1.761930265 8.480498480 -0.628805284 0.494207318 0.691347338 0.433219925 -0.300197405
1403636678.363555670 -1.779687422 8.492798366 -0.627278089 0.491493886 0.687584477 0.438507145 -0.305569681
1403636678.413555384 -1.797052644 8.505012125 -0.624669330 0.487708521 0.684351091 0.444859424 -0.309683830
1403636678.463555574 -1.814235862 8.517154353 -0.620291331 0.484499482 0.680485824 0.451418850 -0.313720127
1403636678.513555527 -1.831083591 8.529105320 -0.614432519 0.480866780 0.676590729 0.458545539 -0.317376927
1403636678.563555479 -1.847928090 8.540780874 -0.606586094 0.477782368 0.671986832 0.465013159 -0.322366979
1403636678.613555431 -1.864102890 8.551930713 -0.597250713 0.474387028 0.666279460 0.472721647 -0.327967794
1403636678.663555622 -1.879739039 8.563218229 -0.588869122 0.472546157 0.658911623 0.482295639 -0.331551683
1403636678.713555574 -1.895168691 8.574410588 -0.581794929 0.471801607 0.650170531 0.493515435 -0.333352725
1403636678.763555527 -1.910454117 8.585175603 -0.576112778 0.471090274 0.640483322 0.505879407 -0.334575991
1403636678.813555479 -1.925645508 8.595268397 -0.572658966 0.470648674 0.630497192 0.518616417 -0.334664203
1403636678.863555670 -1.940972177 8.604383609 -0.570757377 0.469793491 0.621483622 0.530220662 -0.334541826
1403636678.913555384 -1.956754450 8.612148851 -0.570520755 0.469769640 0.612428332 0.540792662 -0.334352090
1403636678.963555574 -1.972519368 8.617632923 -0.571474950 0.467179028 0.605391925 0.549612311 -0.336408503
1403636679.013555527 -1.988599991 8.620831251 -0.572911800 0.464120979 0.598889251 0.556213386 -0.341394274
1403636679.063555479 -2.004802912 8.621699118 -0.575349977 0.459740254 0.593201267 0.561521275 -0.348489619
1403636679.113555431 -2.020929201 8.620516635 -0.578695104 0.455306103 0.587262942 0.566114775 -0.356837009
1403636679.163555622 -2.036827863 8.617163554 -0.583049078 0.448746759 0.582690944 0.569023730 -0.367844540
1403636679.213555574 -2.052276107 8.611920656 -0.587668200 0.441525271 0.577674305 0.570965395 -0.381243164
1403636679.263555527 -2.067024323 8.605538070 -0.591820769 0.434017931 0.572315743 0.573542303 -0.393868446
1403636679.313555479 -2.080938605 8.598450006 -0.594858073 0.425986003 0.567049647 0.577040816 -0.404987062
1403636679.363555670 -2.093939898 8.591182917 -0.596652837 0.419224386 0.560004973 0.582274752 -0.414248063
1403636679.413555384 -2.106055701 8.584009792 -0.596780535 0.412249397 0.553386398 0.588371592 -0.421465063
1403636679.463555574 -2.116854174 8.577036410 -0.594982170 0.405641679 0.546278509 0.594813193 -0.428055935
1403636679.513555527 -2.126711650 8.570374924 -0.591794623 0.399458830 0.539398722 0.601735400 -0.432892794
1403636679.563555479 -2.135803998 8.564214096 -0.587189892 0.394009883 0.533476122 0.607974867 -0.436492841
1403636679.613555431 -2.144886267 8.558374892 -0.580538375 0.388821346 0.528727339 0.612907037 -0.440011734
1403636679.663555622 -2.152397979 8.553248561 -0.572928781 0.383729682 0.525318946 0.617905175 -0.441570753
1403636679.713555574 -2.158903150 8.548782509 -0.563887629 0.380278889 0.521816896 0.622199366 -0.442677130
1403636679.763555527 -2.164591031 8.545252791 -0.553277176 0.379391975 0.517832391 0.625830791 -0.442997929
1403636679.813555479 -2.169917224 8.542010295 -0.540177131 0.380425223 0.513494216 0.626854675 -0.445705684
1403636679.863555670 -2.175779756 8.538863340 -0.524686852 0.382741422 0.509579856 0.627153991 -0.447789288
1403636679.913555384 -2.181333247 8.535996856 -0.507876497 0.387727059 0.504084674 0.627803180 -0.448809020
1403636679.963555574 -2.186188793 8.532786420 -0.489916393 0.390315471 0.501281254 0.629271574 -0.447647432
1403636680.013555527 -2.189842038 8.529585976 -0.470929274 0.395647188 0.497284305 0.631683884 -0.444012493
1403636680.063555479 -2.191447054 8.526062983 -0.450795081 0.401027988 0.493540456 0.634208488 -0.439743067
1403636680.113555431 -2.191534205 8.521536609 -0.430629241 0.407575941 0.489089001 0.636673654 -0.435109709
1403636680.163555622 -2.189976499 8.515448575 -0.411371252 0.410832285 0.487454146 0.637754696 -0.432289529
1403636680.213555574 -2.186660458 8.507127721 -0.393011660 0.410717875 0.488154696 0.637001545 -0.432717981
1403636680.263555527 -2.181983882 8.497084968 -0.375749123 0.412385757 0.487667262 0.635211984 -0.434309066
1403636680.313555479 -2.175692210 8.485976826 -0.361062855 0.415532005 0.486487172 0.635491221 -0.432220190
1403636680.363555670 -2.167671909 8.473436834 -0.348697865 0.418618804 0.485405361 0.638119167 -0.426548779
1403636680.413555384 -2.157915256 8.459011466 -0.337825763 0.420396858 0.485536044 0.640566288 -0.420946627
1403636680.463555574 -2.146820321 8.442352818 -0.328018083 0.421261167 0.486231046 0.642253766 -0.416687532
1403636680.513555527 -2.134544292 8.423279215 -0.319575677 0.421964638 0.487176618 0.643486881 -0.412952082
1403636680.563555479 -2.121090294 8.401508613 -0.312109231 0.420430388 0.489754536 0.643064671 -0.412124510
1403636680.613555431 -2.106573486 8.377111324 -0.305528206 0.418489599 0.492526305 0.641165505 -0.413752450
1403636680.663555622 -2.091236358 8.350653300 -0.300354088 0.417647742 0.494494384 0.639983998 -0.414084713
1403636680.713555574 -2.074895353 8.321813627 -0.296217803 0.414505467 0.497888666 0.638655750 -0.415223949
1403636680.763555527 -2.057536411 8.290614475 -0.292562359 0.407956171 0.503890827 0.635727764 -0.418946306
1403636680.813555479 -2.039645585 8.257764216 -0.289284406 0.401295389 0.509672521 0.632407990 -0.423386427
1403636680.863555670 -2.021171393 8.223748490 -0.286739203 0.393025541 0.516516296 0.628549241 -0.428564688
1403636680.913555384 -2.002254401 8.189186425 -0.285661545 0.383501724 0.524001141 0.625636764 -0.432351560
1403636680.963555574 -1.982976733 8.154993461 -0.287004583 0.374763477 0.530494263 0.625849692 -0.431787374
1403636681.013555527 -1.964513495 8.121472222 -0.290531914 0.369210433 0.534774292 0.628116137 -0.427983915
1403636681.063555479 -1.946705817 8.088512565 -0.295722631 0.364434448 0.538163984 0.631190594 -0.423279451
1403636681.113555431 -1.930281861 8.056237806 -0.301766378 0.362225614 0.539648366 0.634385408 -0.418482256
1403636681.163555622 -1.915768582 8.024274395 -0.307720994 0.363492576 0.538769232 0.635401360 -0.416972389
1403636681.213555574 -1.903344718 7.992401115 -0.313624327 0.369789078 0.534233550 0.635336381 -0.417370621
1403636681.263555527 -1.892298705 7.960081320 -0.318435109 0.377360785 0.528585936 0.633884767 -0.419983152
1403636681.313555479 -1.881546598 7.927051314 -0.321868391 0.382249432 0.524796519 0.631897492 -0.423296049
1403636681.363555670 -1.871683171 7.893464836 -0.323450687 0.386443332 0.521779684 0.629391738 -0.426935068
1403636681.413555384 -1.861317321 7.859407773 -0.323259898 0.388343971 0.519892643 0.627076974 -0.430900301
1403636681.463555574 -1.850621384 7.825116867 -0.321326509 0.388478183 0.519338745 0.625024207 -0.434415365
1403636681.513555527 -1.839412822 7.790714322 -0.318183172 0.388494740 0.518753038 0.624013037 -0.436548796
1403636681.563555479 -1.827867061 7.756303393 -0.314805400 0.388182562 0.517954244 0.624377827 -0.437252821
1403636681.613555431 -1.816011780 7.722347734 -0.312529739 0.389450580 0.516368411 0.625890458 -0.435836030
1403636681.663555622 -1.803743327 7.688299940 -0.311247422 0.389992525 0.515265670 0.626612524 -0.435618944
1403636681.713555574 -1.791005589 7.654112983 -0.311190615 0.390637695 0.513914302 0.627563048 -0.435268770
1403636681.763555527 -1.778270991 7.619725779 -0.312014085 0.391115606 0.512901309 0.627982159 -0.435429946
1403636681.813555479 -1.764992611 7.584859353 -0.313536233 0.391268823 0.511995636 0.628423423 -0.435721446
1403636681.863555670 -1.751205635 7.549564803 -0.314467056 0.390971186 0.511406248 0.628405027 -0.436706198
1403636681.913555384 -1.737019116 7.514115058 -0.314112902 0.390897242 0.510668296 0.628189833 -0.437943799
1403636681.963555574 -1.722199548 7.478427731 -0.311933127 0.389689650 0.510637012 0.628129181 -0.439141833
1403636682.013555527 -1.707647585 7.442449302 -0.307811004 0.388418364 0.510813447 0.627997755 -0.440249494
1403636682.063555479 -1.692267765 7.406346762 -0.301488606 0.386737915 0.511358866 0.627799113 -0.441377581
1403636682.113555431 -1.675908198 7.370579055 -0.293415822 0.385962610 0.511298284 0.627588104 -0.442425248
1403636682.163555622 -1.658659903 7.334761296 -0.284461198 0.384640244 0.511795121 0.627518245 -0.443100992
1403636682.213555574 -1.640768372 7.299118915 -0.276103909 0.382260877 0.513124990 0.628597198 -0.442091540
1403636682.263555527 -1.622626738 7.263679276 -0.269071809 0.378857777 0.515482000 0.629612307 -0.440832662
1403636682.313555479 -1.604260723 7.228613364 -0.264256326 0.375391420 0.517934860 0.632102267 -0.437345957
1403636682.363555670 -1.586448330 7.193653470 -0.260801822 0.371474585 0.520854140 0.634170698 -0.434217830
1403636682.413555384 -1.569525553 7.158868166 -0.258379208 0.369506038 0.522596322 0.635178170 -0.432327496
1403636682.463555574 -1.553643709 7.124354447 -0.256168865 0.370727356 0.522251797 0.634107104 -0.433269511
1403636682.513555527 -1.538401143 7.090168962 -0.254938235 0.374665056 0.520410910 0.632588590 -0.434315849
1403636682.563555479 -1.523440339 7.055930717 -0.254696984 0.378753545 0.518407362 0.631001351 -0.435473138
1403636682.613555431 -1.508406942 7.021458010 -0.255668854 0.382313673 0.516487362 0.629679828 -0.436555121
1403636682.663555622 -1.493268528 6.986880336 -0.257475836 0.385498316 0.515274776 0.628019691 -0.437577675
1403636682.713555574 -1.477734993 6.952072530 -0.258836660 0.386271524 0.515436640 0.626111391 -0.439435896
1403636682.763555527 -1.462092058 6.917425199 -0.258935779 0.387189663 0.515666452 0.624036508 -0.441305690
1403636682.813555479 -1.445906612 6.883081292 -0.257564899 0.388721367 0.515680401 0.622122781 -0.442642823
1403636682.863555670 -1.429373147 6.848955364 -0.255154792 0.391088037 0.514534226 0.621903406 -0.442199989
1403636682.913555384 -1.412164769 6.814934241 -0.251545338 0.393490910 0.514008360 0.622271584 -0.440157227
1403636682.963555574 -1.393939734 6.780459543 -0.246200102 0.395414352 0.513196873 0.622985438 -0.438366974
1403636683.013555527 -1.374677265 6.745784945 -0.240052867 0.397298812 0.512012446 0.624351496 -0.436098750
1403636683.063555479 -1.355200975 6.710362958 -0.233838249 0.398202860 0.511590428 0.623752821 -0.436625852
1403636683.113555431 -1.334763168 6.674306059 -0.229286446 0.397186890 0.512084852 0.624213490 -0.436313189
1403636683.163555622 -1.313737663 6.637705989 -0.226371342 0.395448564 0.513022845 0.623899786 -0.437237980
1403636683.213555574 -1.291959316 6.600562612 -0.225062568 0.392898532 0.514337369 0.624087706 -0.437724056
1403636683.263555527 -1.269702143 6.563090924 -0.224925856 0.391383554 0.514962907 0.624126686 -0.438289855
1403636683.313555479 -1.246781235 6.525144823 -0.226003540 0.389551945 0.515404797 0.624164833 -0.439346604
1403636683.363555670 -1.223525711 6.487156027 -0.228212893 0.387977946 0.515752403 0.624255607 -0.440201669
1403636683.413555384 -1.199906225 6.449416981 -0.231658928 0.386887162 0.515720143 0.624558403 -0.440769621
1403636683.463555574 -1.176125864 6.411606941 -0.236153918 0.385154398 0.515914726 0.624853036 -0.441640995
1403636683.513555527 -1.152190231 6.374303260 -0.241738722 0.385012535 0.515389539 0.625326684 -0.441707493
1403636683.563555479 -1.128075596 6.337146905 -0.247997207 0.384374930 0.515232259 0.625392351 -0.442352846
1403636683.613555431 -1.103462726 6.300456110 -0.255521369 0.383246076 0.515514608 0.626347352 -0.441651591
1403636683.663555622 -1.078572444 6.264147541 -0.263904064 0.381206433 0.516273822 0.627397508 -0.441038959
1403636683.713555574 -1.053501377 6.228260261 -0.272342467 0.379260469 0.517059796 0.628754363 -0.439862040
1403636683.763555527 -1.028449598 6.192529715 -0.279420950 0.376566701 0.518495357 0.629489369 -0.439435114
1403636683.813555479 -1.003376924 6.157312047 -0.285103218 0.374722216 0.519092584 0.631437140 -0.437508043
1403636683.863555670 -0.978048865 6.122256869 -0.288624626 0.371272936 0.520553626 0.631949350 -0.437973000
1403636683.913555384 -0.953859302 6.087684527 -0.291392999 0.371970798 0.519267544 0.633462283 -0.436720139
1403636683.963555574 -0.930601702 6.052995376 -0.291494968 0.371179827 0.519185669 0.633327844 -0.437684384
1403636684.013555527 -0.908089524 6.018648502 -0.289121238 0.371512730 0.518196539 0.632725660 -0.439441553
1403636684.063555479 -0.886766946 5.984524853 -0.284445743 0.372324517 0.516777798 0.632327822 -0.440995111
1403636684.113555431 -0.864452725 5.950856224 -0.277961907 0.373005260 0.515348620 0.632280166 -0.442159098
1403636684.163555622 -0.842262283 5.917300803 -0.270433665 0.373027783 0.514252944 0.632477042 -0.443133133
1403636684.213555574 -0.820032309 5.883914116 -0.260816410 0.373105580 0.513244078 0.632191988 -0.444641467
1403636684.263555527 -0.798000413 5.850604152 -0.249838285 0.372943417 0.512313941 0.631768375 -0.446448602
1403636684.313555479 -0.775939357 5.817749116 -0.239044293 0.374143793 0.510628992 0.631552713 -0.447678036
1403636684.363555670 -0.753526867 5.785412101 -0.229630454 0.374728342 0.509420273 0.631106164 -0.449193349
1403636684.413555384 -0.730963189 5.753617540 -0.222048296 0.375086169 0.508436620 0.630948920 -0.450228863
1403636684.463555574 -0.708176038 5.722248558 -0.216280954 0.374330957 0.508448904 0.630481947 -0.451495915
1403636684.513555527 -0.685094645 5.691082363 -0.211871661 0.372379465 0.509062547 0.629452217 -0.453848833
1403636684.563555479 -0.662064959 5.660792008 -0.208893815 0.371887448 0.509094124 0.628403728 -0.455666164
1403636684.613555431 -0.638502408 5.631038328 -0.207497923 0.370670860 0.509576893 0.627524197 -0.457326892
1403636684.663555622 -0.614667046 5.602085339 -0.207730363 0.370361494 0.509302810 0.627273075 -0.458226474
1403636684.713555574 -0.590573424 5.573906514 -0.209361477 0.370410292 0.509032914 0.626769195 -0.459175438
1403636684.763555527 -0.565914139 5.546678134 -0.212726942 0.370939124 0.508479097 0.626832477 -0.459275756
1403636684.813555479 -0.540723953 5.520270597 -0.217636549 0.371076174 0.508364137 0.626635850 -0.459560539
1403636684.863555670 -0.514820050 5.494911413 -0.224506125 0.371469592 0.507953818 0.627392737 -0.458662855
1403636684.913555384 -0.488485261 5.470482458 -0.232234589 0.374148843 0.506200690 0.628310811 -0.457164116
1403636684.963555574 -0.461471650 5.446760480 -0.240100523 0.377215847 0.504130788 0.631114012 -0.453051274
1403636685.013555527 -0.433739386 5.423447049 -0.246853541 0.379289124 0.503187376 0.632744445 -0.450085205
1403636685.063555479 -0.406238832 5.400017821 -0.251842628 0.380569123 0.502791792 0.633833497 -0.447909204
1403636685.113555431 -0.378195982 5.376212190 -0.254087987 0.380519803 0.503458225 0.634685989 -0.445991245
1403636685.163555622 -0.349489761 5.352441051 -0.254581296 0.378908400 0.505436538 0.634995666 -0.444682847
1403636685.213555574 -0.319983501 5.329147204 -0.254015714 0.379704644 0.505985116 0.636414538 -0.441338852
1403636685.263555527 -0.290236619 5.305664534 -0.252317923 0.380778137 0.506437982 0.637775765 -0.437916264
1403636685.313555479 -0.260949833 5.281677420 -0.248606434 0.381981802 0.506859708 0.638584727 -0.435192700
1403636685.363555670 -0.231608477 5.257077273 -0.243574507 0.383032690 0.507191712 0.638778867 -0.433594379
1403636685.413555384 -0.202568186 5.231960692 -0.238499895 0.383433187 0.508172019 0.637872457 -0.433426947
1403636685.463555574 -0.173344281 5.206291085 -0.234598735 0.382449464 0.509858861 0.636825944 -0.433853740
1403636685.513555527 -0.144324837 5.180248467 -0.232139316 0.381753155 0.511257383 0.635547259 -0.434695409
1403636685.563555479 -0.115185939 5.154099438 -0.231553398 0.380871010 0.512619634 0.634987640 -0.434682737
1403636685.613555431 -0.086154671 5.127484507 -0.232170612 0.379992076 0.513882405 0.633584560 -0.436006308
1403636685.663555622 -0.057220659 5.100972576 -0.234483579 0.381182378 0.513659647 0.633293628 -0.435652318
1403636685.713555574 -0.028161117 5.074321180 -0.238336743 0.382492424 0.512963247 0.633122264 -0.435573705
1403636685.763555527 0.000781564 5.047284482 -0.243520624 0.383408628 0.512354259 0.633225794 -0.435334390
1403636685.813555479 0.029461641 5.020041562 -0.249755141 0.385823918 0.510777477 0.633537777 -0.434598847
1403636685.863555670 0.058322470 4.992551566 -0.257071769 0.387910553 0.509360993 0.633719912 -0.434138059
1403636685.913555384 0.087447303 4.964171577 -0.265139008 0.387005926 0.509988412 0.633443345 -0.434612197
1403636685.963555574 0.116983241 4.935188485 -0.273855001 0.384294948 0.511628049 0.632829693 -0.435982467
1403636686.013555527 0.146815178 4.906039173 -0.282262073 0.381370851 0.513616549 0.632521702 -0.436658461
1403636686.063555479 0.176989825 4.876616292 -0.289159158 0.377672151 0.515830908 0.632606852 -0.437139329
1403636686.113555431 0.206594153 4.847217110 -0.294051518 0.375155416 0.517506943 0.632431048 -0.437579648
1403636686.163555622 0.235200846 4.818001672 -0.296485293 0.375040988 0.517723470 0.631938371 -0.438133040
1403636686.213555574 0.263853386 4.789071373 -0.297655340 0.373990156 0.518697571 0.631863590 -0.437986982
1403636686.263555527 0.292159409 4.760349226 -0.297448468 0.372555395 0.519858684 0.631685541 -0.438089949
1403636686.313555479 0.319997894 4.731933297 -0.295419301 0.371495970 0.520853911 0.631726368 -0.437748494
1403636686.363555670 0.347293840 4.703834352 -0.291633808 0.370395431 0.521590778 0.631758093 -0.437757920
1403636686.413555384 0.373914622 4.676305681 -0.287353673 0.370171130 0.521958765 0.632239409 -0.436813133
1403636686.463555574 0.400215499 4.649164556 -0.284022456 0.368951860 0.522769070 0.632703854 -0.436202771
1403636686.513555527 0.426063347 4.622574439 -0.282250766 0.367513993 0.523612443 0.633019581 -0.435946883
1403636686.563555479 0.450958535 4.596418721 -0.281787560 0.367883777 0.523379204 0.633298331 -0.435509999
1403636686.613555431 0.475416861 4.570733096 -0.283386497 0.368243746 0.522541433 0.634383735 -0.434631190
1403636686.663555622 0.499221449 4.545033903 -0.286422026 0.368603707 0.522208111 0.634612221 -0.434393053
1403636686.713555574 0.522286594 4.519220754 -0.290381534 0.368620300 0.521981052 0.634510784 -0.434799862
1403636686.763555527 0.544576821 4.493480693 -0.294450980 0.369093281 0.521260785 0.633870430 -0.436194477
1403636686.813555479 0.565983655 4.468040134 -0.297663687 0.370121143 0.520506243 0.633144100 -0.437278103
1403636686.863555670 0.586972502 4.442766589 -0.299439460 0.370010477 0.520098736 0.632403454 -0.438925305
1403636686.913555384 0.607534198 4.417903256 -0.299310091 0.369989607 0.519821949 0.631559396 -0.440483328
1403636686.963555574 0.627858438 4.393471692 -0.297453441 0.370017824 0.519544823 0.631026761 -0.441548654
1403636687.013555527 0.647576411 4.369363181 -0.294080334 0.370118104 0.519000772 0.630586802 -0.442731377
1403636687.063555479 0.666837549 4.345717466 -0.288851883 0.369669687 0.519394230 0.629954304 -0.443544283
1403636687.113555431 0.686046971 4.322587626 -0.282227655 0.369459575 0.519235402 0.630039820 -0.443783781
1403636687.163555622 0.705166304 4.299792323 -0.275607573 0.369495652 0.518806717 0.630161238 -0.444082613
1403636687.213555574 0.723876309 4.277500054 -0.269505377 0.370518278 0.518107263 0.629606986 -0.444832680
1403636687.263555527 0.742576079 4.255784005 -0.264964512 0.370868142 0.517548197 0.629773389 -0.444956362
1403636687.313555479 0.761145003 4.234467650 -0.261879950 0.371258308 0.516943081 0.629642334 -0.445519529
1403636687.363555670 0.779548992 4.213836783 -0.260456999 0.372839800 0.515769932 0.629349424 -0.445972155
1403636687.413555384 0.797877705 4.193457106 -0.260412752 0.373914049 0.514629309 0.629356451 -0.446380349
1403636687.463555574 0.816110460 4.173175931 -0.261655441 0.374521137 0.513997376 0.629228276 -0.446780028
1403636687.513555527 0.834307822 4.153050842 -0.264508910 0.374748853 0.513758526 0.628933065 -0.447279191
1403636687.563555479 0.852810729 4.133119896 -0.269276168 0.373597012 0.514181988 0.628657231 -0.448143104
1403636687.613555431 0.871372408 4.113412682 -0.275466010 0.373466166 0.513936751 0.627918208 -0.449567306
1403636687.663555622 0.890338032 4.094277135 -0.283560672 0.372694315 0.514007914 0.627746153 -0.450366052
1403636687.713555574 0.909436050 4.075657715 -0.293025649 0.372543459 0.513770634 0.626711433 -0.452198946
1403636687.763555527 0.928791376 4.057418911 -0.304538326 0.371696334 0.513984851 0.626901134 -0.452389629
1403636687.813555479 0.948085893 4.039831663 -0.317458998 0.371978451 0.513590056 0.627412382 -0.451897100
1403636687.863555670 0.967404879 4.022706515 -0.331511713 0.371659883 0.513629523 0.627671888 -0.451753966
1403636687.913555384 0.986837021 4.006263689 -0.347120613 0.372233819 0.513108278 0.628444707 -0.450798324
1403636687.963555574 1.006357407 3.990325598 -0.363935675 0.373656395 0.511920370 0.629734230 -0.449169492
1403636688.013555527 1.025799405 3.974503460 -0.381451529 0.375058646 0.510947639 0.630360092 -0.448229491
1403636688.063555479 1.045389152 3.959028012 -0.399551072 0.377309975 0.509053288 0.632136860 -0.445987582
1403636688.113555431 1.065461724 3.943703843 -0.416490882 0.379025556 0.507908383 0.633227182 -0.444288238
1403636688.163555622 1.085942959 3.928133807 -0.431621708 0.379266942 0.507619259 0.633861828 -0.443506999
1403636688.213555574 1.106252712 3.912210864 -0.444852718 0.379097890 0.507728171 0.633945857 -0.443406749
1403636688.263555527 1.126871630 3.895905399 -0.456291983 0.378615642 0.507928055 0.633180211 -0.444682029
1403636688.313555479 1.147610755 3.879212924 -0.466341648 0.376343107 0.509408443 0.632650899 -0.445669994
1403636688.363555670 1.168591684 3.862560576 -0.475624778 0.374593003 0.510514468 0.631939229 -0.446886866
1403636688.413555384 1.189651799 3.846067101 -0.485809056 0.373270741 0.511274857 0.632428872 -0.446431065
1403636688.463555574 1.210531204 3.830044291 -0.496883715 0.374720688 0.510479234 0.632988361 -0.445332564
1403636688.513555527 1.231712687 3.814011751 -0.509195292 0.375931656 0.509440371 0.634404977 -0.443481931
1403636688.563555479 1.252786361 3.798093825 -0.522582494 0.378679456 0.507616074 0.636328568 -0.440469914
1403636688.613555431 1.273969867 3.781864336 -0.537271147 0.381226656 0.505560551 0.638598783 -0.437340097
1403636688.663555622 1.295011479 3.764812238 -0.552530044 0.382877229 0.503958701 0.639980052 -0.435724900
1403636688.713555574 1.316112048 3.747048825 -0.568537961 0.383617283 0.502900036 0.640800705 -0.435090555
1403636688.763555527 1.337568511 3.728597112 -0.585156436 0.383592086 0.502007694 0.642039906 -0.434315723
1403636688.813555479 1.358961137 3.709011399 -0.600524848 0.381814967 0.502302719 0.641978846 -0.435628822
1403636688.863555670 1.380341849 3.688601708 -0.614520774 0.380234672 0.501208124 0.643821748 -0.435552027
1403636688.913555384 1.401974945 3.666975196 -0.626396183 0.376601191 0.500488952 0.645383839 -0.437220828
1403636688.963555574 1.423451670 3.644653943 -0.636360009 0.372504703 0.500140284 0.646997260 -0.438741938
1403636689.013555527 1.444588047 3.621711018 -0.644272972 0.368640049 0.499698782 0.648403128 -0.440430500
1403636689.063555479 1.465485717 3.598311866 -0.649744457 0.364534799 0.499243279 0.649667637 -0.442495751
1403636689.113555431 1.485622846 3.574436664 -0.653927937 0.360169678 0.499005394 0.650874042 -0.444560908
1403636689.163555622 1.505228490 3.550362376 -0.656278960 0.356021711 0.498773103 0.652396178 -0.445929545
1403636689.213555574 1.524457122 3.526378041 -0.656781640 0.353234837 0.497739850 0.654342837 -0.446447805
1403636689.263555527 1.543085897 3.502511916 -0.655374385 0.350521374 0.497034795 0.655515712 -0.447649785
1403636689.313555479 1.560517354 3.478735103 -0.652030355 0.348114569 0.496313110 0.657126187 -0.447967319
1403636689.363555670 1.575926206 3.454752838 -0.646596967 0.347057103 0.495107530 0.657909855 -0.448970514
1403636689.413555384 1.590121789 3.430880472 -0.639256351 0.346472235 0.493604947 0.659001248 -0.449475808
1403636689.463555574 1.603662166 3.407067897 -0.629764850 0.345564256 0.492904062 0.659198466 -0.450653207
1403636689.513555527 1.616627675 3.383485208 -0.618261656 0.344420603 0.492540648 0.660041442 -0.450692193
1403636689.563555479 1.629472713 3.360191708 -0.605530574 0.342371660 0.492988777 0.660881668 -0.450532055
1403636689.613555431 1.642417411 3.337462102 -0.591315311 0.340092362 0.494017225 0.661851847 -0.449706904
1403636689.663555622 1.654492405 3.314832040 -0.576985592 0.336498809 0.496197895 0.662270897 -0.449392324
1403636689.713555574 1.663506285 3.291839225 -0.564588953 0.331976496 0.499296160 0.662491864 -0.448998309
1403636689.763555527 1.672304796 3.269624488 -0.553044630 0.326322137 0.503660307 0.662228812 -0.448657062
1403636689.813555479 1.678953088 3.247894452 -0.542642895 0.322511254 0.506652290 0.661449755 -0.449192798
1403636689.863555670 1.683499431 3.226783108 -0.532936500 0.320636403 0.508628322 0.659465838 -0.451214290
1403636689.913555384 1.686147584 3.206378472 -0.523714121 0.317515447 0.511395466 0.655813485 -0.455595534
1403636689.963555574 1.686780966 3.187428550 -0.515653470 0.316887818 0.512880047 0.652789518 -0.458695992
1403636690.013555527 1.685762092 3.170271865 -0.509147032 0.317947870 0.513017369 0.651519873 -0.459613084
1403636690.063555479 1.683280069 3.154911178 -0.504012870 0.319770524 0.512585877 0.651483199 -0.458881435
1403636690.113555431 1.679469430 3.141185346 -0.500661065 0.322572241 0.511240034 0.653905549 -0.454959680
1403636690.163555622 1.673986978 3.128700793 -0.497729466 0.326718109 0.509152576 0.656305336 -0.450868315
1403636690.213555574 1.666985553 3.116905623 -0.493637998 0.329975175 0.507487477 0.658283904 -0.447476419
1403636690.263555527 1.658152175 3.105312039 -0.487058534 0.331930903 0.506594859 0.658821187 -0.446248998
1403636690.313555479 1.647712503 3.094160906 -0.479138591 0.334256415 0.505240653 0.659552262 -0.444966679
1403636690.363555670 1.635656008 3.083275326 -0.469613703 0.336049579 0.504544471 0.659768194 -0.444085001
1403636690.413555384 1.622613019 3.072549727 -0.459318319 0.336944925 0.504170790 0.659815582 -0.443760443
1403636690.463555574 1.608197334 3.061829082 -0.448736144 0.336926734 0.504325903 0.658755211 -0.445171125
1403636690.513555527 1.592740881 3.051088139 -0.438627360 0.335364076 0.505558794 0.656356014 -0.448484140
1403636690.563555479 1.576180010 3.040825303 -0.429876407 0.333953468 0.506631275 0.654311326 -0.451305352
1403636690.613555431 1.558650578 3.030848011 -0.422310719 0.329714454 0.509719082 0.651669203 -0.454754973
1403636690.663555622 1.539847568 3.021762115 -0.415990861 0.326957585 0.511734854 0.648752753 -0.458634977
1403636690.713555574 1.519884735 3.013451205 -0.411461102 0.322888737 0.514452208 0.643704315 -0.465538982
1403636690.763555527 1.499131511 3.006528363 -0.410883872 0.317958841 0.517882222 0.638035966 -0.472874493
1403636690.813555479 1.477549514 3.001577709 -0.414514878 0.314726097 0.519952856 0.633279924 -0.479116947
1403636690.863555670 1.454995519 2.999124872 -0.421499357 0.313989162 0.520269696 0.628593913 -0.485386383
1403636690.913555384 1.431766993 2.999379387 -0.430228218 0.314979877 0.519352030 0.623809720 -0.491856259
1403636690.963555574 1.407878130 3.002660460 -0.438370338 0.316755669 0.517774847 0.618036318 -0.499606009
1403636691.013555527 1.383217082 3.009451343 -0.444966031 0.320181797 0.514926827 0.612323146 -0.507340462
1403636691.063555479 1.359159663 3.020460215 -0.449573419 0.324185313 0.511519718 0.607868054 -0.513563909
1403636691.113555431 1.336439655 3.035636198 -0.453228492 0.327741081 0.508183467 0.606064352 -0.516741085
1403636691.163555622 1.315177726 3.055278360 -0.454142396 0.334388303 0.503020378 0.604906275 -0.518886654
1403636691.213555574 1.295399208 3.079070114 -0.454311863 0.343018037 0.496565883 0.606652321 -0.517430103
1403636691.263555527 1.278324854 3.106683870 -0.453001744 0.353106971 0.489188352 0.610109952 -0.513591344
1403636691.313555479 1.264940589 3.137411468 -0.450449225 0.360964118 0.483241181 0.614609183 -0.508368389
1403636691.363555670 1.254098964 3.170046736 -0.446067548 0.365672861 0.479307127 0.619522720 -0.502732171
1403636691.413555384 1.245911181 3.203796078 -0.440168304 0.364060547 0.479295764 0.625605896 -0.496339351
1403636691.463555574 1.239216645 3.238494232 -0.431870432 0.360378130 0.480890834 0.631858162 -0.489516978
1403636691.513555527 1.233964620 3.273758109 -0.420732835 0.355120751 0.483324433 0.636573158 -0.484831268
1403636691.563555479 1.229345803 3.309646018 -0.406637137 0.351931869 0.484329563 0.639742826 -0.481972977
1403636691.613555431 1.226429462 3.347664115 -0.394106449 0.349888845 0.484452730 0.643464659 -0.478368667
1403636691.663555622 1.222528044 3.385284603 -0.377381330 0.351619456 0.482553674 0.647548992 -0.473482853
1403636691.713555574 1.219177452 3.423323779 -0.360973749 0.353776619 0.480369665 0.652095731 -0.467822880
1403636691.763555527 1.216323983 3.460906843 -0.345073858 0.356644908 0.477769555 0.654788733 -0.464534581
1403636691.813555479 1.214184579 3.497864172 -0.330530888 0.356580413 0.477427924 0.656008773 -0.463212129
1403636691.863555670 1.212875748 3.534254947 -0.317651192 0.355041023 0.478200665 0.656122539 -0.463436306
1403636691.913555384 1.212092432 3.570444825 -0.306319631 0.353484259 0.479319383 0.654939777 -0.465140512
1403636691.963555574 1.211299280 3.606540281 -0.295487761 0.353681899 0.479037689 0.651821133 -0.469639455
1403636692.013555527 1.210948664 3.642800437 -0.285685802 0.354574556 0.478536285 0.648821976 -0.473613716
1403636692.063555479 1.211428646 3.679204475 -0.276615874 0.353514230 0.479391333 0.647657940 -0.475132436
1403636692.113555431 1.212709860 3.716547346 -0.267623384 0.354336879 0.479151335 0.648534771 -0.473563115
1403636692.163555622 1.213656470 3.753854295 -0.257302750 0.357970618 0.477106990 0.650505991 -0.470178595
1403636692.213555574 1.215236756 3.790676043 -0.245121617 0.359191570 0.476491916 0.652240321 -0.467460622
1403636692.263555527 1.217769525 3.827055644 -0.231465797 0.359361101 0.476801671 0.653253398 -0.465596137
1403636692.313555479 1.221449004 3.862815639 -0.214580907 0.358432070 0.477828728 0.653231982 -0.465289304
1403636692.363555670 1.226672053 3.898395944 -0.195744060 0.356297578 0.479678939 0.652452002 -0.466118587
1403636692.413555384 1.231848391 3.933827586 -0.175957860 0.355859606 0.480594174 0.652992917 -0.464750934
1403636692.463555574 1.236787618 3.968795276 -0.154377972 0.357242290 0.480080649 0.654229052 -0.462476879
1403636692.513555527 1.242115410 4.003451237 -0.131601560 0.360404140 0.478641401 0.655639136 -0.459509073
1403636692.563555479 1.247866547 4.037023019 -0.106972754 0.361013221 0.478796214 0.655472159 -0.459107708
1403636692.613555431 1.253492825 4.069432140 -0.080044556 0.360128985 0.479825597 0.655013630 -0.459381818
1403636692.663555622 1.259927045 4.101688077 -0.052105208 0.359869047 0.480849333 0.654357326 -0.459450408
1403636692.713555574 1.266612906 4.134021327 -0.025214436 0.360637071 0.480989016 0.656150570 -0.456132546
1403636692.763555527 1.273576140 4.166475449 -0.000133809 0.364029355 0.479132875 0.660292388 -0.449364307
1403636692.813555479 1.280659529 4.198098759 0.023341675 0.368162783 0.476787779 0.665103258 -0.441324410
1403636692.863555670 1.287627962 4.227951422 0.045999519 0.371265725 0.474784996 0.668466976 -0.435766992
1403636692.913555384 1.294724349 4.255909707 0.067721767 0.373356418 0.473360867 0.671137468 -0.431403494
1403636692.963555574 1.301667607 4.281039956 0.089018010 0.372543673 0.473955711 0.671745268 -0.430506086
1403636693.013555527 1.308411066 4.303568528 0.109891695 0.369377051 0.476119653 0.671121007 -0.431818554
1403636693.063555479 1.314816292 4.324214770 0.129907761 0.367368708 0.477591014 0.669213704 -0.434856382
1403636693.113555431 1.320847283 4.343015956 0.148680149 0.366036751 0.478264555 0.667085966 -0.438493359
1403636693.163555622 1.326901903 4.360183861 0.165561947 0.363979098 0.479354443 0.665225130 -0.441830353
1403636693.213555574 1.332870281 4.376254839 0.180121611 0.361493210 0.480698040 0.665391694 -0.442160544
1403636693.263555527 1.338708208 4.391129547 0.193067648 0.357473160 0.483105586 0.666018523 -0.441861131
1403636693.313555479 1.344366532 4.404891245 0.204499817 0.352330914 0.486264425 0.666798041 -0.441350437
1403636693.363555670 1.349558866 4.417770284 0.214668602 0.347790298 0.488938012 0.667616918 -0.440759775
1403636693.413555384 1.353908824 4.429753110 0.223906824 0.343512772 0.491352438 0.668322225 -0.440360262
1403636693.463555574 1.357224488 4.441057679 0.232115923 0.339406707 0.493440840 0.669824510 -0.438924083
1403636693.513555527 1.359323352 4.451952374 0.239337374 0.334408886 0.496853751 0.671505636 -0.436333848
1403636693.563555479 1.359840163 4.462354512 0.245460511 0.330033101 0.499383697 0.674037841 -0.432859174
1403636693.613555431 1.358409547 4.472002227 0.251048185 0.327258281 0.500678621 0.676242235 -0.430022529
1403636693.663555622 1.354615884 4.481164742 0.256228415 0.325553888 0.501566292 0.677438454 -0.428395917
1403636693.713555574 1.348316791 4.489255347 0.261420781 0.325761838 0.501114514 0.676912707 -0.429595921
1403636693.763555527 1.339564037 4.496637315 0.266420155 0.328811976 0.498619743 0.674883291 -0.433351565
1403636693.813555479 1.329016645 4.503567511 0.270572145 0.332323343 0.496149366 0.672863885 -0.436636227
1403636693.863555670 1.316647020 4.509965338 0.274363352 0.336044870 0.493435236 0.669864533 -0.441448774
1403636693.913555384 1.303031452 4.515582640 0.277769124 0.339544527 0.490830418 0.665658075 -0.447989221
1403636693.963555574 1.288275571 4.520989263 0.280020788 0.344304291 0.487423198 0.662579091 -0.452616978
1403636694.013555527 1.273039428 4.525682286 0.281820922 0.347603311 0.484690089 0.658620003 -0.458766986
1403636694.063555479 1.257810247 4.530466467 0.282402874 0.350915138 0.482214074 0.655921954 -0.462703516
1403636694.113555431 1.243320318 4.535352652 0.282335390 0.352077054 0.480947104 0.654713658 -0.464845842
1403636694.163555622 1.229157003 4.540274815 0.283171748 0.353626891 0.479616630 0.653472595 -0.466786329
1403636694.213555574 1.215881975 4.545431983 0.285697382 0.354405288 0.478913791 0.652720086 -0.467968975
1403636694.263555527 1.203212879 4.550758017 0.288673891 0.354557469 0.478421644 0.653455317 -0.467330591
1403636694.313555479 1.190895231 4.555742343 0.293709225 0.353419436 0.478795509 0.654541160 -0.466289002
1403636694.363555670 1.179431125 4.560813905 0.300013120 0.351133847 0.480479154 0.655248512 -0.465289363
1403636694.413555384 1.168279745 4.565935197 0.306186601 0.349436858 0.481255197 0.657098622 -0.463150859
1403636694.463555574 1.157177468 4.571164397 0.312016918 0.348428601 0.482231740 0.658071357 -0.461510724
1403636694.513555527 1.145903032 4.576298735 0.316940276 0.348414823 0.482446136 0.659131482 -0.459780955
1403636694.563555479 1.134572177 4.581185222 0.320529477 0.347835141 0.482816750 0.659665875 -0.459063866
1403636694.613555431 1.123277449 4.586063218 0.322715591 0.347730387 0.483266533 0.659938670 -0.458277196
1403636694.663555622 1.111661632 4.590703012 0.323145097 0.348185684 0.483298265 0.660132541 -0.457618339
1403636694.713555574 1.099953479 4.595175970 0.322398596 0.349382072 0.482730221 0.659677323 -0.457962369
1403636694.763555527 1.088380271 4.599189379 0.320868721 0.349404914 0.483275230 0.657522278 -0.460462499
1403636694.813555479 1.077022734 4.603322949 0.317734661 0.350725259 0.483181837 0.656181008 -0.461468948
1403636694.863555670 1.066199165 4.606896540 0.313352111 0.346530827 0.486349460 0.653809696 -0.464664900
1403636694.913555384 1.055209710 4.610968813 0.307600721 0.343665272 0.488999105 0.651708562 -0.466958250
1403636694.963555574 1.044306787 4.615498556 0.301378149 0.340407195 0.491831840 0.649851591 -0.468953401
1403636695.013555527 1.033377576 4.621022496 0.294368842 0.338821867 0.493325085 0.649184050 -0.469457317
1403636695.063555479 1.022029729 4.627535088 0.287180629 0.339688408 0.493391434 0.650297337 -0.467215210
1403636695.113555431 1.010828312 4.635041885 0.281547922 0.342430852 0.492249325 0.651042088 -0.465377174
1403636695.163555622 0.999552605 4.642975026 0.277641922 0.343868675 0.492118315 0.651436936 -0.463900654
1403636695.213555574 0.987647346 4.651336658 0.275712763 0.346741505 0.491139279 0.652017758 -0.461979849
1403636695.263555527 0.975771490 4.660013399 0.275686915 0.349632705 0.489953777 0.652370068 -0.460560054
1403636695.313555479 0.964380644 4.668920014 0.277694459 0.351823268 0.489295763 0.652423156 -0.459515037
1403636695.363555670 0.952835472 4.677732272 0.281610063 0.353768270 0.488960588 0.652305760 -0.458544164
1403636695.413555384 0.941754248 4.686477571 0.286813380 0.354578391 0.489010196 0.652102321 -0.458154730
1403636695.463555574 0.930880921 4.695190683 0.292884513 0.356037689 0.488609066 0.651882993 -0.457762939
1403636695.513555527 0.920223049 4.703851809 0.298571698 0.358335487 0.487565741 0.652355116 -0.456407854
1403636695.563555479 0.909443100 4.711783293 0.303910709 0.360031180 0.486914315 0.652083809 -0.456156449
1403636695.613555431 0.899242983 4.719635260 0.307630000 0.362082327 0.486080542 0.652342928 -0.455050327
1403636695.663555622 0.889433713 4.727073389 0.309924649 0.364566207 0.484935851 0.652856285 -0.453549745
1403636695.713555574 0.880030975 4.733677501 0.311121779 0.365352286 0.484838372 0.652592836 -0.453400541
1403636695.763555527 0.871332407 4.739537413 0.311373572 0.363211439 0.487049659 0.651451665 -0.454390591
1403636695.813555479 0.863140742 4.745302761 0.310275009 0.362854758 0.487568248 0.651422572 -0.454161052
1403636695.863555670 0.855417558 4.750814668 0.308168843 0.362364131 0.488271992 0.650860232 -0.454602747
1403636695.913555384 0.848144812 4.756042878 0.304717799 0.362081131 0.489021665 0.651087867 -0.453695553
1403636695.963555574 0.841358636 4.760876330 0.300244989 0.360125914 0.490647550 0.651376591 -0.453081499
1403636696.013555527 0.834745334 4.765484276 0.294818455 0.358009595 0.492684343 0.651536342 -0.452318099
1403636696.063555479 0.828248446 4.769986807 0.288211107 0.356435031 0.494247139 0.652991557 -0.449750888
1403636696.113555431 0.821108659 4.774297219 0.280876717 0.356105863 0.495073225 0.655170677 -0.445917594
1403636696.163555622 0.813729617 4.778334935 0.273146030 0.357638309 0.494423960 0.656964707 -0.442760840
1403636696.213555574 0.806352072 4.781827692 0.264711769 0.358447511 0.494213763 0.658298941 -0.440352861
1403636696.263555527 0.798632465 4.784551653 0.256308627 0.361299335 0.492539104 0.657647195 -0.440872077
1403636696.313555479 0.790676341 4.786197759 0.247763480 0.362828712 0.491553225 0.655654406 -0.443675617
1403636696.363555670 0.782047845 4.787071244 0.239940124 0.366789632 0.489295537 0.651436623 -0.449094166
1403636696.413555384 0.773721755 4.787103196 0.233219294 0.369511400 0.487663054 0.646319282 -0.455979667
1403636696.463555574 0.766247050 4.786868117 0.227158286 0.369757200 0.487859527 0.642215389 -0.461337283
1403636696.513555527 0.759921669 4.786959904 0.222109056 0.370614721 0.487716241 0.641048146 -0.462422826
1403636696.563555479 0.754694332 4.786754856 0.218716299 0.369383370 0.489151222 0.640674686 -0.462409943
1403636696.613555431 0.751734785 4.786821786 0.216659660 0.368857459 0.489618869 0.640919065 -0.461995986
1403636696.663555622 0.749732465 4.786896956 0.215962432 0.367032296 0.491297716 0.640894844 -0.461700819
1403636696.713555574 0.748451419 4.787313912 0.216460806 0.366561945 0.491669862 0.640963117 -0.461583545
1403636696.763555527 0.747871276 4.787920967 0.216347794 0.365423763 0.492567376 0.641617573 -0.460618870
1403636696.813555479 0.747835934 4.788926345 0.214806889 0.366180672 0.492324993 0.642147416 -0.459537282
1403636696.863555670 0.748621877 4.789951216 0.212202319 0.366028489 0.492347806 0.642973231 -0.458478143
1403636696.913555384 0.749855065 4.791067435 0.208161705 0.367194872 0.491607479 0.643782769 -0.457202100
1403636696.963555574 0.751484426 4.792254002 0.202648936 0.371544254 0.488511902 0.646163638 -0.453633708
1403636697.013555527 0.753553472 4.792968514 0.196672675 0.376206279 0.485250457 0.648749283 -0.449583360
1403636697.063555479 0.756242368 4.792985620 0.191106567 0.380631116 0.482131704 0.650923089 -0.446058411
1403636697.113555431 0.759849161 4.792210036 0.186681199 0.385361773 0.478922108 0.653693743 -0.441377852
1403636697.163555622 0.764702913 4.789916448 0.184407095 0.389130940 0.476381497 0.655431405 -0.438232193
1403636697.213555574 0.770274335 4.785266666 0.185338016 0.391685782 0.474605180 0.656123597 -0.436845507
1403636697.263555527 0.777342095 4.778466200 0.188074626 0.392958010 0.474184970 0.656011363 -0.436327523
1403636697.313555479 0.785971216 4.769273514 0.192808733 0.389686490 0.476591825 0.656090486 -0.436520269
1403636697.363555670 0.795417268 4.757836371 0.199973213 0.384609435 0.480772386 0.654600291 -0.438670668
1403636697.413555384 0.805302977 4.744723223 0.208778831 0.378674577 0.485092849 0.653430061 -0.440817024
1403636697.463555574 0.815829840 4.730508400 0.219515868 0.373228974 0.488826555 0.652874971 -0.442157217
1403636697.513555527 0.826579027 4.715536140 0.232393930 0.369416994 0.492051054 0.652190112 -0.442792167
1403636697.563555479 0.837035967 4.700144384 0.247211265 0.368324565 0.494858113 0.651027937 -0.442283943
1403636697.613555431 0.847017525 4.684575074 0.261961931 0.370286390 0.497251327 0.649196412 -0.440650798
1403636697.663555622 0.856359960 4.668772807 0.275423378 0.373966574 0.500775919 0.646176899 -0.437981615
1403636697.713555574 0.865618424 4.652521188 0.287364746 0.377337882 0.506762694 0.641689484 -0.434789951
1403636697.763555527 0.874858820 4.636097768 0.297237408 0.381735908 0.513770129 0.637078523 -0.429475152
1403636697.813555479 0.883919994 4.619196096 0.305930888 0.386922513 0.520792833 0.631111400 -0.425163726
1403636697.863555670 0.892869820 4.601564577 0.313128709 0.391342427 0.527522852 0.625163762 -0.421593426
1403636697.913555384 0.901990545 4.583055709 0.318882550 0.394930241 0.534043915 0.619712316 -0.418071581
1403636697.963555574 0.911121829 4.563812531 0.323439839 0.397828716 0.540091584 0.614253665 -0.415602969
1403636698.013555527 0.920303615 4.543944303 0.326387415 0.400069913 0.545217943 0.610009466 -0.413001102
1403636698.063555479 0.929374720 4.523529893 0.328255207 0.402993325 0.548700664 0.606141651 -0.411237474
1403636698.113555431 0.938662523 4.502341264 0.328861531 0.404210263 0.552549094 0.602894658 -0.409660338
1403636698.163555622 0.947709608 4.480764417 0.328057122 0.405342253 0.555668663 0.599965219 -0.408621746
1403636698.213555574 0.956523936 4.459076847 0.326074957 0.407111388 0.558220809 0.597075058 -0.407616513
1403636698.263555527 0.965329245 4.437317223 0.322690877 0.408802901 0.561904597 0.593724189 -0.405752387
1403636698.313555479 0.973788097 4.415756460 0.318017975 0.411953977 0.565647323 0.590347070 -0.402277720
1403636698.363555670 0.981965730 4.393801895 0.312751553 0.415802397 0.569871398 0.585704692 -0.399130268
1403636698.413555384 0.990051398 4.371799695 0.306487765 0.419284773 0.575322316 0.580929876 -0.394620058
1403636698.463555574 0.998015822 4.349819084 0.299225448 0.422366085 0.581637431 0.575519546 -0.389976976
1403636698.513555527 1.005676132 4.327680390 0.291096086 0.426804644 0.587472649 0.570018181 -0.384438494
1403636698.563555479 1.012783448 4.305434957 0.282718383 0.431089422 0.594141403 0.563235866 -0.379372195
1403636698.613555431 1.019576409 4.282962493 0.273478730 0.435368238 0.601208861 0.555884017 -0.374159541
1403636698.663555622 1.026183125 4.260462588 0.263302737 0.438990023 0.609186397 0.547735771 -0.369005716
1403636698.713555574 1.032388273 4.237628181 0.252153111 0.443196773 0.617024943 0.539170513 -0.363527163
1403636698.763555527 1.038068260 4.214684340 0.240068804 0.447504630 0.625157796 0.530180021 -0.357528296
1403636698.813555479 1.043309322 4.191630119 0.226990107 0.451934620 0.633399768 0.520881350 -0.351059044
1403636698.863555670 1.048182100 4.168279853 0.213332600 0.455671910 0.642174853 0.510397131 -0.345643367
1403636698.913555384 1.052349280 4.145272412 0.200238658 0.460734171 0.649731738 0.500539038 -0.339165688
1403636698.963555574 1.056371593 4.122059778 0.188932979 0.464467049 0.657941080 0.490211088 -0.333282140
1403636699.013555527 1.060235032 4.098852612 0.178995830 0.468511464 0.665275259 0.480115648 -0.327711462
1403636699.063555479 1.063130023 4.075973036 0.170976508 0.472323571 0.672682364 0.469606983 -0.322301355
1403636699.113555431 1.066020834 4.053208049 0.165021120 0.476488232 0.679831070 0.458487946 -0.317139537
1403636699.163555622 1.069030210 4.030756553 0.161041492 0.479058514 0.687994106 0.445768837 -0.313778892
1403636699.213555574 1.072575514 4.009189107 0.158368799 0.481959788 0.695866834 0.434218902 -0.308120199
1403636699.263555527 1.076111187 3.988651350 0.157346804 0.484815538 0.703977899 0.421639011 -0.302637666
1403636699.313555479 1.079260894 3.969104291 0.157574048 0.486250495 0.712706773 0.409147093 -0.296998600
1403636699.363555670 1.082060387 3.951136987 0.159640224 0.488914870 0.720054018 0.397500094 -0.290651228
1403636699.413555384 1.085007562 3.934270679 0.162715621 0.490742131 0.727648559 0.385304494 -0.285026633
1403636699.463555574 1.088064768 3.918651190 0.166267805 0.492805538 0.734296055 0.374358790 -0.278939961
1403636699.513555527 1.091139616 3.904399767 0.169396866 0.495747415 0.740019353 0.364009745 -0.272218227
1403636699.563555479 1.094430498 3.891472472 0.171489045 0.498197712 0.745790341 0.353003501 -0.266428854
1403636699.613555431 1.097907013 3.879694072 0.172282237 0.500586061 0.751136662 0.342247905 -0.260909338
1403636699.663555622 1.101619412 3.869696782 0.171676581 0.503231300 0.756252893 0.331140630 -0.255314911
1403636699.713555574 1.105654150 3.861602940 0.169971375 0.507116084 0.760252899 0.320879300 -0.248767525
1403636699.763555527 1.110337075 3.855018835 0.166830315 0.511695322 0.762881970 0.313645550 -0.240427672
1403636699.813555479 1.115457192 3.849447230 0.162391712 0.516984022 0.764157396 0.308008069 -0.232211163
1403636699.863555670 1.120781388 3.844586343 0.157480288 0.522051428 0.764531729 0.303071945 -0.226055164
1403636699.913555384 1.126236533 3.840340264 0.152508320 0.526025011 0.764787734 0.298491926 -0.222035988
1403636699.963555574 1.131842093 3.836429413 0.146879793 0.528679535 0.765137482 0.294242306 -0.220190935
1403636700.013555527 1.137502461 3.833016880 0.139971378 0.529811369 0.766015232 0.291071395 -0.218627584
1403636700.063555479 1.143913109 3.829764392 0.132065114 0.530665289 0.766532963 0.289007114 -0.217477485
1403636700.113555431 1.150586942 3.826826845 0.123455512 0.531000348 0.766885857 0.287137830 -0.217891211
1403636700.163555622 1.157985782 3.824717319 0.113712660 0.531909006 0.766854392 0.286183607 -0.217039383
1403636700.213555574 1.165100724 3.823570509 0.103168814 0.532092504 0.766893826 0.285705391 -0.217080299
1403636700.263555527 1.173075903 3.822848061 0.091543889 0.531814497 0.767435434 0.284876684 -0.216936561
1403636700.313555479 1.181814972 3.822954559 0.078087607 0.530706887 0.769165079 0.283096937 -0.215850422
1403636700.363555670 1.190683477 3.824325420 0.063183939 0.529166340 0.771634662 0.279722061 -0.215217335
1403636700.413555384 1.200310870 3.826756947 0.046602773 0.528682439 0.773956390 0.275339245 -0.213716367
1403636700.463555574 1.210257617 3.830744612 0.028902837 0.531308802 0.774424473 0.271401636 -0.210520414
1403636700.513555527 1.220733556 3.835471780 0.010201883 0.534732301 0.773956179 0.267919286 -0.208020323
1403636700.563555479 1.231784270 3.841116252 -0.009381259 0.538593111 0.773276083 0.265012627 -0.204278894
1403636700.613555431 1.243551386 3.847524822 -0.029187494 0.543086536 0.772507667 0.261156001 -0.200216037
1403636700.663555622 1.256289762 3.854538863 -0.050025926 0.547053779 0.772542138 0.257262724 -0.194233617
1403636700.713555574 1.269371787 3.861589664 -0.070701008 0.550020621 0.773179439 0.252349687 -0.189711645
1403636700.763555527 1.282896840 3.868224036 -0.089988214 0.552712658 0.773487543 0.248662473 -0.185452727
1403636700.813555479 1.296913331 3.874459063 -0.107613840 0.553781348 0.774560241 0.245863820 -0.181476262
1403636700.863555670 1.311385276 3.880138282 -0.123896704 0.552567734 0.776847958 0.243806637 -0.178141722
1403636700.913555384 1.325913690 3.885891962 -0.137976078 0.551359080 0.778813058 0.242375236 -0.175235928
1403636700.963555574 1.340675376 3.891344300 -0.150256024 0.549098565 0.781182468 0.241814765 -0.172540827
1403636701.013555527 1.355570504 3.896696983 -0.160792715 0.546839947 0.783230585 0.241372819 -0.171041181
1403636701.063555479 1.370463481 3.902120654 -0.169647583 0.543240523 0.785900603 0.242204388 -0.169076940
1403636701.113555431 1.385303100 3.907733001 -0.176523939 0.539203123 0.788657298 0.243140214 -0.167816852
1403636701.163555622 1.399417821 3.914402542 -0.180775152 0.537957215 0.789251036 0.244861917 -0.166515705
1403636701.213555574 1.412938361 3.922026598 -0.182579886 0.535896935 0.790247381 0.246679053 -0.165749803
1403636701.263555527 1.425927661 3.930368080 -0.181688747 0.535218687 0.790251228 0.247765662 -0.166301326
1403636701.313555479 1.438449547 3.939328093 -0.179464803 0.534125467 0.790434096 0.249641366 -0.166141849
1403636701.363555670 1.450149558 3.949028308 -0.175705191 0.534322657 0.789848843 0.250192153 -0.167457431
1403636701.413555384 1.461382658 3.959565463 -0.171501885 0.535832391 0.788222968 0.251754214 -0.167952423
1403636701.463555574 1.471529401 3.970513977 -0.166666615 0.537971487 0.786051279 0.252855672 -0.169629226
1403636701.513555527 1.481144394 3.982170732 -0.161472813 0.541602315 0.782961721 0.253602054 -0.171242149
1403636701.563555479 1.490346398 3.993845622 -0.156371123 0.544760914 0.780057627 0.254428392 -0.173239250
1403636701.613555431 1.499261601 4.005532152 -0.151742565 0.546644463 0.777999538 0.255689905 -0.174697516
1403636701.663555622 1.507743417 4.017297577 -0.147539764 0.548629120 0.775872612 0.257399650 -0.175422916
1403636701.713555574 1.516262134 4.029103435 -0.143650942 0.549909348 0.774874353 0.257077599 -0.176296778
1403636701.763555527 1.524686363 4.041179044 -0.140663394 0.550329114 0.775112802 0.255513470 -0.176212593
1403636701.813555479 1.533370064 4.053497639 -0.139498714 0.550050155 0.776635323 0.252302341 -0.175002658
1403636701.863555670 1.542474488 4.066448215 -0.140105411 0.550860657 0.778170163 0.248297865 -0.171323976
1403636701.913555384 1.551544156 4.079577162 -0.142279590 0.550584137 0.780885473 0.242189319 -0.168580307
1403636701.963555574 1.560768238 4.093067066 -0.145688806 0.551872979 0.782872152 0.235470027 -0.164624649
1403636702.013555527 1.570131761 4.106664027 -0.150431408 0.552699095 0.785516628 0.227770537 -0.160024748
1403636702.063555479 1.579753598 4.120189056 -0.156420277 0.554146525 0.788000364 0.218909536 -0.155098901
1403636702.113555431 1.589646760 4.134100173 -0.164072663 0.556043565 0.790373348 0.209046152 -0.149750566
1403636702.163555622 1.599968777 4.148294155 -0.173120652 0.558416438 0.792450417 0.198952599 -0.143566297
1403636702.213555574 1.610348311 4.162696698 -0.183543597 0.559645298 0.794834615 0.190082398 -0.137490937
1403636702.263555527 1.620832188 4.176646344 -0.195560505 0.559991076 0.797220610 0.182902716 -0.131893481
1403636702.313555479 1.631573298 4.190212669 -0.208975517 0.559189552 0.799987360 0.177309735 -0.126049695
1403636702.363555670 1.642071459 4.203789101 -0.223296168 0.558552364 0.802185697 0.173122575 -0.120606547
1403636702.413555384 1.652456750 4.217308941 -0.238770528 0.558579815 0.803607978 0.170499127 -0.114598672
1403636702.463555574 1.662376745 4.230828434 -0.255234494 0.557402979 0.805664811 0.167744267 -0.109854412
1403636702.513555527 1.671813142 4.244569076 -0.272542660 0.557385815 0.806608967 0.166071892 -0.105466370
1403636702.563555479 1.680483339 4.258114989 -0.291137813 0.557195399 0.807416162 0.164626737 -0.102520563
1403636702.613555431 1.688632566 4.272016673 -0.311048489 0.556025153 0.808791045 0.163627558 -0.099594660
1403636702.663555622 1.696089904 4.286117295 -0.332051298 0.554566040 0.810157368 0.163310642 -0.097114267
1403636702.713555574 1.702764943 4.300463025 -0.354007831 0.554061123 0.810726834 0.163531732 -0.094845370
1403636702.763555527 1.708417087 4.314869104 -0.376745254 0.553229881 0.811459656 0.162757325 -0.094762746
1403636702.813555479 1.713287213 4.329818214 -0.400693963 0.551853508 0.812380962 0.163855383 -0.092985443
1403636702.863555670 1.717108028 4.345376289 -0.425167603 0.550849149 0.813034014 0.164316422 -0.092417640
1403636702.913555384 1.719710647 4.361678525 -0.448833229 0.549714971 0.813771093 0.164321946 -0.092673383
1403636702.963555574 1.721456486 4.378941326 -0.470786117 0.549962608 0.813489681 0.164667985 -0.093059786
1403636703.013555527 1.722213499 4.397187114 -0.490673106 0.550914040 0.812810968 0.163351401 -0.095647122
1403636703.063555479 1.722477053 4.416074154 -0.508903451 0.552628930 0.811569243 0.162616911 -0.097531384
1403636703.113555431 1.721791041 4.435937929 -0.524565643 0.554644010 0.810173848 0.160038068 -0.101863508
1403636703.163555622 1.720687644 4.456135279 -0.537313558 0.558580141 0.807389498 0.156446351 -0.107865489
1403636703.213555574 1.719530601 4.476564693 -0.548408129 0.560381343 0.805951686 0.153425845 -0.113468675
1403636703.263555527 1.718499777 4.498222940 -0.557852348 0.562158568 0.804592327 0.149274269 -0.119691787
1403636703.313555479 1.718466819 4.519932904 -0.565794300 0.563678076 0.803323385 0.146061177 -0.124918768
1403636703.363555670 1.719825577 4.541721479 -0.572653992 0.565348375 0.802029274 0.145552213 -0.126272767
1403636703.413555384 1.722716136 4.563874872 -0.578310972 0.567107443 0.800841936 0.147564838 -0.123555499
1403636703.463555574 1.726914827 4.585926479 -0.582902028 0.567402656 0.800683086 0.151448577 -0.118423609
1403636703.513555527 1.731653960 4.607255956 -0.585774765 0.567235649 0.800767467 0.156043604 -0.112541445
1403636703.563555479 1.736762554 4.628583545 -0.586534389 0.567068948 0.800831502 0.159475452 -0.108024508
1403636703.613555431 1.741224416 4.648723986 -0.585125069 0.565130043 0.802069762 0.161680109 -0.105696135
1403636703.663555622 1.745458671 4.668924068 -0.582685902 0.563727037 0.802920010 0.163019819 -0.104670069
1403636703.713555574 1.749521670 4.688755257 -0.580555914 0.562832789 0.803423521 0.163857675 -0.104309927
1403636703.763555527 1.753142126 4.708546266 -0.578832645 0.563415326 0.802857981 0.163771848 -0.105645708
1403636703.813555479 1.756262303 4.728160039 -0.578288632 0.564291744 0.802112720 0.162959952 -0.107861332
1403636703.863555670 1.759201704 4.747724041 -0.578862102 0.565477821 0.801121433 0.161789461 -0.110740477
1403636703.913555384 1.761981457 4.767168611 -0.580560366 0.566342857 0.800268485 0.160849447 -0.113813780
1403636703.963555574 1.765040209 4.786488253 -0.583547883 0.566840479 0.799757058 0.160730576 -0.115092145
1403636704.013555527 1.768196162 4.805357836 -0.587367968 0.566793055 0.799539119 0.159946161 -0.117898494
1403636704.063555479 1.771823491 4.824073049 -0.592383021 0.566813270 0.799266541 0.159740438 -0.119911247
1403636704.113555431 1.776205949 4.842606706 -0.599237290 0.565306445 0.800114334 0.160573811 -0.120256924
1403636704.163555622 1.781096678 4.861189741 -0.607565888 0.563117553 0.801453061 0.162227528 -0.119389455
1403636704.213555574 1.786339049 4.880011805 -0.617232746 0.560460370 0.803122770 0.164362814 -0.117740626
1403636704.263555527 1.791695283 4.899364254 -0.627498832 0.557962296 0.804719152 0.166366002 -0.115877158
1403636704.313555479 1.797081406 4.919264104 -0.636797741 0.556529562 0.805555877 0.168482797 -0.113877671
1403636704.363555670 1.802268008 4.939891610 -0.644540681 0.555327919 0.806256355 0.170420503 -0.111885854
1403636704.413555384 1.806822433 4.961032660 -0.649981631 0.553961524 0.807058299 0.171061368 -0.111899688
1403636704.463555574 1.811383428 4.982063762 -0.653281687 0.552581493 0.807875677 0.172918566 -0.109953414
1403636704.513555527 1.815310225 5.003724953 -0.654641002 0.551045960 0.808808921 0.174664894 -0.108021543
1403636704.563555479 1.818461553 5.025870545 -0.653940218 0.549156686 0.810039168 0.175267430 -0.107446771
1403636704.613555431 1.820944693 5.048655082 -0.652884866 0.547644975 0.810948643 0.176343483 -0.106537578
1403636704.663555622 1.822485309 5.072186607 -0.652457714 0.546371186 0.811775534 0.177028222 -0.105640990
1403636704.713555574 1.823517404 5.095951135 -0.654130301 0.543165273 0.813770343 0.178999445 -0.103481952
1403636704.763555527 1.823644504 5.120418614 -0.657169477 0.541137742 0.814933077 0.180489098 -0.102360686
1403636704.813555479 1.822658185 5.145945749 -0.661905937 0.538068125 0.816821237 0.181225354 -0.102191634
1403636704.863555670 1.820308773 5.172441207 -0.668296865 0.534876635 0.818742875 0.182104480 -0.102005142
1403636704.913555384 1.816830709 5.200401338 -0.675903569 0.532250580 0.820210938 0.182988572 -0.102364638
1403636704.963555574 1.812352617 5.230059547 -0.684962044 0.529926098 0.821524855 0.184300126 -0.101531802
1403636705.013555527 1.806849357 5.261273053 -0.695053052 0.528454256 0.822281503 0.185550208 -0.100798558
1403636705.063555479 1.799861536 5.294409012 -0.705530901 0.528543133 0.822009001 0.187204470 -0.099487912
1403636705.113555431 1.791137148 5.329885304 -0.716190918 0.532595685 0.819293073 0.187066932 -0.100531880
1403636705.163555622 1.781029127 5.366575271 -0.726233615 0.539919988 0.814400603 0.186621729 -0.102031346
1403636705.213555574 1.769438786 5.404504780 -0.735238681 0.547687340 0.809108630 0.186423751 -0.103092133
1403636705.263555527 1.756726687 5.443109494 -0.742725518 0.553790086 0.804827441 0.186516868 -0.103830580
1403636705.313555479 1.743065048 5.481495070 -0.748278358 0.557526008 0.802207288 0.186132846 -0.104798759
1403636705.363555670 1.728771155 5.519553559 -0.752890606 0.559984442 0.800466163 0.185728528 -0.105717830
1403636705.413555384 1.713701438 5.557313612 -0.756582849 0.558528803 0.801445302 0.185979778 -0.105558170
1403636705.463555574 1.697875413 5.594848630 -0.759787958 0.556495042 0.802918035 0.185709909 -0.105582794
1403636705.513555527 1.681204970 5.632280807 -0.763868185 0.553228658 0.805240395 0.185803229 -0.104895750
1403636705.563555479 1.663741195 5.669738386 -0.769270787 0.550468936 0.807098578 0.186570617 -0.103765314
1403636705.613555431 1.645368578 5.707466261 -0.775863587 0.549089480 0.808103632 0.186173925 -0.103964090
1403636705.663555622 1.626314100 5.745578381 -0.784069438 0.547969189 0.808952673 0.186188276 -0.103243727
1403636705.713555574 1.606147273 5.784727655 -0.792736149 0.549598150 0.807917241 0.185482956 -0.103959982
1403636705.763555527 1.585072071 5.824486819 -0.802229895 0.551598995 0.806658744 0.184241443 -0.105334274
1403636705.813555479 1.563201541 5.864404844 -0.811458165 0.553800872 0.805182631 0.182468101 -0.108124546
1403636705.863555670 1.540790423 5.904830351 -0.819713887 0.556852577 0.803090128 0.180693261 -0.110956746
1403636705.913555384 1.517994127 5.945259678 -0.826050628 0.559235262 0.801472923 0.177513445 -0.115698105
1403636705.963555574 1.494996471 5.985792678 -0.830287486 0.561108065 0.800110863 0.174380094 -0.120714245
1403636706.013555527 1.472225530 6.025693303 -0.832125779 0.561934034 0.799333060 0.170330425 -0.127610134
1403636706.063555479 1.450519066 6.064971624 -0.832115024 0.561787254 0.799141640 0.166542950 -0.134280176
1403636706.113555431 1.429640501 6.105110763 -0.831435536 0.562874193 0.798115685 0.163373671 -0.139617476
1403636706.163555622 1.410803645 6.145351112 -0.832503684 0.564751100 0.796632061 0.165048963 -0.138536621
1403636706.213555574 1.393480251 6.185921848 -0.835881136 0.566698079 0.795157990 0.169221862 -0.133944093
1403636706.263555527 1.377146761 6.226296162 -0.841515257 0.567137089 0.794726577 0.173163707 -0.129535793
1403636706.313555479 1.361491220 6.266248258 -0.849227135 0.567663409 0.794162401 0.178413496 -0.123421873
1403636706.363555670 1.346271838 6.305841054 -0.859195462 0.566725852 0.794599311 0.182449738 -0.118936273
1403636706.413555384 1.331155204 6.344852900 -0.870099146 0.565927992 0.794947075 0.185931761 -0.114952321
1403636706.463555574 1.315873804 6.383592092 -0.881504150 0.564417755 0.795793488 0.188711125 -0.111952818
1403636706.513555527 1.299934226 6.422399850 -0.891469902 0.563577350 0.796236664 0.190614305 -0.109790406
1403636706.563555479 1.283889705 6.460435197 -0.899897124 0.562405461 0.797072657 0.191610029 -0.107985527
1403636706.613555431 1.267124376 6.498068332 -0.906042716 0.561653410 0.797525461 0.192003929 -0.107856745
1403636706.663555622 1.249912940 6.535383748 -0.911345572 0.560743019 0.798242207 0.192316677 -0.106728354
1403636706.713555574 1.231334227 6.573552691 -0.914696034 0.558930315 0.799534338 0.192665256 -0.105933201
1403636706.763555527 1.211744412 6.611489450 -0.915314127 0.556443590 0.801419036 0.191828679 -0.106300601
1403636706.813555479 1.191897311 6.649169967 -0.915425529 0.554245086 0.803094930 0.191942919 -0.104922996
1403636706.863555670 1.171310170 6.686867605 -0.914602153 0.552753802 0.804371287 0.191392902 -0.104013571
1403636706.913555384 1.149789124 6.724643367 -0.912526033 0.552137894 0.805077103 0.190104472 -0.104186822
1403636706.963555574 1.127460055 6.763090723 -0.909787881 0.552502531 0.805163677 0.189260997 -0.103114891
1403636707.013555527 1.104019303 6.801652215 -0.905937673 0.554730530 0.803970778 0.187627370 -0.103445624
1403636707.063555479 1.080011013 6.840325689 -0.902057402 0.557302015 0.802506039 0.186634946 -0.102790651
1403636707.113555431 1.055469116 6.878918986 -0.898058422 0.559379033 0.801441794 0.185058624 -0.102661846
1403636707.163555622 1.030396090 6.917203116 -0.894311954 0.559845265 0.801511715 0.183802532 -0.101827689
1403636707.213555574 1.004858925 6.955215125 -0.890340255 0.559727003 0.802070560 0.182472192 -0.100460931
1403636707.263555527 0.978696053 6.993178353 -0.885137354 0.559722279 0.802478017 0.181449874 -0.099075454
1403636707.313555479 0.951876991 7.030926446 -0.878249997 0.559307700 0.803106966 0.181087127 -0.096961596
1403636707.363555670 0.924075724 7.068341966 -0.869268944 0.558854415 0.803734725 0.180244540 -0.095938212
1403636707.413555384 0.895374302 7.105818635 -0.858159811 0.558222001 0.804432041 0.179363656 -0.095425195
1403636707.463555574 0.865556756 7.143657917 -0.844784631 0.557722100 0.804904204 0.179419802 -0.094253994
1403636707.513555527 0.834964069 7.180937910 -0.829377659 0.557244569 0.805418921 0.178233258 -0.094930283
1403636707.563555479 0.803376658 7.218472479 -0.812332770 0.556856168 0.805843390 0.177006829 -0.095896929
1403636707.613555431 0.771155268 7.255696186 -0.795959536 0.555278027 0.807076052 0.175583916 -0.097287452
1403636707.663555622 0.738048988 7.293193513 -0.781006545 0.552651849 0.809025668 0.171730601 -0.102771605
1403636707.713555574 0.704981973 7.331213314 -0.769102640 0.551176242 0.810054997 0.169548295 -0.106155675
1403636707.763555527 0.671885122 7.369919777 -0.760412261 0.549570738 0.811097856 0.167790629 -0.109263792
1403636707.813555479 0.638702061 7.409760798 -0.754774868 0.549894992 0.810877371 0.166659222 -0.110986895
1403636707.863555670 0.605644635 7.450039890 -0.752066005 0.550802293 0.810085875 0.166453296 -0.112565574
1403636707.913555384 0.573050007 7.490596302 -0.752211508 0.552315801 0.808839305 0.166445380 -0.114114720
1403636707.963555574 0.540595698 7.531670912 -0.755086231 0.553694255 0.807608636 0.167659719 -0.114372992
1403636708.013555527 0.508155842 7.573349530 -0.760421150 0.555170161 0.806268572 0.169313402 -0.114236835
1403636708.063555479 0.475925699 7.615215778 -0.767984024 0.556709820 0.804847542 0.171494394 -0.113508958
1403636708.113555431 0.443731306 7.657401591 -0.776778056 0.558738001 0.803032899 0.173730721 -0.112994005
1403636708.163555622 0.411502154 7.699610970 -0.786847129 0.560511524 0.801436464 0.175764396 -0.112397965
1403636708.213555574 0.379202292 7.741417457 -0.797976797 0.561388318 0.800517683 0.175897860 -0.114343947
1403636708.263555527 0.346943444 7.782817495 -0.809987972 0.562093054 0.799825190 0.174515529 -0.117793865
1403636708.313555479 0.314876049 7.824080461 -0.822417250 0.562889714 0.799099294 0.171094438 -0.123782801
1403636708.363555670 0.283555411 7.864398004 -0.834892326 0.562603549 0.799094229 0.166278595 -0.131442340
1403636708.413555384 0.253719195 7.904892914 -0.846494714 0.562652098 0.798843631 0.162598272 -0.137234368
1403636708.463555574 0.225138608 7.946244339 -0.856984887 0.562884874 0.798459346 0.159876362 -0.141643360
1403636708.513555527 0.198058585 7.988957430 -0.865520778 0.563459140 0.797988481 0.158657762 -0.143373276
1403636708.563555479 0.172779415 8.032263349 -0.872601098 0.565007709 0.796870760 0.159010542 -0.143104603
1403636708.613555431 0.149795008 8.075799273 -0.878624297 0.567197273 0.795559405 0.161233993 -0.139198009
1403636708.663555622 0.128494167 8.119148126 -0.885462051 0.568597660 0.794831621 0.165237926 -0.132799936
1403636708.713555574 0.108418603 8.162290897 -0.893008786 0.571915387 0.792741018 0.169255882 -0.125805064
1403636708.763555527 0.089099570 8.204867702 -0.902003711 0.574075839 0.791378668 0.173442684 -0.118635448
1403636708.813555479 0.070243323 8.246725749 -0.911964289 0.577453637 0.789117293 0.176685465 -0.112354089
1403636708.863555670 0.051296129 8.287129453 -0.922883493 0.578140675 0.788906947 0.177658357 -0.108704635
1403636708.913555384 0.032223195 8.326566846 -0.933054516 0.580474792 0.787618305 0.177408961 -0.105983407
1403636708.963555574 0.013017023 8.364518358 -0.942130797 0.582236107 0.786809031 0.176929117 -0.103095842
1403636709.013555527 -0.006731994 8.400816480 -0.948671303 0.584475921 0.785568403 0.175138908 -0.102939517
1403636709.063555479 -0.026247366 8.435325451 -0.953904116 0.586986842 0.784138663 0.174969851 -0.099792567
1403636709.113555431 -0.046323750 8.467928324 -0.957306685 0.587997404 0.783838249 0.173175595 -0.099332096
1403636709.163555622 -0.066686587 8.498939173 -0.959018891 0.587564971 0.784565043 0.172594081 -0.097141037
1403636709.213555574 -0.087337385 8.527805974 -0.958883753 0.585168119 0.786742778 0.171329591 -0.096230169
1403636709.263555527 -0.108178144 8.555123337 -0.957703095 0.582475963 0.788947290 0.171652502 -0.093911365
1403636709.313555479 -0.129792329 8.580988480 -0.954733327 0.579582113 0.791230063 0.171373372 -0.093116755
1403636709.363555670 -0.151992524 8.605729055 -0.951921373 0.576854675 0.793295894 0.171234455 -0.092731173
1403636709.413555384 -0.174519010 8.629620730 -0.950267382 0.575910877 0.794007580 0.172459786 -0.090201147
1403636709.463555574 -0.198033494 8.652542123 -0.950136185 0.575077191 0.794627780 0.172060252 -0.090819520
1403636709.513555527 -0.222035207 8.674687826 -0.952348500 0.574393354 0.795083093 0.173038674 -0.089290348
1403636709.563555479 -0.246928533 8.695697807 -0.956125798 0.573412421 0.795750003 0.173137140 -0.089463167
1403636709.613555431 -0.272547297 8.716046481 -0.961251124 0.572040507 0.796688482 0.173629585 -0.088937558
1403636709.663555622 -0.298971724 8.735794944 -0.967531631 0.571205919 0.797176624 0.174161809 -0.088886965
1403636709.713555574 -0.326275933 8.755204324 -0.974127759 0.570808126 0.797263922 0.175178620 -0.088661000
1403636709.763555527 -0.354718296 8.773695086 -0.980780597 0.570082223 0.797576044 0.175392490 -0.090089881
1403636709.813555479 -0.383786110 8.791508434 -0.987260205 0.570547169 0.796977642 0.176761608 -0.089765808
1403636709.863555670 -0.414128713 8.808681910 -0.992282730 0.570408900 0.796914725 0.176648721 -0.091410273
1403636709.913555384 -0.445199778 8.825633784 -0.995602891 0.570958495 0.796328609 0.177612214 -0.091219760
1403636709.963555574 -0.477058955 8.841642044 -0.997224810 0.571556574 0.795650057 0.178458288 -0.091742619
1403636710.013555527 -0.509695942 8.856891411 -0.997314473 0.571410493 0.795543613 0.178725557 -0.093046137
1403636710.063555479 -0.542876646 8.871317805 -0.996436217 0.571868119 0.794979110 0.179462489 -0.093639120
1403636710.113555431 -0.577078835 8.885460861 -0.995833676 0.572450472 0.794260728 0.180320671 -0.094524116
1403636710.163555622 -0.611940227 8.898932427 -0.996921435 0.572763537 0.793721534 0.181467946 -0.094960212
1403636710.213555574 -0.647538907 8.911901637 -1.000062761 0.573147351 0.793081148 0.182622729 -0.095777584
1403636710.263555527 -0.683913126 8.923964843 -1.005562961 0.573048638 0.792810390 0.182730691 -0.098368889
1403636710.313555479 -0.721073703 8.935028198 -1.012585908 0.572762325 0.792748469 0.180260451 -0.104877804
1403636710.363555670 -0.758658379 8.945093869 -1.021130930 0.571102637 0.793464213 0.177413212 -0.113052523
1403636710.413555384 -0.796324657 8.954265469 -1.030917357 0.569462941 0.793689854 0.176325549 -0.121151457
1403636710.463555574 -0.833715195 8.962742187 -1.042110793 0.567108474 0.794015565 0.176827092 -0.129071458
1403636710.513555527 -0.870707181 8.970903001 -1.054391800 0.565060179 0.793736288 0.178531193 -0.137172568
1403636710.563555479 -0.906669979 8.979001030 -1.067800849 0.563409089 0.793034286 0.181657089 -0.143762033
1403636710.613555431 -0.941503858 8.987250746 -1.082318300 0.562533182 0.791760221 0.185426422 -0.149295726
1403636710.663555622 -0.975267788 8.995459217 -1.097966577 0.561516392 0.790212415 0.190804477 -0.154458188
1403636710.713555574 -1.007731527 9.003815274 -1.114387203 0.561384938 0.787847253 0.197713381 -0.158281638
1403636710.763555527 -1.039025196 9.012144441 -1.130311322 0.561074753 0.785252628 0.205378994 -0.162458920
1403636710.813555479 -1.068957609 9.020498779 -1.144763097 0.561895964 0.781553143 0.216113358 -0.163531728
1403636710.863555670 -1.097761693 9.028238153 -1.157870122 0.561560303 0.778314736 0.227514876 -0.164660802
1403636710.913555384 -1.126045679 9.035867678 -1.169315197 0.560870781 0.775174887 0.238630772 -0.166081959
1403636710.963555574 -1.153755772 9.043472228 -1.178790263 0.560897035 0.771714596 0.248600210 -0.167478462
1403636711.013555527 -1.180950094 9.050916792 -1.186905063 0.560222173 0.768919500 0.259585005 -0.165920296
1403636711.063555479 -1.208154950 9.057506776 -1.192801615 0.559831925 0.766508067 0.266053207 -0.168134740
1403636711.113555431 -1.235301193 9.063913846 -1.197687506 0.560115954 0.763979712 0.272765398 -0.167940926
1403636711.163555622 -1.262647813 9.069358682 -1.201292497 0.560747189 0.761724875 0.277097528 -0.168981555
1403636711.213555574 -1.290387126 9.073999047 -1.204580166 0.561121365 0.760034462 0.280428999 -0.169852896
1403636711.263555527 -1.317935522 9.077220572 -1.207398024 0.561282626 0.758894413 0.282648020 -0.170737170
1403636711.313555479 -1.345843330 9.079029470 -1.208733593 0.561199716 0.758197872 0.282581790 -0.174179214
1403636711.363555670 -1.373659996 9.079812507 -1.209487013 0.561318072 0.757727829 0.281722978 -0.177208136
1403636711.413555384 -1.402148102 9.080152783 -1.207774007 0.564247087 0.755422946 0.279420795 -0.181343368
1403636711.463555574 -1.429734530 9.078896611 -1.204804074 0.569019145 0.751894377 0.276492787 -0.185536510
1403636711.513555527 -1.456568548 9.076464555 -1.201907027 0.573658296 0.748593471 0.274054123 -0.188197537
1403636711.563555479 -1.482963693 9.073262076 -1.198661326 0.578370080 0.745418281 0.273155501 -0.187685134
1403636711.613555431 -1.508692975 9.068216292 -1.195286031 0.581433728 0.743504501 0.272653828 -0.186536233
1403636711.663555622 -1.533536457 9.061123633 -1.192001695 0.583176312 0.742644164 0.272449589 -0.184814114
1403636711.713555574 -1.557409466 9.051962328 -1.188538781 0.583470953 0.742965714 0.272967954 -0.181802339
1403636711.763555527 -1.580625401 9.040427438 -1.184211694 0.582939336 0.743896554 0.272221555 -0.180817788
1403636711.813555479 -1.603149121 9.026809675 -1.179751173 0.580614703 0.746152309 0.270807750 -0.181125542
1403636711.863555670 -1.624929893 9.010901295 -1.174562757 0.576677931 0.749516790 0.268793232 -0.182804115
1403636711.913555384 -1.646256392 8.993413092 -1.168421573 0.571758160 0.753580036 0.265992472 -0.185627963
1403636711.963555574 -1.666568640 8.974760093 -1.161257445 0.567034168 0.757410889 0.263100278 -0.188624604
1403636712.013555527 -1.685752222 8.954771808 -1.152898159 0.562795876 0.760786214 0.259664624 -0.192456285
1403636712.063555479 -1.703997227 8.934504255 -1.143239707 0.559294316 0.763482453 0.256448906 -0.196260979
1403636712.113555431 -1.721068248 8.914374833 -1.132413118 0.558091094 0.764421099 0.254285443 -0.198830649
1403636712.163555622 -1.736884796 8.894441594 -1.120780682 0.558036953 0.764286432 0.253572795 -0.200404207
1403636712.213555574 -1.751109122 8.874291401 -1.108963017 0.559059068 0.762554923 0.258017710 -0.198468660
1403636712.263555527 -1.764343352 8.853503809 -1.095977076 0.560154169 0.759902369 0.264960560 -0.196396532
1403636712.313555479 -1.776934357 8.832100496 -1.081452706 0.561935120 0.755990775 0.272864479 -0.195580790
1403636712.363555670 -1.788820451 8.809707835 -1.066096049 0.562850104 0.752213313 0.281510232 -0.195261063
1403636712.413555384 -1.800079949 8.786431610 -1.049495625 0.563477390 0.748825044 0.288572171 -0.196164182
1403636712.463555574 -1.810737812 8.762245109 -1.031688689 0.564458308 0.745153584 0.295043162 -0.197692912
1403636712.513555527 -1.821117475 8.737011223 -1.012633724 0.564463275 0.742230699 0.300744159 -0.200069366
1403636712.563555479 -1.831129339 8.710630718 -0.992758697 0.564162396 0.739858296 0.304935402 -0.203334440
1403636712.613555431 -1.840766131 8.682902017 -0.973283313 0.564799282 0.736866793 0.307860102 -0.207969368
1403636712.663555622 -1.849828651 8.654240804 -0.955061621 0.565467971 0.734086980 0.309321479 -0.213734652
1403636712.713555574 -1.857917548 8.624587967 -0.938577903 0.566059029 0.731676024 0.310500366 -0.218670745
1403636712.763555527 -1.865142524 8.594074745 -0.924022212 0.565490460 0.730250742 0.312154294 -0.222517618
1403636712.813555479 -1.871226315 8.562818985 -0.911455457 0.564007095 0.729995886 0.313820508 -0.224763636
1403636712.863555670 -1.876029706 8.530740114 -0.900472653 0.561642952 0.730784664 0.315613328 -0.225608501
1403636712.913555384 -1.879656348 8.497813440 -0.890706897 0.559406953 0.731725084 0.317209919 -0.225876360
1403636712.963555574 -1.881918416 8.463940531 -0.882813768 0.557095145 0.732997363 0.319083748 -0.224823102
1403636713.013555527 -1.883498482 8.429859525 -0.876006249 0.556321178 0.733380217 0.320954594 -0.222819102
1403636713.063555479 -1.884360730 8.394633099 -0.867741739 0.556076752 0.733353379 0.320564815 -0.224075138
1403636713.113555431 -1.883769274 8.357663482 -0.858046154 0.555241229 0.733473830 0.320159695 -0.226320763
1403636713.163555622 -1.882101956 8.319897455 -0.847353525 0.553673201 0.734173857 0.320620222 -0.227238658
1403636713.213555574 -1.879386034 8.281608460 -0.834504821 0.551953405 0.735327976 0.320501453 -0.227857465
1403636713.263555527 -1.875814424 8.242871190 -0.819846383 0.549691753 0.736853568 0.321020767 -0.227665240
1403636713.313555479 -1.871378278 8.203911893 -0.803169155 0.548909628 0.737500251 0.321468392 -0.226825204
1403636713.363555670 -1.866475261 8.164420823 -0.784426604 0.547247553 0.738782529 0.321852746 -0.226122311
1403636713.413555384 -1.861808802 8.124690743 -0.763094450 0.546151723 0.739687722 0.320656663 -0.227507527
1403636713.463555574 -1.856314580 8.084732325 -0.741187952 0.545053888 0.740678981 0.319739159 -0.228205556
1403636713.513555527 -1.849480626 8.044131533 -0.718322634 0.543568478 0.741914921 0.318572961 -0.229361785
1403636713.563555479 -1.842250038 8.003555150 -0.695632499 0.542605198 0.742847324 0.316883082 -0.230960091
1403636713.613555431 -1.834012675 7.963196403 -0.674194703 0.539829841 0.745253392 0.314890305 -0.232433261
1403636713.663555622 -1.825291972 7.923344474 -0.654391723 0.537567703 0.747249035 0.313250312 -0.233482518
1403636713.713555574 -1.815877649 7.884331611 -0.636074585 0.535669209 0.748976651 0.311250209 -0.234980386
1403636713.763555527 -1.805774536 7.846465140 -0.619482689 0.534011848 0.750646435 0.309173577 -0.236163025
1403636713.813555479 -1.794816199 7.809484630 -0.604418881 0.532713622 0.751920316 0.307810805 -0.236821754
1403636713.863555670 -1.782982999 7.774132950 -0.590853613 0.532750401 0.752395712 0.306964943 -0.236326526
1403636713.913555384 -1.770161591 7.739614954 -0.578667438 0.533355733 0.752525612 0.307362821 -0.234019149
1403636713.963555574 -1.756478904 7.705718639 -0.567855700 0.534116081 0.752452942 0.308047621 -0.231605797
1403636714.013555527 -1.742058357 7.672155564 -0.558494562 0.534160900 0.752998522 0.308355699 -0.229307921
1403636714.063555479 -1.726915652 7.639312104 -0.550248729 0.536880575 0.751724493 0.309919126 -0.224988154
1403636714.113555431 -1.711451455 7.606551772 -0.543131138 0.537315593 0.752014206 0.309695036 -0.223283613
1403636714.163555622 -1.695540207 7.574082076 -0.536985515 0.538225614 0.751958218 0.309568979 -0.221447678
1403636714.213555574 -1.679237126 7.541856855 -0.531549819 0.539589319 0.751525589 0.308315252 -0.221346699
1403636714.263555527 -1.662703161 7.509705916 -0.526908106 0.539736544 0.751876321 0.305976790 -0.223035120
1403636714.313555479 -1.645726749 7.477782707 -0.523235070 0.539362918 0.752604670 0.303881981 -0.224342584
1403636714.363555670 -1.627959764 7.446173280 -0.521018249 0.538535355 0.753663720 0.302976184 -0.224000223
1403636714.413555384 -1.609478680 7.415023839 -0.520353150 0.536122408 0.755767603 0.303456079 -0.222041668
1403636714.463555574 -1.590620628 7.384026446 -0.520840227 0.532455384 0.757957688 0.305240048 -0.220952302
1403636714.513555527 -1.571578642 7.353514057 -0.522154471 0.528516345 0.759594826 0.308233605 -0.220631406
1403636714.563555479 -1.552669637 7.323539586 -0.524165740 0.524180184 0.760707717 0.311677927 -0.222296590
1403636714.613555431 -1.534078269 7.294425265 -0.527201503 0.520153771 0.760713605 0.316928906 -0.224300989
1403636714.663555622 -1.515785762 7.266470572 -0.529879327 0.517306137 0.759182380 0.323644547 -0.226474462
1403636714.713555574 -1.497889569 7.239413865 -0.531364157 0.514129079 0.756975735 0.331243668 -0.230079679
1403636714.763555527 -1.480142761 7.213412481 -0.531260230 0.511335943 0.753676373 0.340332524 -0.233840226
1403636714.813555479 -1.462968645 7.188483542 -0.529135529 0.509748437 0.748634135 0.350993272 -0.237712400
1403636714.863555670 -1.446249284 7.164593646 -0.525126373 0.508446675 0.742804234 0.362284255 -0.241813910
1403636714.913555384 -1.430207817 7.141501654 -0.519352070 0.506071028 0.737294615 0.373436265 -0.246645743
1403636714.963555574 -1.415073077 7.119174862 -0.511326662 0.502602680 0.732337916 0.384052947 -0.252140947
1403636715.013555527 -1.400715699 7.097870872 -0.501338322 0.499900341 0.727448964 0.393606770 -0.256887845
1403636715.063555479 -1.387394759 7.077484771 -0.489402496 0.497092102 0.723083467 0.402245644 -0.261243532
1403636715.113555431 -1.374464627 7.057918714 -0.476214786 0.494820681 0.719199751 0.410397010 -0.263587759
1403636715.163555622 -1.362815076 7.039062552 -0.461839330 0.492309069 0.716353600 0.415971544 -0.267276961
1403636715.213555574 -1.352264931 7.021372817 -0.447068462 0.491005596 0.713599549 0.420816206 -0.269449269
1403636715.263555527 -1.342902761 7.004249529 -0.433142974 0.490014301 0.711307830 0.423642478 -0.272862982
1403636715.313555479 -1.334688752 6.987830435 -0.420684727 0.489672377 0.709290245 0.424798085 -0.276902327
1403636715.363555670 -1.327510208 6.971996715 -0.409951333 0.489739047 0.707530704 0.425920166 -0.279549603
1403636715.413555384 -1.321686026 6.956651874 -0.400376644 0.490042650 0.706206358 0.424184074 -0.284953772
1403636715.463555574 -1.316338556 6.941906198 -0.392998936 0.490599976 0.705156155 0.422138950 -0.289594833
1403636715.513555527 -1.311327013 6.927432714 -0.387550434 0.489871474 0.705209143 0.418488162 -0.295928476
1403636715.563555479 -1.306194220 6.913640554 -0.383822280 0.487834343 0.706386201 0.413795346 -0.303000992
1403636715.613555431 -1.300528595 6.901257415 -0.383067430 0.486736653 0.707108580 0.412003330 -0.305512918
1403636715.663555622 -1.294540380 6.890635224 -0.383362396 0.490149093 0.705054278 0.410719144 -0.306532408
1403636715.713555574 -1.288071817 6.881428743 -0.385090542 0.496847692 0.700877906 0.410473848 -0.305652992
1403636715.763555527 -1.280762727 6.872967350 -0.387408232 0.503248451 0.697037168 0.410601323 -0.303787322
1403636715.813555479 -1.272690950 6.864825774 -0.389422359 0.508923837 0.693766024 0.410423787 -0.302055536
1403636715.863555670 -1.264381023 6.856828939 -0.389666805 0.513479910 0.691015142 0.409779494 -0.301524829
1403636715.913555384 -1.254653555 6.848635134 -0.387912074 0.518419588 0.688140078 0.409531926 -0.299979942
1403636715.963555574 -1.243739651 6.839760711 -0.384499889 0.521133727 0.686994318 0.408201956 -0.299715880
1403636716.013555527 -1.231055995 6.830035242 -0.380701491 0.522512567 0.686642350 0.407219093 -0.299458697
1403636716.063555479 -1.217626992 6.820033196 -0.376165088 0.522683397 0.687363268 0.406570058 -0.298386648
1403636716.113555431 -1.202834653 6.809299751 -0.370214277 0.521282501 0.689189586 0.405137517 -0.298573042
1403636716.163555622 -1.186626046 6.797994495 -0.363500423 0.517510772 0.692872205 0.404965772 -0.296839066
1403636716.213555574 -1.169051715 6.786023280 -0.355421285 0.512575308 0.697503332 0.404849340 -0.294707767
1403636716.263555527 -1.150624913 6.774176757 -0.347631933 0.510183271 0.700424810 0.404591051 -0.292274181
1403636716.313555479 -1.131555830 6.762284153 -0.340969849 0.507896061 0.703117225 0.404388505 -0.290064986
1403636716.363555670 -1.112163794 6.750820897 -0.335870284 0.506303774 0.705334060 0.403739950 -0.288365054
1403636716.413555384 -1.092740406 6.739567710 -0.332143156 0.506320290 0.706236921 0.402772905 -0.287477237
1403636716.463555574 -1.073049066 6.728507808 -0.330468500 0.506162921 0.707151914 0.402402771 -0.286019716
1403636716.513555527 -1.053579232 6.717752568 -0.330092816 0.506880767 0.707501511 0.401351621 -0.285360083
1403636716.563555479 -1.033996479 6.706978235 -0.331433381 0.508267980 0.706397930 0.402342326 -0.284229270
1403636716.613555431 -1.014304759 6.695868043 -0.334180411 0.508335065 0.705374158 0.404180775 -0.284043413
1403636716.663555622 -0.994437383 6.684312689 -0.338241853 0.508052676 0.703536915 0.406653987 -0.285571047
1403636716.713555574 -0.974330464 6.672304903 -0.343652186 0.506955677 0.701401090 0.410302673 -0.287548552
1403636716.763555527 -0.953996588 6.660064619 -0.350243647 0.505618873 0.698920781 0.413824608 -0.290875387
1403636716.813555479 -0.933090383 6.647270943 -0.357384740 0.503401531 0.695938670 0.418781186 -0.294751733
1403636716.863555670 -0.912064150 6.634198865 -0.364110381 0.500470873 0.692751416 0.424428957 -0.299139502
1403636716.913555384 -0.890658320 6.620665421 -0.369676962 0.497143030 0.688779728 0.431080025 -0.304304628
1403636716.963555574 -0.868752924 6.606809587 -0.373816786 0.493113098 0.684126270 0.439738375 -0.308935075
1403636717.013555527 -0.846604762 6.593150473 -0.375962412 0.489781546 0.678672109 0.447726347 -0.314736913
1403636717.063555479 -0.824516256 6.579626418 -0.376427455 0.485702446 0.673291362 0.456568263 -0.319870751
1403636717.113555431 -0.802438550 6.566086124 -0.375074390 0.482222247 0.667713762 0.464682108 -0.325100869
1403636717.163555622 -0.780566432 6.553102622 -0.372287587 0.479684829 0.662768589 0.471864435 -0.328609521
1403636717.213555574 -0.758991538 6.540397020 -0.368604611 0.477282842 0.658404504 0.478204779 -0.331699847
1403636717.263555527 -0.737093568 6.528086605 -0.364772131 0.476476169 0.653899536 0.484396106 -0.332785622
1403636717.313555479 -0.715023972 6.515916655 -0.361043997 0.476650146 0.649560656 0.490684028 -0.331820399
1403636717.363555670 -0.693045827 6.503759884 -0.356796040 0.478740395 0.644612688 0.496549770 -0.329727832
1403636717.413555384 -0.671255403 6.491003659 -0.352784082 0.480563998 0.640447783 0.501409459 -0.327831414
1403636717.463555574 -0.649490895 6.477335857 -0.349001672 0.481437713 0.637671505 0.504546686 -0.327147401
1403636717.513555527 -0.628082317 6.462340694 -0.346682663 0.480975157 0.636629580 0.506130735 -0.327410070
1403636717.563555479 -0.607230990 6.445968889 -0.345535865 0.479816262 0.636511682 0.505840156 -0.329780184
1403636717.613555431 -0.586754696 6.428495983 -0.346088047 0.477344649 0.637768304 0.504813451 -0.332501212
1403636717.663555622 -0.566506042 6.410396329 -0.348461674 0.476985331 0.637952803 0.503888367 -0.334062463
1403636717.713555574 -0.546541030 6.391411921 -0.352541469 0.476575091 0.638341425 0.502825104 -0.335504580
1403636717.763555527 -0.526470449 6.371633913 -0.358478514 0.477360606 0.637050970 0.505015775 -0.333544571
1403636717.813555479 -0.506461208 6.350434016 -0.364361688 0.476842971 0.635772740 0.507064675 -0.333615378
1403636717.863555670 -0.486605185 6.327868886 -0.369369318 0.476081949 0.633360941 0.510690516 -0.333759034
1403636717.913555384 -0.467122329 6.303815260 -0.372827062 0.474827651 0.630211741 0.514865010 -0.335090860
1403636717.963555574 -0.447742617 6.278277235 -0.374678145 0.473639684 0.626290546 0.519530340 -0.336918131
1403636718.013555527 -0.428607109 6.250790925 -0.374348862 0.471100433 0.622063063 0.524588289 -0.340454189
1403636718.063555479 -0.409857100 6.221811596 -0.372334961 0.467465977 0.617982043 0.529870031 -0.344690449
1403636718.113555431 -0.391317806 6.191021058 -0.368399886 0.462131509 0.614145404 0.534244008 -0.351913670
1403636718.163555622 -0.373263990 6.159254139 -0.364440035 0.456067888 0.610614756 0.538887586 -0.358820110
1403636718.213555574 -0.355640511 6.126898509 -0.361555319 0.450603795 0.607297455 0.542925731 -0.365209079
1403636718.263555527 -0.337601514 6.094233511 -0.360882410 0.445549951 0.604476843 0.546718122 -0.370394767
1403636718.313555479 -0.319541514 6.061241443 -0.362355788 0.440504585 0.602205111 0.549934279 -0.375335855
1403636718.363555670 -0.301620287 6.027907696 -0.365853516 0.436281574 0.598906104 0.553738135 -0.379926235
1403636718.413555384 -0.283846102 5.994109835 -0.370872515 0.431227925 0.595972138 0.557817895 -0.384316124
1403636718.463555574 -0.266539780 5.959995575 -0.377033904 0.425986061 0.592885277 0.561201217 -0.389969381
1403636718.513555527 -0.249169837 5.925944182 -0.384771647 0.421599580 0.588723573 0.565360191 -0.395001523
1403636718.563555479 -0.232080902 5.892197733 -0.393500076 0.416578023 0.585997129 0.568228303 -0.400233321
1403636718.613555431 -0.215468742 5.858964668 -0.403185930 0.411448978 0.583915354 0.570821887 -0.404864139
1403636718.663555622 -0.199227698 5.826516551 -0.413554122 0.405406796 0.583067444 0.572055170 -0.410402933
1403636718.713555574 -0.183386507 5.795376264 -0.425427061 0.400121118 0.582140773 0.573865075 -0.414359852
1403636718.763555527 -0.168175360 5.765766422 -0.438132807 0.397603235 0.579879949 0.575750145 -0.417328027
1403636718.813555479 -0.152933053 5.737921172 -0.452497921 0.397640245 0.576575732 0.579331828 -0.416914013
1403636718.863555670 -0.138423772 5.711350086 -0.466428781 0.399809467 0.572352105 0.583521173 -0.414811401
1403636718.913555384 -0.124482845 5.685574095 -0.479027289 0.402207797 0.568513714 0.586753401 -0.413208776
1403636718.963555574 -0.110362188 5.660468580 -0.489879560 0.405031084 0.564901278 0.589385942 -0.411655898
1403636719.013555527 -0.096951627 5.635554065 -0.498091364 0.406874192 0.562252884 0.591337881 -0.410663606
1403636719.063555479 -0.083398377 5.610693309 -0.503817839 0.408619904 0.560046224 0.591836359 -0.411227096
1403636719.113555431 -0.069765156 5.585865440 -0.507758391 0.410787467 0.557969812 0.591762540 -0.411995683
1403636719.163555622 -0.056905711 5.560682329 -0.509232287 0.412604008 0.556410135 0.590469389 -0.414139584
1403636719.213555574 -0.043759041 5.535373103 -0.509177072 0.414306820 0.555324987 0.588772454 -0.416306396
1403636719.263555527 -0.030270066 5.510061149 -0.509698859 0.416153713 0.554354655 0.586979560 -0.418284591
1403636719.313555479 -0.016142325 5.484625793 -0.511367283 0.416158374 0.554840245 0.584483019 -0.421122442
1403636719.363555670 -0.001381014 5.459584766 -0.514883576 0.417499768 0.554420705 0.582796457 -0.422681814
1403636719.413555384 0.014280356 5.434655416 -0.520186602 0.417914305 0.554698270 0.581340990 -0.423910505
1403636719.463555574 0.030670505 5.410171396 -0.527065173 0.417970625 0.555416518 0.579948229 -0.424821256
1403636719.513555527 0.047834621 5.386216518 -0.535743452 0.417689748 0.556412205 0.578975277 -0.425121584
1403636719.563555479 0.065897934 5.362711130 -0.545923866 0.416229103 0.558376048 0.579472984 -0.423297276
1403636719.613555431 0.084887062 5.339480323 -0.555640081 0.413950880 0.560866823 0.579231277 -0.422568578
1403636719.663555622 0.103907167 5.316997348 -0.563741212 0.412648711 0.562980651 0.580216177 -0.419670128
1403636719.713555574 0.123548290 5.295012488 -0.569666611 0.411000939 0.565501326 0.580710718 -0.417206832
1403636719.763555527 0.143741219 5.273489874 -0.573357752 0.410085680 0.567619413 0.580638765 -0.415327053
1403636719.813555479 0.163492707 5.252447168 -0.574774584 0.409255275 0.569678395 0.580397234 -0.413661331
1403636719.863555670 0.183429212 5.231983114 -0.574089730 0.409314357 0.571046230 0.579525764 -0.412938069
1403636719.913555384 0.203636579 5.211929053 -0.572259067 0.409231912 0.572431346 0.578689619 -0.412274084
1403636719.963555574 0.223797595 5.192274730 -0.570653634 0.408420329 0.574056853 0.578519906 -0.411055084
1403636720.013555527 0.243760889 5.173393030 -0.569921978 0.409190293 0.574718535 0.578169311 -0.409856264
1403636720.063555479 0.263288841 5.154772705 -0.570603612 0.408780547 0.575474804 0.577924314 -0.409549389
1403636720.113555431 0.282434867 5.136699005 -0.572824139 0.409084720 0.575785781 0.577948991 -0.408773030
1403636720.163555622 0.301534674 5.119078357 -0.576965269 0.408601156 0.576457544 0.578235938 -0.407903169
1403636720.213555574 0.320183374 5.101830579 -0.582163613 0.408043653 0.576873275 0.577929809 -0.408307161
1403636720.263555527 0.338483211 5.084911607 -0.588260234 0.408019827 0.576847276 0.577797372 -0.408555060
1403636720.313555479 0.356361023 5.068347628 -0.595254464 0.407594428 0.577077856 0.577460334 -0.409130167
1403636720.363555670 0.373997576 5.052326872 -0.603255161 0.407606343 0.576731765 0.577781164 -0.409153354
1403636720.413555384 0.391493406 5.036711584 -0.612075939 0.407066384 0.576568642 0.577960099 -0.409667772
1403636720.463555574 0.408769005 5.021626393 -0.620684825 0.405997175 0.576715674 0.578217774 -0.410157935
1403636720.513555527 0.426011704 5.007226413 -0.627909670 0.405209092 0.576788035 0.578511108 -0.410421797
1403636720.563555479 0.442954467 4.993480334 -0.633444776 0.404344174 0.576663819 0.578619425 -0.411295745
1403636720.613555431 0.459605732 4.980537050 -0.637647689 0.404388062 0.576105154 0.579785371 -0.410392582
1403636720.663555622 0.475910262 4.967995828 -0.639494649 0.403454074 0.575916151 0.579953007 -0.411339163
1403636720.713555574 0.492455462 4.956367366 -0.639453187 0.404520951 0.575297240 0.579377764 -0.411967586
1403636720.763555527 0.508311458 4.945462554 -0.637564336 0.404440194 0.576586133 0.578428401 -0.411578845
1403636720.813555479 0.523206462 4.935586359 -0.634786745 0.405803220 0.578509506 0.576798139 -0.409822407
1403636720.863555670 0.537335517 4.926557743 -0.632264063 0.408370935 0.580721899 0.574829914 -0.406897807
1403636720.913555384 0.551178522 4.918205738 -0.630715047 0.410956394 0.584264522 0.571327831 -0.404146410
1403636720.963555574 0.564427807 4.910472097 -0.630658764 0.414269225 0.587715615 0.566937233 -0.401937233
1403636721.013555527 0.577566135 4.902946316 -0.632181566 0.416808561 0.591340049 0.561993345 -0.400937712
1403636721.063555479 0.590337496 4.895972691 -0.635147268 0.420148794 0.594860818 0.556727024 -0.399588062
1403636721.113555431 0.602991055 4.889748614 -0.639774219 0.423251189 0.599124742 0.551356751 -0.397383577
1403636721.163555622 0.615376401 4.884455858 -0.645277210 0.428353641 0.602960506 0.545318813 -0.394435266
1403636721.213555574 0.628121875 4.879486761 -0.650520603 0.432136045 0.607403926 0.539405832 -0.391612381
1403636721.263555527 0.641189807 4.875048599 -0.654050828 0.436367259 0.610782714 0.533187346 -0.390178607
1403636721.313555479 0.654181821 4.871232187 -0.656108740 0.439107068 0.614381747 0.529065215 -0.387053033
1403636721.363555670 0.668208716 4.867953936 -0.656161512 0.441972792 0.617499838 0.525272063 -0.383983412
1403636721.413555384 0.682682006 4.865128121 -0.654111097 0.445028997 0.619489302 0.522178460 -0.381460157
1403636721.463555574 0.697677628 4.862319805 -0.650931991 0.446614807 0.621951963 0.519601444 -0.379111210
1403636721.513555527 0.713128845 4.860009591 -0.647377914 0.448843558 0.624478390 0.517337782 -0.375403543
1403636721.563555479 0.728705220 4.858129053 -0.644458737 0.450763930 0.627594667 0.514427542 -0.371888582
1403636721.613555431 0.744533115 4.856477660 -0.643017317 0.453140355 0.630393372 0.511935689 -0.367681745
1403636721.663555622 0.760629158 4.854764983 -0.643150239 0.454688625 0.633008569 0.509930990 -0.364045040
1403636721.713555574 0.776801880 4.853113114 -0.644236309 0.457190634 0.634082892 0.507899852 -0.361874773
1403636721.763555527 0.793429893 4.851364809 -0.647053102 0.459042104 0.635087196 0.507178356 -0.358768331
1403636721.813555479 0.810404974 4.849251284 -0.650961095 0.460083656 0.635891880 0.505904790 -0.357805660
1403636721.863555670 0.827410436 4.847046145 -0.656061672 0.460650144 0.636480579 0.504614318 -0.357852355
1403636721.913555384 0.844348019 4.844621438 -0.662215044 0.461187822 0.636675745 0.504242833 -0.357335911
1403636721.963555574 0.861384254 4.842243825 -0.669055240 0.462869280 0.635494318 0.505485121 -0.355504985
1403636722.013555527 0.878447172 4.839752672 -0.675041699 0.464696484 0.634090244 0.507148705 -0.353251937
1403636722.063555479 0.895456876 4.836844756 -0.679193509 0.466147128 0.632667830 0.508872904 -0.351406658
1403636722.113555431 0.912618832 4.833225474 -0.681087033 0.465946442 0.632069782 0.509884496 -0.351282657
1403636722.163555622 0.929996307 4.828919176 -0.681089171 0.464553328 0.632501033 0.509859376 -0.352386245
1403636722.213555574 0.947359006 4.824154132 -0.679089204 0.463348111 0.632667023 0.509958358 -0.353529969
1403636722.263555527 0.964776875 4.818857954 -0.675921912 0.461723157 0.633121389 0.510058023 -0.354696836
1403636722.313555479 0.981996005 4.813190342 -0.672639530 0.460554642 0.633148727 0.509742123 -0.356616151
1403636722.363555670 0.999335863 4.807506556 -0.670761868 0.459776440 0.633519469 0.509744242 -0.356958702
1403636722.413555384 1.016616661 4.802122715 -0.670331631 0.460178788 0.634231092 0.509133502 -0.356047022
1403636722.463555574 1.033864595 4.796824853 -0.671117259 0.461475346 0.635130957 0.507494454 -0.355103579
1403636722.513555527 1.051129256 4.791374395 -0.673054107 0.462190818 0.636547132 0.505564730 -0.354389193
1403636722.563555479 1.068495088 4.785776017 -0.676070749 0.462927363 0.637792077 0.504205808 -0.353123245
1403636722.613555431 1.085606160 4.780037040 -0.679834114 0.464280009 0.638183808 0.503800595 -0.351212843
1403636722.663555622 1.102688726 4.774090865 -0.684117255 0.464961821 0.638988183 0.503154872 -0.349771042
1403636722.713555574 1.119571344 4.767885797 -0.688630025 0.466166810 0.639187622 0.502475390 -0.348778112
1403636722.763555527 1.136351792 4.761377416 -0.693438714 0.467035153 0.639472916 0.502506386 -0.347044504
1403636722.813555479 1.153024565 4.754574562 -0.696945333 0.467283445 0.639826186 0.502762926 -0.345684935
1403636722.863555670 1.169885928 4.747201447 -0.697885169 0.468116276 0.639722312 0.502779389 -0.344725110
1403636722.913555384 1.186697748 4.739161406 -0.697161517 0.467559430 0.640451975 0.502143323 -0.345052939
1403636722.963555574 1.203509446 4.730631749 -0.694711418 0.466607141 0.641163989 0.501765864 -0.345568419
1403636723.013555527 1.221258408 4.721507130 -0.691125632 0.465828052 0.641625374 0.500792359 -0.347171599
1403636723.063555479 1.237582474 4.712379332 -0.684891986 0.465107236 0.642084481 0.499441344 -0.349229326
1403636723.113555431 1.253942421 4.703246342 -0.678863276 0.464684408 0.642333577 0.498939877 -0.350049963
1403636723.163555622 1.270283006 4.694198175 -0.673492617 0.464720778 0.642413653 0.498697879 -0.350199545
1403636723.213555574 1.286624063 4.685037029 -0.669295827 0.464424552 0.642773449 0.498397058 -0.350360531
1403636723.263555527 1.303035364 4.675897265 -0.666534680 0.464594892 0.642746069 0.499202255 -0.349036080
1403636723.313555479 1.319363163 4.666916460 -0.664980161 0.466183268 0.641926776 0.499921154 -0.347393171
1403636723.363555670 1.335585824 4.657838294 -0.664197608 0.467364796 0.642414992 0.499230639 -0.345892895
1403636723.413555384 1.351781185 4.648960657 -0.664588915 0.470224368 0.642969350 0.497812743 -0.343018850
1403636723.463555574 1.367753573 4.640174423 -0.665184686 0.474637211 0.643311691 0.495274865 -0.339959401
1403636723.513555527 1.383557709 4.630961579 -0.665535742 0.479201493 0.644409517 0.490004781 -0.339112987
1403636723.563555479 1.398214617 4.621267225 -0.663712661 0.484059377 0.645120989 0.482840210 -0.341131588
1403636723.613555431 1.413657277 4.610908306 -0.660512059 0.488794748 0.645436137 0.476113305 -0.343231712
1403636723.663555622 1.430436575 4.600192751 -0.656263107 0.490423477 0.647715276 0.471919327 -0.342406021
1403636723.713555574 1.447895437 4.588768430 -0.651348235 0.489356447 0.651423115 0.470546607 -0.338768481
1403636723.763555527 1.466589983 4.576572730 -0.645501140 0.487555472 0.655719535 0.469234266 -0.334874241
1403636723.813555479 1.485807391 4.563764747 -0.640176637 0.484660756 0.660170051 0.467984756 -0.332068853
1403636723.863555670 1.505405901 4.550840155 -0.635526926 0.482783493 0.663570644 0.466850721 -0.329612657
1403636723.913555384 1.525019811 4.537703134 -0.632420929 0.480701792 0.666839618 0.465895658 -0.327401812
1403636723.963555574 1.544628213 4.524534603 -0.631026084 0.478022632 0.670405051 0.465279286 -0.324910168
1403636724.013555527 1.564060059 4.511795530 -0.631146432 0.476326791 0.673830596 0.464648099 -0.321196608
1403636724.063555479 1.582856934 4.499746793 -0.632400680 0.475411461 0.677653750 0.462636431 -0.317390723
1403636724.113555431 1.601349808 4.488298613 -0.635322387 0.474959572 0.681997921 0.460047760 -0.312487279
1403636724.163555622 1.619047174 4.477577365 -0.638871118 0.477589542 0.684906364 0.455824868 -0.308277785
1403636724.213555574 1.635959494 4.467269101 -0.643789920 0.478813389 0.689342629 0.450484088 -0.304316554
1403636724.263555527 1.651830815 4.457788459 -0.649468161 0.481816421 0.693195792 0.444400609 -0.299734263
1403636724.313555479 1.666889945 4.448743808 -0.655638305 0.486091952 0.696381183 0.438021767 -0.294796191
1403636724.363555670 1.680711392 4.440167553 -0.661792700 0.490649957 0.699439616 0.430784340 -0.290640148
1403636724.413555384 1.694768192 4.431473908 -0.666495033 0.495982831 0.701885754 0.423306053 -0.286652063
1403636724.463555574 1.708451556 4.422546289 -0.669630455 0.499759585 0.704390572 0.416813571 -0.283444398
1403636724.513555527 1.721696677 4.413560075 -0.670870246 0.504386587 0.705463628 0.411540980 -0.280266413
1403636724.563555479 1.735187241 4.403934694 -0.670939062 0.507825619 0.706566251 0.406790726 -0.278205998
1403636724.613555431 1.748034714 4.394378330 -0.669417764 0.509780234 0.708207449 0.403277634 -0.275560289
1403636724.663555622 1.760482635 4.384394464 -0.665133032 0.511484192 0.709227447 0.400508287 -0.273812824
1403636724.713555574 1.772717952 4.373959382 -0.658921101 0.512176296 0.710511994 0.398288415 -0.272423359
1403636724.763555527 1.784580715 4.363243599 -0.650539126 0.512316800 0.711732843 0.396762834 -0.271195704
1403636724.813555479 1.796407771 4.352046034 -0.640209063 0.511969297 0.712759546 0.396012015 -0.270251276
1403636724.863555670 1.807896860 4.340543171 -0.627790868 0.511030386 0.713770687 0.395478352 -0.270141118
1403636724.913555384 1.819028952 4.328637628 -0.613435453 0.509565629 0.714759957 0.394837802 -0.271227181
1403636724.963555574 1.829888957 4.316528474 -0.597175626 0.507722584 0.715790293 0.394181380 -0.272915874
1403636725.013555527 1.840301195 4.304455882 -0.578953737 0.506005678 0.716484292 0.393397165 -0.275403673
1403636725.063555479 1.850661027 4.292589380 -0.558637989 0.505016545 0.716706599 0.392654642 -0.277690967
1403636725.113555431 1.861053143 4.281101044 -0.536773712 0.503626139 0.717159315 0.392469761 -0.279303984
1403636725.163555622 1.871122461 4.270310592 -0.514256680 0.501882841 0.717916859 0.392436917 -0.280539236
1403636725.213555574 1.881244783 4.260239143 -0.492290755 0.502107323 0.717383913 0.393204714 -0.280425766
1403636725.263555527 1.891227367 4.250443746 -0.471342375 0.501378909 0.717400479 0.393739253 -0.280936190
1403636725.313555479 1.901254853 4.241564008 -0.451969493 0.501971790 0.716880417 0.395173245 -0.279186130
1403636725.363555670 1.911134634 4.233179331 -0.433866920 0.502302018 0.716462062 0.396021049 -0.278463865
1403636725.413555384 1.920816433 4.225222367 -0.417245178 0.503363511 0.715609643 0.396995068 -0.277349834
1403636725.463555574 1.930219036 4.217470048 -0.402185313 0.503750763 0.715317983 0.397407984 -0.276807237
1403636725.513555527 1.939603319 4.210070651 -0.388696353 0.504375576 0.714833243 0.398298867 -0.275638759
1403636725.563555479 1.948992297 4.202874219 -0.376983202 0.504330732 0.715023572 0.398797400 -0.274503987
1403636725.613555431 1.958015565 4.196000135 -0.366540998 0.505132115 0.714523537 0.399398379 -0.273456754
1403636725.663555622 1.966544049 4.189181615 -0.357489774 0.506399086 0.713718358 0.398846626 -0.274020876
1403636725.713555574 1.974696841 4.182419300 -0.349983954 0.506430366 0.713833969 0.398336538 -0.274403629
1403636725.763555527 1.982592146 4.175582602 -0.344202432 0.506107476 0.713988765 0.398601163 -0.274212288
1403636725.813555479 1.990332709 4.168871676 -0.339834595 0.506420863 0.713658446 0.398734354 -0.274299921
1403636725.863555670 1.997858403 4.162186335 -0.336960059 0.504936051 0.714500361 0.399109220 -0.274300291
1403636725.913555384 2.004857233 4.155706976 -0.334884950 0.504010232 0.714924825 0.398317333 -0.276042539
1403636725.963555574 2.011722149 4.149447151 -0.334333195 0.503176522 0.715195969 0.398556155 -0.276516013
1403636726.013555527 2.018360858 4.143461862 -0.334692855 0.503334647 0.714820722 0.398186475 -0.277728466
1403636726.063555479 2.024777216 4.137854551 -0.336371101 0.503815999 0.714113459 0.398901125 -0.277649597
1403636726.113555431 2.031134539 4.132504476 -0.339293609 0.504482899 0.713356992 0.399695308 -0.277240810
1403636726.163555622 2.037237651 4.127313537 -0.343169417 0.506055532 0.711904580 0.399918459 -0.277785699
1403636726.213555574 2.043430150 4.122099525 -0.348490537 0.506540116 0.711189241 0.400239862 -0.278271500
1403636726.263555527 2.049846034 4.116795384 -0.354372182 0.506965507 0.710484813 0.401150416 -0.277984979
1403636726.313555479 2.056144520 4.111270554 -0.359208115 0.507019249 0.709950832 0.401578596 -0.278632246
1403636726.363555670 2.062650268 4.105738965 -0.362726065 0.508056734 0.708837668 0.402018757 -0.278941634
1403636726.413555384 2.068445592 4.100242990 -0.363611831 0.508196601 0.708180369 0.402560335 -0.279574598
1403636726.463555574 2.073825984 4.094676391 -0.362135060 0.508208826 0.707625580 0.402608692 -0.280884440
1403636726.513555527 2.078921266 4.089072801 -0.358968265 0.507243353 0.707893249 0.401682633 -0.283270878
1403636726.563555479 2.083624943 4.083347958 -0.353271612 0.504826377 0.709083149 0.398401765 -0.289184112
1403636726.613555431 2.089485819 4.077365227 -0.346105300 0.501309792 0.711048895 0.394164322 -0.296196637
1403636726.663555622 2.095373487 4.072516433 -0.337594087 0.499394180 0.711855627 0.389969562 -0.302969898
1403636726.713555574 2.103038714 4.068849465 -0.328614266 0.498924857 0.711967597 0.389717861 -0.303802759
1403636726.763555527 2.111663418 4.066586542 -0.317901244 0.501178998 0.710324838 0.391393347 -0.301777210
1403636726.813555479 2.120651525 4.065479600 -0.305152664 0.503792721 0.708223929 0.394606067 -0.298157364
1403636726.863555670 2.130884648 4.064388359 -0.290573835 0.506256214 0.705304053 0.398858093 -0.295233908
1403636726.913555384 2.142055681 4.063255248 -0.274659021 0.507577957 0.703076722 0.402678117 -0.293083735
1403636726.963555574 2.153954877 4.061902249 -0.257287834 0.508247241 0.701285643 0.405761558 -0.291960179
1403636727.013555527 2.165544858 4.060823933 -0.238316878 0.508545058 0.700052267 0.407545309 -0.291917056
1403636727.063555479 2.177722339 4.059704125 -0.218599922 0.509398086 0.698643823 0.409497441 -0.291070856
1403636727.113555431 2.190142197 4.058410484 -0.199937417 0.509626183 0.697675492 0.411610191 -0.290012262
1403636727.163555622 2.203135356 4.056900729 -0.182741336 0.510091793 0.696740468 0.414027737 -0.287993257
1403636727.213555574 2.216168059 4.054743334 -0.167125123 0.510679836 0.695832916 0.416148394 -0.286082458
1403636727.263555527 2.229025901 4.051966563 -0.153032067 0.511290940 0.694994793 0.418105466 -0.284168316
1403636727.313555479 2.241868227 4.048469894 -0.140398078 0.512063654 0.694213705 0.419975665 -0.281919469
1403636727.363555670 2.254636285 4.044116388 -0.128436487 0.511192532 0.694642619 0.421221360 -0.280582242
1403636727.413555384 2.266993289 4.039041545 -0.117083347 0.511437937 0.694311476 0.421953516 -0.279853607
1403636727.463555574 2.279135508 4.033310057 -0.106388566 0.511993931 0.693849747 0.422518492 -0.279128765
1403636727.513555527 2.291009147 4.026521158 -0.095104315 0.512146309 0.693741404 0.421092299 -0.281265528
1403636727.563555479 2.302654450 4.018789156 -0.082802176 0.511449066 0.694274964 0.418839174 -0.284562600
1403636727.613555431 2.314665936 4.010466114 -0.069542525 0.511944444 0.693941839 0.417753236 -0.286076643
1403636727.663555622 2.326722810 4.001365147 -0.055256505 0.511105169 0.694521153 0.416611414 -0.287831208
1403636727.713555574 2.338422835 3.992313362 -0.039449688 0.510220568 0.695228556 0.417242453 -0.286776852
1403636727.763555527 2.349739309 3.982896070 -0.021620288 0.510260040 0.695171114 0.418010231 -0.285725848
1403636727.813555479 2.361122523 3.972724611 -0.002326132 0.510448957 0.694877266 0.419106291 -0.284494927
1403636727.863555670 2.372781994 3.962140765 0.018118255 0.512202789 0.693745185 0.421719982 -0.280210953
1403636727.913555384 2.384362028 3.950526640 0.038526660 0.514369125 0.692198234 0.423927299 -0.276715835
1403636727.963555574 2.395503939 3.937797847 0.058116340 0.514867367 0.691822644 0.424531751 -0.275800318
1403636728.013555527 2.406221504 3.923892761 0.076355901 0.514078115 0.692535178 0.423866713 -0.276506290
1403636728.063555479 2.416525854 3.909103255 0.093005596 0.513145088 0.693291642 0.423007331 -0.277657372
1403636728.113555431 2.426421353 3.893289797 0.108517151 0.512606077 0.693776258 0.420701731 -0.280926267
1403636728.163555622 2.436300172 3.877130981 0.122393229 0.512746868 0.693975219 0.419211330 -0.282402028
1403636728.213555574 2.446092800 3.860223873 0.134777661 0.512610107 0.694101105 0.417895868 -0.284284324
1403636728.263555527 2.455792210 3.842951052 0.145542525 0.512544165 0.694254741 0.416998049 -0.285344460
1403636728.313555479 2.465597285 3.824987362 0.154744931 0.511741669 0.694932544 0.416207375 -0.286287696
1403636728.363555670 2.475497396 3.806614878 0.162220188 0.511713513 0.695086840 0.416344751 -0.285763212
1403636728.413555384 2.485248316 3.787315938 0.168465561 0.509457852 0.696656587 0.414557025 -0.288556355
1403636728.463555574 2.494929552 3.767877560 0.173493871 0.506965589 0.698557240 0.411128723 -0.293218090
1403636728.513555527 2.505150674 3.748422495 0.177063250 0.503300799 0.701219056 0.407481129 -0.298226879
1403636728.563555479 2.516096923 3.729282233 0.178858387 0.501028099 0.702361731 0.406292377 -0.300973999
1403636728.613555431 2.527551315 3.710686435 0.179740713 0.499791463 0.702131774 0.406224941 -0.303645785
1403636728.663555622 2.540073070 3.692704797 0.179661660 0.500137049 0.699883727 0.410677609 -0.302274052
1403636728.713555574 2.553124505 3.674990531 0.180526845 0.501203884 0.696079137 0.416537536 -0.301272274
1403636728.763555527 2.566341709 3.657219035 0.183306737 0.501194989 0.691892620 0.423438218 -0.301310905
1403636728.813555479 2.579885734 3.639340456 0.187846011 0.500749268 0.687205958 0.431181500 -0.301795720
1403636728.863555670 2.593894891 3.620829021 0.194407725 0.499853214 0.682936878 0.437714677 -0.303561931
1403636728.913555384 2.608116964 3.602328993 0.201820572 0.499766818 0.678253236 0.443399537 -0.305945299
1403636728.963555574 2.622330396 3.583565588 0.209038227 0.498924759 0.674789423 0.447617599 -0.308823258
1403636729.013555527 2.636726511 3.564431499 0.215351163 0.498421663 0.671344136 0.451303918 -0.311765411
1403636729.063555479 2.651274921 3.545117104 0.220362239 0.498548602 0.667945200 0.454518104 -0.314184331
1403636729.113555431 2.666031095 3.525499356 0.223797064 0.497907544 0.665493308 0.457051384 -0.316718751
1403636729.163555622 2.681243178 3.505689712 0.225701125 0.497007889 0.663905605 0.459565735 -0.317823600
1403636729.213555574 2.696720050 3.485353712 0.226126723 0.494542845 0.663901278 0.461819706 -0.318410156
1403636729.263555527 2.712104861 3.464388277 0.225828519 0.492108129 0.664107225 0.462665206 -0.320518471
1403636729.313555479 2.727724207 3.443441552 0.224106546 0.491435789 0.663530041 0.463819743 -0.321076308
1403636729.363555670 2.743552087 3.421860948 0.221959689 0.490631386 0.663294158 0.464125816 -0.322349079
1403636729.413555384 2.759643444 3.400287709 0.219857290 0.491044224 0.662431937 0.464552058 -0.322879055
1403636729.463555574 2.776431887 3.378241365 0.219137570 0.491029302 0.662041283 0.464875569 -0.323237172
1403636729.513555527 2.794031750 3.355588508 0.219987707 0.490707605 0.661893208 0.465093724 -0.323714774
1403636729.563555479 2.811892415 3.332772430 0.222384963 0.489921913 0.662218513 0.465228049 -0.324046328
1403636729.613555431 2.829312915 3.309932109 0.227040135 0.489226453 0.662554411 0.465645557 -0.323810662
1403636729.663555622 2.847440991 3.286846318 0.233438848 0.488693463 0.662928387 0.465699631 -0.323772306
1403636729.713555574 2.865614631 3.263568390 0.240833063 0.488152684 0.663256026 0.465012334 -0.324902955
1403636729.763555527 2.883604151 3.240461483 0.248340053 0.487239933 0.664134580 0.465714633 -0.323469302
1403636729.813555479 2.901852676 3.217080506 0.255235496 0.485733371 0.665524265 0.465918272 -0.322584420
1403636729.863555670 2.920553653 3.193772696 0.260910841 0.484264272 0.666774960 0.466919096 -0.320758203
1403636729.913555384 2.939306628 3.170134815 0.265463377 0.482197722 0.668487654 0.466357606 -0.321123337
1403636729.963555574 2.957900543 3.146703612 0.268443585 0.481559052 0.668962976 0.467432497 -0.319525080
1403636730.013555527 2.975897964 3.123117783 0.270643712 0.480079002 0.670126917 0.467421829 -0.319328830
1403636730.063555479 2.993631351 3.099431405 0.271923880 0.479343802 0.670462858 0.467811892 -0.319156872
1403636730.113555431 3.010894433 3.075722507 0.272112661 0.478684739 0.670549429 0.468345588 -0.319181445
1403636730.163555622 3.027851705 3.052056371 0.271457123 0.478271775 0.670831651 0.467778889 -0.320037367
1403636730.213555574 3.044745468 3.028647756 0.269340873 0.477845939 0.671010202 0.468681749 -0.318976466
1403636730.263555527 3.061273201 3.005327342 0.266445877 0.477751957 0.670782114 0.469041194 -0.319068617
1403636730.313555479 3.077513270 2.982151083 0.262904217 0.477066714 0.671130905 0.468061756 -0.320794095
1403636730.363555670 3.093882962 2.959175589 0.257826178 0.476503142 0.671242941 0.468405162 -0.320896048
1403636730.413555384 3.110100607 2.936450479 0.251953861 0.475895923 0.671433219 0.469387064 -0.319962947
1403636730.463555574 3.125447435 2.914023520 0.247037638 0.473079568 0.673099200 0.470656803 -0.318771647
1403636730.513555527 3.141128622 2.891817071 0.243601350 0.471051646 0.674326983 0.472672033 -0.316187627
1403636730.563555479 3.155598171 2.869828750 0.242675166 0.467722552 0.676438449 0.473818190 -0.314901513
1403636730.613555431 3.168500736 2.848545372 0.243432032 0.465406276 0.677855814 0.474667057 -0.314005857
1403636730.663555622 3.179611918 2.828196767 0.246452962 0.464085718 0.678734376 0.474940264 -0.313649229
1403636730.713555574 3.188932346 2.808549045 0.252889957 0.463155032 0.679089904 0.475403826 -0.313553059
1403636730.763555527 3.196428975 2.789614628 0.261698044 0.462710806 0.679434943 0.476053124 -0.312474466
1403636730.813555479 3.203510188 2.770929713 0.271876199 0.462479261 0.679317458 0.476584974 -0.312261887
1403636730.863555670 3.210275283 2.752758009 0.283090157 0.460958981 0.680470317 0.475716916 -0.313321531
1403636730.913555384 3.215880225 2.734946615 0.294318245 0.458746877 0.682176437 0.474059546 -0.315363533
1403636730.963555574 3.220677422 2.717926785 0.304852093 0.457106428 0.683483284 0.471018091 -0.319446821
1403636731.013555527 3.224405331 2.701735600 0.313913881 0.455543611 0.684898049 0.467706954 -0.323488618
1403636731.063555479 3.226927801 2.686623449 0.322617193 0.455921574 0.684909177 0.462289111 -0.330641371
1403636731.113555431 3.228957585 2.673238744 0.330191332 0.458588045 0.683491501 0.457737001 -0.336174375
1403636731.163555622 3.231001691 2.661290800 0.336006838 0.461212688 0.681910767 0.454698213 -0.339897187
1403636731.213555574 3.233242701 2.651064004 0.340120823 0.464897061 0.679717823 0.453924910 -0.340303660
1403636731.263555527 3.235949972 2.642317547 0.342953752 0.469401292 0.676899370 0.454501769 -0.338965798
1403636731.313555479 3.239161802 2.634791313 0.344359298 0.473554895 0.674430790 0.456098466 -0.335950979
1403636731.363555670 3.242650367 2.627799888 0.344796224 0.476168737 0.672873287 0.457675571 -0.333223566
1403636731.413555384 3.246649966 2.621348594 0.343615365 0.478191425 0.671624669 0.460386576 -0.329085803
1403636731.463555574 3.250641068 2.614990060 0.342001488 0.479411220 0.670821941 0.460884792 -0.328249927
1403636731.513555527 3.255041653 2.608595310 0.339308413 0.478247337 0.671674929 0.460598016 -0.328605754
1403636731.563555479 3.259580442 2.602153555 0.336043117 0.475661436 0.673281574 0.458917825 -0.331409943
1403636731.613555431 3.264276510 2.596369436 0.332041178 0.474310763 0.674254886 0.457323481 -0.333563910
1403636731.663555622 3.269424571 2.591238853 0.326957729 0.472867918 0.675146278 0.456217187 -0.335319720
1403636731.713555574 3.274759456 2.587359753 0.320598345 0.473360020 0.674918476 0.456312140 -0.334954583
1403636731.763555527 3.280638875 2.584276877 0.312927599 0.474729803 0.673967654 0.457967002 -0.332664155
1403636731.813555479 3.286996223 2.581713632 0.304421752 0.475761596 0.673192314 0.458950086 -0.331402822
1403636731.863555670 3.293628454 2.579646820 0.294890116 0.476815682 0.672298244 0.460384894 -0.329708394
1403636731.913555384 3.300314200 2.577785899 0.284691431 0.477709457 0.671282916 0.461444144 -0.329001859
1403636731.963555574 3.307005789 2.576058366 0.273886694 0.478294599 0.670697331 0.461475721 -0.329301573
1403636732.013555527 3.313703022 2.574547194 0.262035119 0.478627420 0.670190986 0.461935796 -0.329203819
1403636732.063555479 3.320496444 2.573367313 0.249385789 0.480006928 0.668975260 0.462057451 -0.329497136
1403636732.113555431 3.327476558 2.572427798 0.235483575 0.479723514 0.669039828 0.461845327 -0.330075677
1403636732.163555622 3.334686522 2.571651930 0.220540082 0.480199293 0.668350081 0.462614542 -0.329703796
1403636732.213555574 3.342018981 2.571371413 0.206526077 0.481415849 0.667289429 0.462473703 -0.330275145
1403636732.263555527 3.349943156 2.571287957 0.193595161 0.482756275 0.666035158 0.463363399 -0.329602653
1403636732.313555479 3.358736147 2.570676497 0.182364250 0.482657444 0.665782086 0.462808312 -0.331035455
1403636732.363555670 3.368119987 2.570631717 0.172130962 0.483565369 0.665020855 0.464368008 -0.329050376
1403636732.413555384 3.377752969 2.570554239 0.164693810 0.486841142 0.662652268 0.465962691 -0.326736048
1403636732.463555574 3.387728238 2.570438306 0.159551353 0.491989517 0.658789293 0.468643417 -0.322980389
1403636732.513555527 3.399092581 2.569362004 0.156375407 0.498057477 0.654116196 0.471843712 -0.318487460
1403636732.563555479 3.410739364 2.566917753 0.154591920 0.502959234 0.650236936 0.473861445 -0.315720235
1403636732.613555431 3.422410654 2.562796497 0.154217788 0.507268379 0.646728767 0.475311373 -0.313846766
1403636732.663555622 3.434317155 2.556272142 0.155702370 0.508519593 0.645443018 0.474548860 -0.315617670
1403636732.713555574 3.446581349 2.547537535 0.158903085 0.507696953 0.645845505 0.472298192 -0.319471133
1403636732.763555527 3.459624955 2.536899436 0.163530942 0.505358540 0.647348937 0.470233931 -0.323159636
1403636732.813555479 3.472059715 2.524570815 0.170204975 0.503248886 0.648619834 0.467820108 -0.327379316
1403636732.863555670 3.485626083 2.511426730 0.176129562 0.502302499 0.649193918 0.466953471 -0.328928431
1403636732.913555384 3.500294072 2.497047285 0.180663186 0.500926193 0.649986477 0.466948458 -0.329468766
1403636732.963555574 3.515956934 2.481510814 0.183495420 0.498879555 0.651265326 0.467405103 -0.329401174
1403636733.013555527 3.532328584 2.465157822 0.184759798 0.496638701 0.652599093 0.468505007 -0.328584057
1403636733.063555479 3.549251517 2.448070888 0.185754910 0.494750973 0.653807120 0.469632549 -0.327418682
1403636733.113555431 3.566750351 2.430278613 0.188270693 0.491823722 0.655684997 0.471040013 -0.326048948
1403636733.163555622 3.584704335 2.412141070 0.193195641 0.493147732 0.654632788 0.472531575 -0.323998671
1403636733.213555574 3.602856656 2.393000597 0.199886635 0.492149357 0.655059035 0.473310151 -0.323518425
1403636733.263555527 3.621242428 2.373124871 0.208425163 0.491930659 0.654774684 0.474390632 -0.322843412
1403636733.313555479 3.640718331 2.352104066 0.218311531 0.490526455 0.655502578 0.474044348 -0.324009448
1403636733.363555670 3.661066318 2.330489823 0.228987555 0.487954113 0.657050265 0.474186233 -0.324550688
1403636733.413555384 3.681026431 2.308561313 0.240858467 0.485160782 0.658574763 0.474716465 -0.324873169
1403636733.463555574 3.700728209 2.286340886 0.254547727 0.482655024 0.660398439 0.474092943 -0.325812694
1403636733.513555527 3.719948933 2.264111711 0.268818481 0.480943573 0.661426962 0.474818531 -0.325199963
1403636733.563555479 3.739241650 2.241646124 0.282370768 0.479450807 0.662432649 0.474976389 -0.325126651
1403636733.613555431 3.758660655 2.219210497 0.294873418 0.478815670 0.662490740 0.476224327 -0.324117206
1403636733.663555622 3.777886786 2.196551796 0.305985093 0.477111092 0.663728512 0.475807759 -0.324709786
1403636733.713555574 3.796919672 2.174052017 0.315336575 0.476334117 0.664079775 0.476483447 -0.324140998
1403636733.763555527 3.815488884 2.151701033 0.323121779 0.476443201 0.663815442 0.477144723 -0.323548835
1403636733.813555479 3.833808200 2.129196541 0.329068292 0.474773738 0.664864986 0.477696079 -0.323033906
1403636733.863555670 3.851923171 2.106696231 0.333838927 0.474079922 0.665196315 0.478147483 -0.322702764
1403636733.913555384 3.869441607 2.084390730 0.337460181 0.475607077 0.664028879 0.478583264 -0.322213619
1403636733.963555574 3.886579754 2.062224354 0.339968584 0.478655341 0.661880139 0.479316399 -0.321028871
1403636734.013555527 3.903095518 2.039783542 0.342005090 0.481420267 0.659904588 0.478786087 -0.321751992
1403636734.063555479 3.919542759 2.017048465 0.343159702 0.483290783 0.658887981 0.477707595 -0.322633076
1403636734.113555431 3.935535427 1.993949550 0.344288201 0.484145702 0.658723299 0.475925515 -0.324316912
1403636734.163555622 3.951877579 1.970446976 0.345806530 0.484537008 0.658651560 0.475336213 -0.324742197
1403636734.213555574 3.967956672 1.946479315 0.348980641 0.483811012 0.659036930 0.474604763 -0.326109718
1403636734.263555527 3.984529745 1.922067914 0.354289827 0.483347356 0.658912067 0.474148490 -0.327709370
1403636734.313555479 4.001560820 1.897410501 0.360491352 0.481569606 0.659904782 0.474023909 -0.328508336
1403636734.363555670 4.018448060 1.872884242 0.368549283 0.479885879 0.660798195 0.474286339 -0.328797442
1403636734.413555384 4.035433001 1.848235047 0.378704849 0.477851407 0.661862872 0.474428220 -0.329413775
1403636734.463555574 4.052483461 1.823796336 0.389630107 0.476249485 0.662584949 0.475352462 -0.328949312
1403636734.513555527 4.069365601 1.799516207 0.400394368 0.474692376 0.663265824 0.476019197 -0.328863679
1403636734.563555479 4.086086783 1.775388785 0.409978606 0.472851335 0.664180414 0.477023154 -0.328214722
1403636734.613555431 4.102578036 1.751405235 0.418331749 0.471083815 0.664976127 0.477908295 -0.327857363
1403636734.663555622 4.118873201 1.727803293 0.425033030 0.470125886 0.665305427 0.479262399 -0.326585201
1403636734.713555574 4.134710450 1.704415442 0.430294723 0.469720539 0.665075143 0.480337913 -0.326056985
1403636734.763555527 4.150199903 1.681423697 0.434208929 0.470311918 0.664097454 0.481280651 -0.325807008
1403636734.813555479 4.165360116 1.658480605 0.436402853 0.469263708 0.664391975 0.481910703 -0.325786663
1403636734.863555670 4.179980955 1.635726648 0.437168930 0.468855897 0.664129995 0.482366471 -0.326233177
1403636734.913555384 4.193913335 1.613232849 0.436678703 0.468190612 0.664120749 0.482611645 -0.326844279
1403636734.963555574 4.207313308 1.591132660 0.435123836 0.467609562 0.664335519 0.482527635 -0.327363249
1403636735.013555527 4.220185089 1.569460959 0.432370849 0.468174973 0.663736863 0.483136581 -0.326870946
1403636735.063555479 4.232385613 1.547875063 0.429065907 0.468139455 0.663656044 0.482686996 -0.327748943
1403636735.113555431 4.244856818 1.526431820 0.425035105 0.467804314 0.663997188 0.482185563 -0.328274187
1403636735.163555622 4.257195078 1.505364505 0.421834572 0.467050423 0.664545177 0.481623821 -0.329062465
1403636735.213555574 4.268852660 1.484824375 0.419641589 0.466092497 0.665481100 0.481314643 -0.328981618
1403636735.263555527 4.279569851 1.464696615 0.419565180 0.464660764 0.666802566 0.480745159 -0.329163796
1403636735.313555479 4.289580380 1.445137146 0.421790022 0.463294684 0.668288026 0.480125962 -0.328980561
1403636735.363555670 4.298242253 1.426335516 0.427134354 0.462378338 0.669583708 0.479415247 -0.328671494
1403636735.413555384 4.305893471 1.408383643 0.436078216 0.463993646 0.669324555 0.478195026 -0.328700553
1403636735.463555574 4.313527388 1.390853105 0.447584588 0.464723825 0.669964087 0.476226250 -0.329224008
1403636735.513555527 4.320558671 1.374187465 0.460106174 0.466496014 0.670007738 0.475098615 -0.328256616
1403636735.563555479 4.327414501 1.358270854 0.474201846 0.468347185 0.669958040 0.473663648 -0.327795498
1403636735.613555431 4.333653425 1.342901159 0.489254547 0.470082189 0.669847140 0.472614147 -0.327052615
1403636735.663555622 4.339734715 1.328005053 0.503623858 0.471317693 0.670231927 0.471628875 -0.325906429
1403636735.713555574 4.345628786 1.313168702 0.516485962 0.470921165 0.671419528 0.470787893 -0.325250415
1403636735.763555527 4.351069597 1.298946764 0.527875653 0.471580290 0.671799064 0.470662072 -0.323690071
1403636735.813555479 4.355953699 1.284945700 0.538294238 0.471636179 0.672468975 0.469470793 -0.323947475
1403636735.863555670 4.360617586 1.271503108 0.547292767 0.472433165 0.672294739 0.469009195 -0.323816404
1403636735.913555384 4.364911974 1.258416536 0.555011236 0.472750085 0.672187264 0.468674953 -0.324060840
1403636735.963555574 4.368761129 1.245936776 0.561449550 0.473322236 0.671938975 0.468768363 -0.323605157
1403636736.013555527 4.372236325 1.233361928 0.568061462 0.473868318 0.670373797 0.470024263 -0.324229828
1403636736.063555479 4.375454228 1.220760075 0.575684739 0.473682899 0.668196496 0.472323663 -0.325650596
1403636736.113555431 4.378514371 1.207958282 0.585516576 0.473188723 0.665247373 0.474340467 -0.329453315
1403636736.163555622 4.381664591 1.195067491 0.596880945 0.472551131 0.661321042 0.477787925 -0.333269571
1403636736.213555574 4.385145966 1.182166496 0.610290286 0.471391238 0.657395960 0.481289784 -0.337610717
1403636736.263555527 4.388665635 1.169418591 0.624208961 0.469906116 0.653864162 0.485236668 -0.340874283
1403636736.313555479 4.392198774 1.157142303 0.637811464 0.468707677 0.650534064 0.489143099 -0.343303908
1403636736.363555670 4.395734628 1.144994669 0.649937752 0.467707966 0.647545067 0.492817011 -0.345059471
1403636736.413555384 4.399338821 1.132917973 0.660576616 0.466519974 0.645181438 0.495970148 -0.346574145
1403636736.463555574 4.402789179 1.121260908 0.669614629 0.467387260 0.641817799 0.499935772 -0.345952721
1403636736.513555527 4.405954332 1.109529509 0.676676300 0.469203335 0.638167199 0.503678670 -0.344816842
1403636736.563555479 4.409177143 1.097506622 0.681951293 0.470711756 0.635032094 0.506981803 -0.343706465
1403636736.613555431 4.412447246 1.085191789 0.686011974 0.472010659 0.632550479 0.509603128 -0.342622943
1403636736.663555622 4.415976601 1.071836752 0.689207160 0.472508801 0.630989466 0.510782653 -0.343058024
1403636736.713555574 4.419405423 1.057824573 0.691531374 0.473081640 0.629609825 0.511864930 -0.343190214
1403636736.763555527 4.422992014 1.042949158 0.692496692 0.472536736 0.629244269 0.513059876 -0.342826847
1403636736.813555479 4.426607428 1.027127187 0.692976379 0.473220246 0.627911153 0.513776215 -0.343255273
1403636736.863555670 4.430348466 1.010402457 0.692814624 0.472255592 0.627892662 0.513583795 -0.344901649
1403636736.913555384 4.434476810 0.992947118 0.691607354 0.471582864 0.627556138 0.514957318 -0.344386203
1403636736.963555574 4.438380215 0.974427184 0.690080844 0.469982343 0.627923814 0.514651820 -0.346354998
1403636737.013555527 4.442454960 0.954889203 0.688014300 0.467349665 0.628939392 0.513867508 -0.349227314
1403636737.063555479 4.446421717 0.934942991 0.685460329 0.465358537 0.629311402 0.513148488 -0.352260161
1403636737.113555431 4.450520491 0.914454887 0.682482152 0.463039041 0.629877389 0.511799269 -0.356245462
1403636737.163555622 4.454867641 0.894118503 0.678227269 0.461661221 0.629743419 0.512252047 -0.357617091
1403636737.213555574 4.459432306 0.873612222 0.673137941 0.460330531 0.629601430 0.512584825 -0.359102546
1403636737.263555527 4.464436168 0.852901209 0.667141204 0.457955016 0.630235997 0.512513702 -0.361122551
1403636737.313555479 4.469607768 0.832485679 0.660372213 0.456377313 0.630349532 0.514411122 -0.360222727
1403636737.363555670 4.474408298 0.812150840 0.655078845 0.454019418 0.631037933 0.515337025 -0.360673323
1403636737.413555384 4.480403535 0.791870950 0.651255927 0.452189707 0.631277085 0.517104479 -0.360023149
1403636737.463555574 4.486363292 0.771824243 0.649424484 0.450123672 0.631786393 0.518684401 -0.359445579
1403636737.513555527 4.491589173 0.752215031 0.649865431 0.449141247 0.631679043 0.520477736 -0.358268967
1403636737.563555479 4.496355599 0.732782856 0.651909228 0.447310660 0.632401127 0.520505176 -0.359244136
1403636737.613555431 4.500489669 0.713685491 0.655678904 0.445171534 0.633493318 0.520213496 -0.360397614
1403636737.663555622 4.504999850 0.694806328 0.660559516 0.442065940 0.635213915 0.519393884 -0.362368569
1403636737.713555574 4.509648548 0.676591719 0.666565486 0.439256385 0.637060403 0.518585915 -0.363698392
1403636737.763555527 4.513375565 0.659248224 0.674316217 0.437449971 0.638175500 0.517774600 -0.365073990
1403636737.813555479 4.516452676 0.642876104 0.683533712 0.435611012 0.639575113 0.516682385 -0.366368713
1403636737.863555670 4.519341073 0.627544389 0.695118990 0.434806274 0.640348307 0.515841159 -0.367158615
1403636737.913555384 4.521832166 0.613413618 0.708253290 0.434553291 0.640662401 0.515538816 -0.367334799
1403636737.963555574 4.523674058 0.600643259 0.723636147 0.434581693 0.640922519 0.514921997 -0.367712407
1403636738.013555527 4.525004609 0.589198617 0.740992913 0.435301799 0.641002704 0.514419773 -0.367423699
1403636738.063555479 4.526570286 0.578891872 0.759487438 0.435858044 0.641220549 0.514428256 -0.366370773
1403636738.113555431 4.527590346 0.569997213 0.777991107 0.438750538 0.639726580 0.515021249 -0.364692997
1403636738.163555622 4.528206680 0.561577989 0.795664234 0.440492044 0.639129823 0.514592675 -0.364244709
1403636738.213555574 4.528790046 0.554012905 0.811785214 0.442539958 0.638387363 0.514392879 -0.363345464
1403636738.263555527 4.529339309 0.546966783 0.826176533 0.443113396 0.638699540 0.513847020 -0.362870026
1403636738.313555479 4.529607953 0.540386533 0.838841840 0.443750927 0.638823145 0.513769301 -0.361982333
1403636738.363555670 4.529500469 0.534299120 0.850138598 0.443905328 0.639553826 0.513121137 -0.361421723
1403636738.413555384 4.528986076 0.528692962 0.859923698 0.443978817 0.640102460 0.512746116 -0.360892050
1403636738.463555574 4.528183379 0.523966957 0.868103155 0.444709293 0.641050897 0.511923604 -0.359474083
1403636738.513555527 4.526921874 0.520204913 0.874879805 0.445097919 0.643557827 0.509788967 -0.357542130
1403636738.563555479 4.525277037 0.517399592 0.879711588 0.445672033 0.647094429 0.506902480 -0.354535068
1403636738.613555431 4.523014378 0.515434247 0.882903829 0.446188155 0.651649407 0.502714998 -0.351492264
1403636738.663555622 4.520100704 0.514555229 0.884649558 0.448514584 0.656107446 0.497275307 -0.347958268
1403636738.713555574 4.516774347 0.514671367 0.884995276 0.451384870 0.661060878 0.490235742 -0.344846532
1403636738.763555527 4.513274414 0.515586124 0.883861651 0.456183149 0.665409045 0.481693102 -0.342198031
1403636738.813555479 4.509853803 0.517261357 0.881335425 0.460679699 0.670552016 0.472071080 -0.339533656
1403636738.863555670 4.506391040 0.520145128 0.877525952 0.465451629 0.675771990 0.461445000 -0.337276609
1403636738.913555384 4.503442063 0.524004492 0.871852965 0.469739872 0.681660913 0.451157503 -0.333376304
1403636738.963555574 4.500758679 0.528788390 0.864875297 0.473198342 0.688247940 0.439966436 -0.329890341
1403636739.013555527 4.498370251 0.534724642 0.856450120 0.476776248 0.694976915 0.428090761 -0.326235800
1403636739.063555479 4.496563237 0.542120086 0.846525192 0.480053996 0.702032058 0.416495816 -0.321294858
1403636739.113555431 4.495327653 0.551143040 0.835314008 0.485256178 0.707816984 0.406369327 -0.313664675
1403636739.163555622 4.494973611 0.561288942 0.822353963 0.490826944 0.713127462 0.397931061 -0.303626422
1403636739.213555574 4.495213688 0.572535269 0.808706682 0.497142013 0.717876170 0.388670982 -0.294004238
1403636739.263555527 4.496317584 0.584667082 0.793924903 0.503411967 0.722461249 0.380255473 -0.282899117
1403636739.313555479 4.497938199 0.597279159 0.778490511 0.510082712 0.726355304 0.372043793 -0.271674463
1403636739.363555670 4.499975672 0.610191340 0.763068579 0.516548737 0.730048027 0.364351305 -0.259721789
1403636739.413555384 4.502702290 0.622813075 0.749249568 0.521508154 0.734120835 0.356208689 -0.249421761
1403636739.463555574 4.505644724 0.635332070 0.737379180 0.526121547 0.738099619 0.347611806 -0.239939789
1403636739.513555527 4.508501466 0.647296088 0.727932067 0.528964948 0.742846521 0.338119331 -0.232487521
1403636739.563555479 4.511153085 0.658803115 0.721619252 0.531703335 0.746713793 0.328218875 -0.227996592
1403636739.613555431 4.513870184 0.669695897 0.716883204 0.533157442 0.750375446 0.319823537 -0.224483267
1403636739.663555622 4.516767204 0.680384416 0.713626152 0.534190054 0.753440979 0.314214146 -0.219629570
1403636739.713555574 4.519603831 0.690630178 0.711510500 0.535809174 0.755159827 0.309181062 -0.216908356
1403636739.763555527 4.522022346 0.700545976 0.709066649 0.535569331 0.757548601 0.303920658 -0.216605268
1403636739.813555479 4.524685254 0.710293403 0.705072135 0.535817582 0.758940466 0.300430705 -0.215986756
1403636739.863555670 4.527326400 0.720186418 0.699696920 0.535734532 0.760174948 0.298170017 -0.214981863
1403636739.913555384 4.530058367 0.730377996 0.693236080 0.535959759 0.760687662 0.297034048 -0.214177946
1403636739.963555574 4.533009592 0.740770818 0.685289730 0.536485514 0.760701059 0.296643675 -0.213353516
1403636740.013555527 4.536311630 0.751040575 0.676277604 0.536407828 0.760842850 0.297253343 -0.212191539
1403636740.063555479 4.539741302 0.761366088 0.666126492 0.536638508 0.760448025 0.298724180 -0.210954443
1403636740.113555431 4.543482137 0.771445936 0.654892918 0.538053184 0.759113296 0.300785589 -0.209221902
1403636740.163555622 4.547538408 0.781765367 0.642591775 0.539282820 0.757799419 0.303640828 -0.206679286
1403636740.213555574 4.551578699 0.791756768 0.629332995 0.541154536 0.755846137 0.306647579 -0.204488746
1403636740.263555527 4.555445908 0.801237067 0.615290656 0.542179566 0.754510389 0.309336126 -0.202648840
1403636740.313555479 4.558853357 0.809986471 0.601321663 0.542873327 0.753489368 0.309319050 -0.204607059
1403636740.363555670 4.561941686 0.817972419 0.586072861 0.542270243 0.753174126 0.309261012 -0.207435162
1403636740.413555384 4.564682519 0.825554450 0.569770238 0.541295477 0.753383037 0.307982843 -0.211091864
1403636740.463555574 4.567521625 0.832764386 0.551877522 0.539743517 0.753948795 0.307734508 -0.213395461
1403636740.513555527 4.570421957 0.839800710 0.534303489 0.540054367 0.753104767 0.306806388 -0.216897053
1403636740.563555479 4.573801347 0.846626402 0.517316249 0.540158314 0.752505888 0.307396444 -0.217879119
1403636740.613555431 4.577358962 0.853247655 0.501921840 0.540070256 0.751955357 0.308155245 -0.218923740
1403636740.663555622 4.581012543 0.859672586 0.488205200 0.538324270 0.752726896 0.308258716 -0.220421787
1403636740.713555574 4.585139269 0.865995476 0.476036702 0.536066158 0.753915851 0.308861362 -0.221017245
1403636740.763555527 4.589797457 0.872534194 0.464751628 0.534252177 0.754674868 0.310846295 -0.220034170
1403636740.813555479 4.594645931 0.879199807 0.453909375 0.533455524 0.754813631 0.311383057 -0.220731008
1403636740.863555670 4.599558755 0.885920758 0.442167721 0.533850698 0.754211189 0.311555061 -0.221590521
1403636740.913555384 4.604915129 0.892918552 0.428636547 0.535834899 0.752427982 0.313404581 -0.220251359
1403636740.963555574 4.610452099 0.900032076 0.413616394 0.539005185 0.749960359 0.315655708 -0.217702423
1403636741.013555527 4.616248955 0.906816500 0.396666215 0.542420841 0.747248254 0.319614662 -0.212711412
1403636741.063555479 4.622042149 0.913313576 0.378123272 0.546439590 0.744681230 0.322054634 -0.207688356
1403636741.113555431 4.627323100 0.919044061 0.358161025 0.548960326 0.743852578 0.321132278 -0.205426295
1403636741.163555622 4.632791077 0.923781495 0.336747324 0.550891152 0.744288730 0.317472822 -0.204362990
1403636741.213555574 4.637991259 0.927441192 0.314079985 0.551470739 0.745998493 0.311738444 -0.205390885
1403636741.263555527 4.642983605 0.929842656 0.290090243 0.550586655 0.748564734 0.305575092 -0.207675318
1403636741.313555479 4.648277025 0.931076491 0.264815637 0.548762200 0.751300169 0.300936076 -0.209393366
1403636741.363555670 4.654191448 0.931406280 0.239291520 0.544566952 0.755708820 0.297169324 -0.209860448
1403636741.413555384 4.660360017 0.931435381 0.215036732 0.541187851 0.759377600 0.294609333 -0.208965814
1403636741.463555574 4.666642557 0.931278090 0.192218206 0.537807011 0.762796568 0.293240586 -0.207159296
1403636741.513555527 4.673079615 0.931324120 0.170648361 0.532423704 0.767387748 0.293297392 -0.204004124
1403636741.563555479 4.679110165 0.931578973 0.151628458 0.527979307 0.771082949 0.290804884 -0.205186394
1403636741.613555431 4.685720068 0.932558484 0.133649986 0.526376723 0.772625611 0.292459138 -0.201109084
1403636741.663555622 4.691796497 0.934171020 0.117846852 0.525230987 0.773624700 0.292689621 -0.199925037
1403636741.713555574 4.697327850 0.936783029 0.104289663 0.525951118 0.773222473 0.292897614 -0.199282254
1403636741.763555527 4.701983882 0.940572142 0.092791675 0.528331304 0.771484859 0.293352916 -0.199050780
1403636741.813555479 4.706289711 0.945028451 0.082025441 0.530891251 0.769432148 0.294371808 -0.198680365
1403636741.863555670 4.710565698 0.949754389 0.070549483 0.534059125 0.766808865 0.295997623 -0.197915192
1403636741.913555384 4.714705276 0.954580095 0.057155310 0.536290305 0.764696412 0.298360271 -0.196502558
1403636741.963555574 4.718490439 0.959521639 0.041950409 0.538916385 0.762099104 0.301873997 -0.194026225
1403636742.013555527 4.721739390 0.964289849 0.025038380 0.539331654 0.761061120 0.305556779 -0.191160646
1403636742.063555479 4.724275316 0.968528967 0.007999839 0.537460391 0.761506607 0.308402434 -0.190084071
1403636742.113555431 4.725856782 0.972276284 -0.008077459 0.532923843 0.763859237 0.310334815 -0.190272296
1403636742.163555622 4.726291594 0.975905694 -0.022153262 0.528980081 0.765954893 0.310694337 -0.192255573
1403636742.213555574 4.725567566 0.980003638 -0.034670910 0.526662172 0.766907036 0.310925168 -0.194437895
1403636742.263555527 4.723759740 0.984475753 -0.044651251 0.524261276 0.767933390 0.309972362 -0.198357147
1403636742.313555479 4.721686918 0.989237355 -0.053053953 0.524960374 0.766666867 0.309932360 -0.201445906
1403636742.363555670 4.719337102 0.994119363 -0.059934452 0.527002469 0.764896290 0.308645708 -0.204792309
1403636742.413555384 4.716165623 0.999831863 -0.064514800 0.529767871 0.762339989 0.308394688 -0.207548692
1403636742.463555574 4.712853072 1.005967208 -0.067378436 0.531359665 0.760813363 0.308023518 -0.209622148
1403636742.513555527 4.709548335 1.012218392 -0.069681392 0.532720906 0.759390753 0.308341610 -0.210854386
1403636742.563555479 4.705548030 1.019183438 -0.071445608 0.533193444 0.758604736 0.308719363 -0.211933859
1403636742.613555431 4.701477638 1.026370951 -0.072123195 0.534835194 0.757105662 0.309001560 -0.212744839
1403636742.663555622 4.697446680 1.033614187 -0.073948313 0.536794249 0.755488261 0.308738401 -0.213939292
1403636742.713555574 4.693452995 1.040673552 -0.077820511 0.538389975 0.753912078 0.308637650 -0.215628416
1403636742.763555527 4.689520663 1.047643671 -0.084239149 0.539777416 0.752526232 0.308788867 -0.216781104
1403636742.813555479 4.685975020 1.054351401 -0.092475179 0.540679928 0.751646304 0.308779773 -0.217596187
1403636742.863555670 4.682809196 1.060530987 -0.102475491 0.541006983 0.751000905 0.308597734 -0.219263594
1403636742.913555384 4.680424377 1.066204695 -0.114485626 0.540952168 0.750749357 0.308513033 -0.220376640
1403636742.963555574 4.678713327 1.071723236 -0.128464486 0.540869832 0.751217668 0.307543293 -0.220338293
1403636743.013555527 4.677229314 1.077391608 -0.144842613 0.539792943 0.752992069 0.306575866 -0.218260766
1403636743.063555479 4.676281197 1.082966434 -0.163122955 0.535938207 0.757225026 0.305059097 -0.215219530
1403636743.113555431 4.675641777 1.088508071 -0.181900323 0.529511668 0.763385128 0.303679359 -0.211280351
1403636743.163555622 4.674939203 1.094474096 -0.200280988 0.521168005 0.770548296 0.303375869 -0.206403286
1403636743.213555574 4.673674369 1.101524375 -0.217404504 0.515290680 0.775679361 0.303113651 -0.202284847
1403636743.263555527 4.671924395 1.109714709 -0.233729497 0.509671936 0.780489185 0.303874253 -0.196803425
1403636743.313555479 4.668774073 1.119112834 -0.246698191 0.506801444 0.783254427 0.302446270 -0.195425313
1403636743.363555670 4.664383810 1.130158345 -0.257478589 0.504922631 0.785152475 0.300826103 -0.195172701
1403636743.413555384 4.658432750 1.143392753 -0.265824908 0.504838981 0.785785268 0.299278663 -0.195221406
1403636743.463555574 4.650690750 1.158712442 -0.272494025 0.507853483 0.784227803 0.297669851 -0.196123055
1403636743.513555527 4.642474610 1.175331427 -0.279723002 0.511041760 0.782502085 0.296461874 -0.196563385
1403636743.563555479 4.633609805 1.193088436 -0.287967525 0.515404101 0.779891229 0.295100144 -0.197596024
1403636743.613555431 4.623823365 1.212192927 -0.298077095 0.520435804 0.776541865 0.295326096 -0.197260747
1403636743.663555622 4.613468771 1.232046088 -0.310052021 0.524040779 0.774129054 0.295619208 -0.196760651
1403636743.713555574 4.602574524 1.252668053 -0.323408843 0.528862871 0.770974565 0.295383799 -0.196597800
1403636743.763555527 4.591090687 1.274099283 -0.338099825 0.534172882 0.768122808 0.293742731 -0.195861921
1403636743.813555479 4.579382900 1.295468693 -0.354268977 0.536985189 0.767552628 0.290470466 -0.195286401
1403636743.863555670 4.567313716 1.316675697 -0.371383829 0.539194340 0.767535430 0.285432543 -0.196690341
1403636743.913555384 4.555271501 1.337923400 -0.390041229 0.542813027 0.766321728 0.283115683 -0.194808975
1403636743.963555574 4.543200169 1.359054714 -0.410204088 0.545855705 0.765249041 0.280982558 -0.193608513
1403636744.013555527 4.530788363 1.380034070 -0.431791990 0.547229789 0.765214687 0.278706174 -0.193155142
1403636744.063555479 4.518281902 1.401168682 -0.454742954 0.549782406 0.764858346 0.276820892 -0.190003185
1403636744.113555431 4.505654307 1.422031598 -0.479335925 0.551218114 0.765643245 0.273423252 -0.187586611
1403636744.163555622 4.493146653 1.442191232 -0.504340484 0.552848020 0.766304690 0.269659343 -0.185526351
1403636744.213555574 4.481094182 1.460939980 -0.531014202 0.553977024 0.767018724 0.265442072 -0.185289614
1403636744.263555527 4.469172019 1.479005120 -0.558688818 0.555123472 0.767491822 0.260975503 -0.186241835
1403636744.313555479 4.457733037 1.496189182 -0.587993263 0.555402710 0.768351815 0.258044396 -0.185947328
1403636744.363555670 4.446326666 1.512986594 -0.618680891 0.554876886 0.769584654 0.254587733 -0.187179560
1403636744.413555384 4.435349949 1.529177552 -0.650666752 0.554185017 0.770532595 0.251655632 -0.189282673
1403636744.463555574 4.424815504 1.544927387 -0.683660373 0.553261984 0.771504606 0.248708643 -0.191900572
1403636744.513555527 4.414862152 1.560159275 -0.717595559 0.551680913 0.772501519 0.245389052 -0.196656519
1403636744.563555479 4.405869722 1.576071848 -0.753072429 0.552500724 0.771787803 0.244287386 -0.198520050
1403636744.613555431 4.397474078 1.591845596 -0.789842183 0.552446378 0.771562359 0.242545602 -0.201658517
1403636744.663555622 4.390433073 1.608012684 -0.827625279 0.553412814 0.770678654 0.242058680 -0.202968633
1403636744.713555574 4.384966386 1.624434415 -0.866901918 0.555820361 0.768903684 0.243240427 -0.201705095
1403636744.763555527 4.381119831 1.640673598 -0.906805366 0.558207009 0.767299387 0.246104870 -0.197709331
1403636744.813555479 4.378575691 1.656351439 -0.945341784 0.559243246 0.766646161 0.248477497 -0.194318267
1403636744.863555670 4.377460044 1.670998806 -0.982153807 0.559056971 0.766791938 0.251117753 -0.190854136
1403636744.913555384 4.377419266 1.684843236 -1.017271480 0.557169582 0.768109669 0.254191800 -0.186965565
1403636744.963555574 4.377862551 1.697814143 -1.049478389 0.555252278 0.769155505 0.256238395 -0.185571014
1403636745.013555527 4.378558857 1.710477008 -1.079235565 0.551736772 0.771261590 0.258166666 -0.184640370
1403636745.063555479 4.378886686 1.723483194 -1.106646643 0.548892114 0.772685890 0.260610835 -0.183727938
1403636745.113555431 4.379145025 1.736222787 -1.132273907 0.544793587 0.774832049 0.263018981 -0.183456421
1403636745.163555622 4.379182478 1.748948288 -1.155571723 0.542195439 0.775894125 0.263580637 -0.185843109
1403636745.213555574 4.378919557 1.762559469 -1.177938204 0.541667104 0.775332053 0.266361807 -0.185764217
1403636745.263555527 4.378262784 1.776529771 -1.199497780 0.540600220 0.775061502 0.268779359 -0.186517364
1403636745.313555479 4.377272772 1.790891147 -1.220031928 0.541147148 0.773673753 0.271180987 -0.187215280
1403636745.363555670 4.375482950 1.806042407 -1.237328730 0.544456196 0.770286128 0.272967559 -0.188985301
1403636745.413555384 4.373996704 1.821096084 -1.251463500 0.548345748 0.766811992 0.273736753 -0.190747215
1403636745.463555574 4.372755648 1.835761728 -1.263187047 0.551900371 0.763847151 0.274585176 -0.191171366
1403636745.513555527 4.371212998 1.850056497 -1.272901634 0.554025940 0.762293501 0.273593767 -0.192640409
1403636745.563555479 4.369935662 1.863769388 -1.281219388 0.555253872 0.761695038 0.272578534 -0.192911248
1403636745.613555431 4.368913047 1.876910149 -1.288050532 0.556475844 0.761547497 0.270861274 -0.192390787
1403636745.663555622 4.368234825 1.889208712 -1.293210388 0.557502651 0.761765481 0.269010666 -0.191147607
1403636745.713555574 4.367311647 1.901105907 -1.296002045 0.558806742 0.761894607 0.267347542 -0.189147890
1403636745.763555527 4.366515819 1.912498961 -1.297434373 0.559915787 0.762383722 0.265976582 -0.185800510
1403636745.813555479 4.365742847 1.923002628 -1.297403991 0.559985128 0.763582866 0.264569970 -0.182648829
1403636745.863555670 4.364659652 1.933158785 -1.295375098 0.561011137 0.764198150 0.263336439 -0.178666201
1403636745.913555384 4.363452165 1.942384885 -1.292066937 0.562309384 0.764702748 0.261375120 -0.175273817
1403636745.963555574 4.362276027 1.950532943 -1.287500376 0.563785737 0.764984003 0.260714509 -0.170214756
1403636746.013555527 4.360167449 1.957852885 -1.280799123 0.564752091 0.765530586 0.259694688 -0.166062238
1403636746.063555479 4.357975212 1.963630459 -1.272524081 0.565628624 0.766006002 0.258867190 -0.162132179
1403636746.113555431 4.355200999 1.968223723 -1.262645400 0.565902773 0.766792922 0.258613510 -0.157802785
1403636746.163555622 4.351681716 1.971311878 -1.250732132 0.567141587 0.766697901 0.257315726 -0.155927438
1403636746.213555574 4.347692489 1.972531479 -1.236819132 0.569109963 0.765871031 0.256055252 -0.154890674
1403636746.263555527 4.342577451 1.972746900 -1.221277908 0.572671450 0.763877697 0.253606512 -0.155634224
1403636746.313555479 4.336504338 1.971931258 -1.205505986 0.579392509 0.759284280 0.251102749 -0.157286719
1403636746.363555670 4.330114928 1.968869242 -1.191503598 0.583538079 0.756456268 0.248401266 -0.159856299
1403636746.413555384 4.323540661 1.963901526 -1.179829253 0.585699677 0.754954073 0.247243790 -0.160843853
1403636746.463555574 4.316878994 1.956636907 -1.171082319 0.582948274 0.757025362 0.246205918 -0.162685455
1403636746.513555527 4.310494213 1.947400585 -1.164881535 0.578004486 0.760554651 0.246454354 -0.163486052
1403636746.563555479 4.304002924 1.936457956 -1.160880387 0.569708644 0.766307116 0.247258456 -0.164525746
1403636746.613555431 4.297503197 1.924583088 -1.159317012 0.559705160 0.773052849 0.248989320 -0.164692883
1403636746.663555622 4.290539893 1.912203604 -1.158765764 0.548887071 0.780044019 0.250345541 -0.166076553
1403636746.713555574 4.282825890 1.899909416 -1.159008137 0.538296677 0.786718676 0.250549435 -0.168924222
1403636746.763555527 4.274517295 1.888374924 -1.159955143 0.530817537 0.791144817 0.250082333 -0.172573019
1403636746.813555479 4.265436335 1.878823205 -1.160833706 0.526979861 0.793104884 0.248865309 -0.177039338
1403636746.863555670 4.256274872 1.870475394 -1.162303549 0.524999858 0.793890452 0.247645688 -0.181065493
1403636746.913555384 4.247045051 1.863907745 -1.163846164 0.524993185 0.793340507 0.247245559 -0.184018013
1403636746.963555574 4.238383666 1.858827196 -1.165220023 0.525975513 0.792183968 0.248177746 -0.184938169
1403636747.013555527 4.229746746 1.855630540 -1.164375985 0.527792524 0.790572784 0.248594094 -0.186093261
1403636747.063555479 4.221423402 1.854362526 -1.160979179 0.532610028 0.787015596 0.251504618 -0.183516856
1403636747.113555431 4.213142177 1.854263701 -1.155224645 0.537875193 0.783342040 0.254201043 -0.180131496
1403636747.163555622 4.204113449 1.855350049 -1.147608081 0.542555458 0.780095685 0.255190778 -0.178779093
1403636747.213555574 4.194477045 1.857802308 -1.138411587 0.547216513 0.776870759 0.257596748 -0.175128031
1403636747.263555527 4.184128334 1.860725183 -1.126630364 0.550715030 0.774536481 0.258693743 -0.172869151
1403636747.313555479 4.173535465 1.863154820 -1.112562492 0.552457301 0.773475875 0.259609416 -0.170672061
1403636747.363555670 4.163061854 1.864636259 -1.097735396 0.553639692 0.772857777 0.259506018 -0.169795685
1403636747.413555384 4.151675269 1.866205825 -1.083066783 0.554779556 0.772428637 0.258963803 -0.168853171
1403636747.463555574 4.140224579 1.867231420 -1.070563618 0.555462746 0.772410550 0.258401653 -0.167546009
1403636747.513555527 4.128225449 1.867760894 -1.059584757 0.554377095 0.773732390 0.256970829 -0.167242992
1403636747.563555479 4.115709863 1.867923419 -1.049858912 0.553436881 0.774775050 0.256296899 -0.166562721
1403636747.613555431 4.102692353 1.867794502 -1.040995858 0.552498802 0.775928550 0.254828974 -0.166559758
1403636747.663555622 4.089347228 1.867378875 -1.031071447 0.552062160 0.776676030 0.254061006 -0.165694662
1403636747.713555574 4.075740206 1.866454200 -1.019663531 0.551994424 0.777256016 0.252771160 -0.165172585
1403636747.763555527 4.061849011 1.865325086 -1.006518469 0.551658149 0.778008886 0.251980021 -0.163955877
1403636747.813555479 4.047080501 1.864302961 -0.990918706 0.551503880 0.778580325 0.250788965 -0.163588027
1403636747.863555670 4.031362529 1.863546605 -0.972802568 0.551916169 0.778788836 0.248764016 -0.164295328
1403636747.913555384 4.014831611 1.862508519 -0.952361114 0.550460674 0.780347688 0.243668353 -0.169340682
1403636747.963555574 3.997832932 1.861771232 -0.930794392 0.550336617 0.780904869 0.237279774 -0.176112188
1403636748.013555527 3.981284297 1.861295621 -0.910265709 0.548820459 0.782316819 0.231678010 -0.181938997
1403636748.063555479 3.965941155 1.861268550 -0.891754155 0.547705093 0.783472847 0.227361844 -0.185731046
1403636748.113555431 3.951622693 1.861830877 -0.875358139 0.546851842 0.784361456 0.225431904 -0.186843854
1403636748.163555622 3.938082184 1.862953522 -0.860551870 0.545355025 0.785690267 0.222996715 -0.188550170
1403636748.213555574 3.925865803 1.864923585 -0.847968333 0.545409352 0.786002687 0.223488142 -0.186497895
1403636748.263555527 3.914889391 1.867783470 -0.837623778 0.546501772 0.785452146 0.226964935 -0.181349546
1403636748.313555479 3.904706285 1.871689769 -0.828926382 0.548431149 0.784323738 0.231196674 -0.174950411
1403636748.363555670 3.894854783 1.876254824 -0.821216463 0.550647551 0.782801384 0.236039069 -0.168210661
1403636748.413555384 3.884793015 1.881233254 -0.813694479 0.552816495 0.781095748 0.240337670 -0.162853184
1403636748.463555574 3.874251074 1.886143159 -0.804820901 0.554305010 0.779970758 0.241843742 -0.160944637
1403636748.513555527 3.863519938 1.890690611 -0.794538794 0.555998770 0.778607409 0.243670620 -0.158935518
1403636748.563555479 3.852449016 1.894638707 -0.782794210 0.556316928 0.778419933 0.243606101 -0.158839387
1403636748.613555431 3.840948698 1.898205784 -0.768901693 0.555980367 0.778768355 0.241005863 -0.162240115
1403636748.663555622 3.829465922 1.901690711 -0.753779605 0.555593951 0.779154823 0.238432509 -0.165478285
1403636748.713555574 3.817934691 1.905279788 -0.738006455 0.554772349 0.779897976 0.234863821 -0.169781547
1403636748.763555527 3.806994695 1.908772490 -0.723223080 0.553737330 0.780774209 0.231734172 -0.173395148
1403636748.813555479 3.796416730 1.912603859 -0.709839716 0.552761372 0.781700367 0.228954103 -0.176009719
1403636748.863555670 3.786362287 1.916854925 -0.697867814 0.552698926 0.782072919 0.226728021 -0.177426747
1403636748.913555384 3.776879281 1.921525303 -0.687171214 0.552675621 0.782578251 0.224008851 -0.178720378
1403636748.963555574 3.768392100 1.926791403 -0.677667133 0.552936732 0.782991919 0.221991429 -0.178618112
1403636749.013555527 3.760771598 1.932509760 -0.669032596 0.553268340 0.783340040 0.220023729 -0.178499534
1403636749.063555479 3.753846652 1.938432093 -0.660858155 0.552809010 0.784087236 0.216929139 -0.180419383
1403636749.113555431 3.747945650 1.944774646 -0.653054879 0.552427493 0.784685150 0.213365017 -0.183216947
1403636749.163555622 3.743351842 1.951776136 -0.646262181 0.552642444 0.784864484 0.211495289 -0.183966881
1403636749.213555574 3.740251868 1.959542456 -0.639285916 0.553458668 0.784752309 0.211431103 -0.182055499
1403636749.263555527 3.738986259 1.967842421 -0.631109512 0.556029688 0.783543849 0.214017456 -0.176313785
1403636749.313555479 3.738659072 1.976415850 -0.621260165 0.558507277 0.782220608 0.216463846 -0.171300745
1403636749.363555670 3.739050872 1.985197742 -0.609524000 0.559862012 0.781572768 0.218975995 -0.166577461
1403636749.413555384 3.740105696 1.993432937 -0.595996104 0.561317856 0.780717259 0.221305220 -0.162563295
1403636749.463555574 3.741579430 2.001502499 -0.581262141 0.562995779 0.779614608 0.223805146 -0.158581438
1403636749.513555527 3.743205512 2.009009090 -0.565741014 0.563880561 0.778962515 0.226376705 -0.154950640
1403636749.563555479 3.744855380 2.016154910 -0.549923511 0.564653980 0.778258405 0.229643599 -0.150809667
1403636749.613555431 3.746280936 2.023313373 -0.534377256 0.566480539 0.776762314 0.232194396 -0.147735807
1403636749.663555622 3.747037383 2.029590948 -0.520294048 0.566710915 0.776372271 0.233417183 -0.146973651
1403636749.713555574 3.746971180 2.035082967 -0.507468422 0.567230224 0.775757696 0.233395631 -0.148244223
1403636749.763555527 3.746375733 2.039960651 -0.495846674 0.568993516 0.774204288 0.232844084 -0.150458404
1403636749.813555479 3.745579272 2.044117982 -0.485680205 0.571743430 0.771865616 0.232041050 -0.153264061
1403636749.863555670 3.744586190 2.047464529 -0.476952739 0.574508922 0.769484568 0.230735112 -0.156825719
1403636749.913555384 3.743779397 2.049835315 -0.470079841 0.576435303 0.767580868 0.230669820 -0.159164656
1403636749.963555574 3.743223422 2.051030423 -0.464480015 0.578237654 0.765656690 0.230884159 -0.161565940
1403636750.013555527 3.743105306 2.050797856 -0.460408570 0.578885593 0.764524671 0.231627998 -0.163529718
1403636750.063555479 3.743532052 2.048985775 -0.457462780 0.578781740 0.764032712 0.232356548 -0.165154918
1403636750.113555431 3.744567769 2.045752266 -0.455063757 0.577071811 0.764710408 0.233680019 -0.166131772
1403636750.163555622 3.746223570 2.041238521 -0.451905723 0.575134771 0.765653339 0.235129801 -0.166460012
1403636750.213555574 3.748716515 2.034981570 -0.447546990 0.573209443 0.766539252 0.236151367 -0.167573988
1403636750.263555527 3.751429803 2.028119975 -0.442032109 0.570521401 0.768012623 0.238287964 -0.166975412
1403636750.313555479 3.753728936 2.021060540 -0.433730471 0.568096638 0.769199376 0.239542961 -0.167981248
1403636750.363555670 3.756897848 2.012914389 -0.423448464 0.565863359 0.770226036 0.242073226 -0.167185723
1403636750.413555384 3.759544502 2.004705674 -0.410053579 0.563763507 0.771264354 0.242419717 -0.168981317
1403636750.463555574 3.762676888 1.995579538 -0.394875324 0.562681719 0.771334448 0.244633261 -0.169076962
1403636750.513555527 3.765904950 1.986029950 -0.376257412 0.562532543 0.770680330 0.246158104 -0.170338354
1403636750.563555479 3.769196356 1.976087208 -0.355679998 0.561724224 0.770518356 0.248166507 -0.170823721
1403636750.613555431 3.772530139 1.965820853 -0.333348212 0.560708470 0.770536884 0.249747050 -0.171771166
1403636750.663555622 3.775994339 1.956074596 -0.309747198 0.560954306 0.769805645 0.251879833 -0.171131778
1403636750.713555574 3.779399373 1.946018367 -0.284290202 0.559995609 0.769960026 0.253272804 -0.171520736
1403636750.763555527 3.782942071 1.935442653 -0.257949717 0.558859540 0.770275023 0.254642800 -0.171783142
1403636750.813555479 3.786214572 1.924886079 -0.230073352 0.558360619 0.770284146 0.256018011 -0.171319966
1403636750.863555670 3.789596757 1.913584436 -0.200164200 0.557739698 0.770380269 0.257001566 -0.171437643
1403636750.913555384 3.793406897 1.901495938 -0.169061232 0.556714143 0.770907510 0.258812798 -0.169667053
1403636750.963555574 3.796947578 1.889058244 -0.138194836 0.556400198 0.770950012 0.260395180 -0.168075129
1403636751.013555527 3.800054266 1.876775294 -0.108083243 0.555745118 0.771433074 0.261275722 -0.166653453
1403636751.063555479 3.802534119 1.864332336 -0.078877155 0.555665684 0.771554715 0.261407450 -0.166147871
1403636751.113555431 3.804300396 1.851647672 -0.051552846 0.555314912 0.771914749 0.260942506 -0.166379016
1403636751.163555622 3.805386541 1.838741913 -0.026039611 0.553041308 0.773779160 0.260261378 -0.166358460
1403636751.213555574 3.805942138 1.825943273 -0.002065747 0.549863415 0.776203476 0.261346414 -0.163879346
1403636751.263555527 3.805654877 1.813085252 0.021401717 0.545721762 0.779338486 0.261036685 -0.163337480
1403636751.313555479 3.804842971 1.800350089 0.044768296 0.543281363 0.781294491 0.259897680 -0.163943509
1403636751.363555670 3.803222940 1.788192973 0.068293684 0.541929414 0.782584973 0.257096265 -0.166657677
1403636751.413555384 3.800839045 1.776825809 0.091897935 0.542461964 0.782561696 0.253679085 -0.170232581
1403636751.463555574 3.798123358 1.766168823 0.115478721 0.543154256 0.782396963 0.249353194 -0.175104057
1403636751.513555527 3.795399589 1.756082498 0.138677450 0.544353805 0.781461291 0.246503549 -0.179536029
1403636751.563555479 3.792971342 1.746492313 0.161240782 0.545968502 0.779599043 0.245407215 -0.184171182
1403636751.613555431 3.791009938 1.737246541 0.182766834 0.545338198 0.778970761 0.245457128 -0.188577839
1403636751.663555622 3.789986162 1.728636108 0.203431130 0.543998756 0.778794134 0.246436088 -0.191870543
1403636751.713555574 3.789800214 1.720552655 0.222643055 0.540542534 0.780068666 0.248549310 -0.193726317
1403636751.763555527 3.790614013 1.713329624 0.240884168 0.536382340 0.781932489 0.250962871 -0.194661773
1403636751.813555479 3.792076840 1.707245275 0.258391908 0.531965519 0.784006267 0.253424182 -0.195251234
1403636751.863555670 3.794194875 1.702990637 0.275244700 0.528725770 0.785527233 0.257708379 -0.192308133
1403636751.913555384 3.796683321 1.700065619 0.292348882 0.527878941 0.785364652 0.262412772 -0.188906652
1403636751.963555574 3.798977773 1.698620179 0.309253581 0.527842350 0.784750247 0.266869686 -0.185283764
1403636752.013555527 3.800769652 1.698625707 0.325875214 0.528305203 0.783963413 0.270490848 -0.182015607
1403636752.063555479 3.801885388 1.699570893 0.342557787 0.529691460 0.782690732 0.272372031 -0.180653404
1403636752.113555431 3.802245529 1.701653391 0.359081642 0.531751907 0.781012428 0.273246366 -0.180543402
1403636752.163555622 3.801737038 1.704398478 0.375633271 0.535457283 0.777783321 0.274156909 -0.182144428
1403636752.213555574 3.800666445 1.707535447 0.391597437 0.539254728 0.773993061 0.275674901 -0.184776697
1403636752.263555527 3.799484495 1.710391845 0.407914817 0.541987812 0.770264640 0.278046610 -0.188763554
1403636752.313555479 3.797948099 1.713420833 0.425595721 0.545150381 0.765691311 0.280990531 -0.193835499
1403636752.363555670 3.796441269 1.716085880 0.444469720 0.547297868 0.761178783 0.285202393 -0.199327617
1403636752.413555384 3.795244938 1.718227487 0.464615206 0.547579181 0.757408983 0.290774278 -0.204790117
1403636752.463555574 3.794412129 1.719817436 0.486091253 0.545826360 0.754468480 0.297684295 -0.210321083
1403636752.513555527 3.793999866 1.721098031 0.508241840 0.544102388 0.751040727 0.305852961 -0.215277459
1403636752.563555479 3.793956791 1.722132646 0.529555417 0.540974577 0.748288386 0.314582887 -0.220110441
1403636752.613555431 3.794039501 1.722978226 0.549512283 0.537935421 0.745101031 0.323696827 -0.225100644
1403636752.663555622 3.794637729 1.723471746 0.567517599 0.533710179 0.742546678 0.333201575 -0.229683664
1403636752.713555574 3.795142984 1.723971503 0.584420585 0.530761855 0.738867888 0.341707027 -0.235801621
1403636752.763555527 3.795759775 1.724388951 0.599606957 0.527299636 0.735215181 0.350714878 -0.241687415
1403636752.813555479 3.796683189 1.724668247 0.612631287 0.524680057 0.730781333 0.360716580 -0.246075253
1403636752.863555670 3.797869372 1.724371423 0.624051041 0.520950632 0.726765157 0.370597348 -0.251158222
1403636752.913555384 3.799090096 1.724088394 0.634023979 0.519885202 0.720638997 0.380971655 -0.255459214
1403636752.963555574 3.800236879 1.723439931 0.641814732 0.517799332 0.714872853 0.391836083 -0.259432342
1403636753.013555527 3.801310599 1.722268249 0.647988933 0.515194653 0.709215186 0.402589155 -0.263647988
1403636753.063555479 3.802270018 1.720550994 0.652474973 0.512303858 0.703412953 0.413307182 -0.268201691
1403636753.113555431 3.802804231 1.718114973 0.655374891 0.509148227 0.697475413 0.423661666 -0.273508542
1403636753.163555622 3.802891693 1.714913602 0.656827840 0.505634675 0.691509022 0.433808020 -0.279212196
1403636753.213555574 3.802547670 1.711009825 0.656680544 0.502109395 0.685280371 0.443987655 -0.284871778
1403636753.263555527 3.801730839 1.706407849 0.654739017 0.499104836 0.678489272 0.454584158 -0.289654817
1403636753.313555479 3.800311774 1.700972894 0.651248832 0.497003187 0.670837521 0.465524320 -0.293686840
1403636753.363555670 3.798301837 1.694489469 0.647146196 0.494486889 0.664317706 0.473521573 -0.299903353
1403636753.413555384 3.795512918 1.687095990 0.643540597 0.491345253 0.659450074 0.479350950 -0.306476931
1403636753.463555574 3.791570565 1.678870593 0.640944199 0.487282527 0.656502336 0.482893966 -0.313646040
1403636753.513555527 3.787427435 1.669989541 0.639921452 0.483715721 0.654477366 0.485382651 -0.319502991
1403636753.563555479 3.783458656 1.660450821 0.640995632 0.480365730 0.653126871 0.486932052 -0.324917270
1403636753.613555431 3.779623919 1.650597799 0.643516023 0.479006835 0.651382843 0.487699365 -0.329244852
1403636753.663555622 3.776705079 1.640241255 0.647520250 0.477456821 0.650732616 0.488188804 -0.332044783
1403636753.713555574 3.773327644 1.630019327 0.650935412 0.476164234 0.650644863 0.488287988 -0.333921735
1403636753.763555527 3.769736911 1.619868384 0.654056433 0.476816328 0.649659823 0.488474446 -0.334635653
1403636753.813555479 3.766381898 1.609390482 0.655730985 0.477511603 0.649038463 0.488681004 -0.334548381
1403636753.863555670 3.763596947 1.598537432 0.655889101 0.478270723 0.648911870 0.488211593 -0.334394888
1403636753.913555384 3.760934063 1.587186862 0.654569721 0.477792844 0.649905782 0.487233621 -0.334574164
1403636753.963555574 3.758769059 1.575532409 0.652095209 0.478649420 0.650033120 0.486579087 -0.334054589
1403636754.013555527 3.756844428 1.563618743 0.650057247 0.479925146 0.650131160 0.485779616 -0.333195879
1403636754.063555479 3.754607091 1.551325098 0.649962803 0.482303465 0.649488593 0.483472163 -0.334368963
1403636754.113555431 3.752477679 1.538688851 0.651759055 0.484877632 0.648561878 0.481219309 -0.335692045
1403636754.163555622 3.751075055 1.525439694 0.655011602 0.487332602 0.647860773 0.479532788 -0.335904241
1403636754.213555574 3.750600842 1.511551636 0.658970094 0.490355339 0.646775417 0.478450655 -0.335139036
1403636754.263555527 3.751589147 1.496701580 0.664658543 0.492202366 0.646495922 0.477669431 -0.334083474
1403636754.313555479 3.752657576 1.481211074 0.671798236 0.493217839 0.646746371 0.477164808 -0.332819832
1403636754.363555670 3.754199294 1.465057758 0.680424505 0.494302362 0.646397889 0.477498527 -0.331406247
1403636754.413555384 3.756608254 1.447434558 0.690311496 0.493829946 0.646308014 0.477834089 -0.331801927
1403636754.463555574 3.759982315 1.428436670 0.700471764 0.492679938 0.645678453 0.479175005 -0.332801937
1403636754.513555527 3.764120277 1.408406467 0.709817872 0.491370119 0.644482625 0.481621330 -0.333524282
1403636754.563555479 3.768995431 1.387202663 0.717412241 0.489424023 0.642671242 0.485851380 -0.333745765
1403636754.613555431 3.774363275 1.364760779 0.723416012 0.486833013 0.640360193 0.490623375 -0.334994245
1403636754.663555622 3.780196065 1.341174542 0.728288800 0.484219944 0.637105250 0.495284351 -0.338114415
1403636754.713555574 3.786599858 1.316557085 0.731998474 0.480445055 0.634026788 0.500320452 -0.341850885
1403636754.763555527 3.793286966 1.291006742 0.734946721 0.477357413 0.629635763 0.505543690 -0.346575077
1403636754.813555479 3.800476549 1.265151968 0.736433400 0.474441762 0.625361535 0.511095015 -0.350156893
1403636754.863555670 3.807956367 1.238691548 0.736833463 0.470978260 0.622061206 0.515292482 -0.354532075
1403636754.913555384 3.815862053 1.211956897 0.735937253 0.469397927 0.618233231 0.519414232 -0.357298354
1403636754.963555574 3.824119394 1.184623980 0.734092917 0.466477859 0.615767097 0.522746104 -0.360507698
1403636755.013555527 3.832554355 1.157047936 0.731169486 0.465321324 0.612644741 0.526826891 -0.361380566
1403636755.063555479 3.841366050 1.128760970 0.728288410 0.463454572 0.611065597 0.528469363 -0.364045091
1403636755.113555431 3.850823273 1.100081235 0.726411989 0.462059630 0.609401440 0.530733726 -0.365311504
1403636755.163555622 3.861644876 1.070612235 0.725561544 0.459952943 0.608843132 0.532072307 -0.366950121
1403636755.213555574 3.873255217 1.040613469 0.726162773 0.458639622 0.608082835 0.533128460 -0.368319167
1403636755.263555527 3.885015275 1.010329346 0.728466044 0.456354498 0.608702571 0.534831242 -0.367664650
1403636755.313555479 3.896714767 0.979625288 0.732339549 0.452512623 0.610570908 0.537249719 -0.365784406
1403636755.363555670 3.909161585 0.948598986 0.738111221 0.448034715 0.613231302 0.539702694 -0.363226193
1403636755.413555384 3.920978498 0.917726771 0.745327397 0.444990570 0.615121607 0.542163369 -0.360093990
1403636755.463555574 3.931650967 0.886720758 0.753895814 0.442590118 0.616874073 0.543179870 -0.358519170
1403636755.513555527 3.941402184 0.855719242 0.762464447 0.442621481 0.617236952 0.543605906 -0.357207766
1403636755.563555479 3.950413317 0.824519532 0.769848045 0.443644052 0.616988693 0.544008603 -0.355752088
1403636755.613555431 3.958598217 0.793006966 0.776035297 0.445566775 0.616123571 0.543471124 -0.355669975
1403636755.663555622 3.966053185 0.760876481 0.780852772 0.445961171 0.616551104 0.541727679 -0.357091714
1403636755.713555574 3.973376439 0.728536053 0.783972995 0.446503999 0.616738277 0.540763445 -0.357551358
1403636755.763555527 3.980368122 0.695843280 0.786026771 0.447030707 0.616957150 0.539058749 -0.359086462
1403636755.813555479 3.986954523 0.662986880 0.786912641 0.448597701 0.616370591 0.537150793 -0.360993660
1403636755.863555670 3.993689875 0.629836810 0.786342390 0.449362051 0.616120422 0.535861579 -0.362383416
1403636755.913555384 4.000128079 0.596532234 0.785154788 0.451116829 0.615074488 0.534642978 -0.363777221
1403636755.963555574 4.006559977 0.562866525 0.784252463 0.451032617 0.615245590 0.533651453 -0.365045983
1403636756.013555527 4.013346953 0.529041812 0.784554881 0.451497782 0.614951064 0.532850913 -0.366135012
1403636756.063555479 4.019550897 0.495206189 0.786256271 0.451811496 0.614739573 0.532230725 -0.367004203
1403636756.113555431 4.025662329 0.461504427 0.789435980 0.453052669 0.613828066 0.532531127 -0.366563752
1403636756.163555622 4.031049900 0.427525400 0.794719906 0.454000065 0.613000548 0.532433568 -0.366917927
1403636756.213555574 4.037583030 0.393380297 0.801270653 0.454529911 0.612543928 0.531845896 -0.367875575
1403636756.263555527 4.044505890 0.358926743 0.808292291 0.454329328 0.612450736 0.531719124 -0.368461301
1403636756.313555479 4.051801635 0.324322203 0.814778442 0.454187305 0.612266826 0.531818192 -0.368798910
1403636756.363555670 4.059053286 0.289736613 0.820379506 0.454585430 0.611510848 0.532115922 -0.369133058
1403636756.413555384 4.066556516 0.255152145 0.824686055 0.455280261 0.610697212 0.532516415 -0.369046158
1403636756.463555574 4.074464119 0.220332427 0.827521119 0.455071826 0.610425693 0.532520415 -0.369746015
1403636756.513555527 4.082722591 0.185353459 0.828659637 0.454641511 0.610264961 0.532602769 -0.370421467
1403636756.563555479 4.091157359 0.150366573 0.828514674 0.454755847 0.609755127 0.533011391 -0.370532943
1403636756.613555431 4.099691776 0.114937747 0.827385196 0.454817381 0.609380951 0.532861900 -0.371287224
1403636756.663555622 4.108650744 0.079255501 0.826288365 0.454441549 0.609143063 0.532941308 -0.372023076
1403636756.713555574 4.118249203 0.043546400 0.826213609 0.454952459 0.608272478 0.532805246 -0.373016651
1403636756.763555527 4.128623825 0.007662945 0.827530686 0.455137596 0.607710738 0.532817193 -0.373688729
1403636756.813555479 4.139917332 -0.028392705 0.829766080 0.454899954 0.607394184 0.532671493 -0.374699103
1403636756.863555670 4.151584136 -0.064541368 0.833554965 0.454308924 0.607339946 0.532922597 -0.375146766
1403636756.913555384 4.163931144 -0.100749143 0.838965459 0.454201924 0.607163026 0.533375997 -0.374918283
1403636756.963555574 4.177017831 -0.137235130 0.846593552 0.453297016 0.607371822 0.533445577 -0.375575693
1403636757.013555527 4.190814798 -0.173529311 0.854230200 0.453481728 0.606873003 0.533872371 -0.375552622
1403636757.063555479 4.204861824 -0.210210973 0.861541707 0.451806563 0.607735623 0.533329053 -0.376946101
1403636757.113555431 4.219157793 -0.246758466 0.867817055 0.452117446 0.607286634 0.533418028 -0.377171006
1403636757.163555622 4.233619737 -0.283356421 0.872458456 0.451413617 0.607678843 0.533740556 -0.376925972
1403636757.213555574 4.248667254 -0.319831237 0.875796645 0.451503863 0.607556218 0.533456711 -0.377417065
1403636757.263555527 4.264200522 -0.356196072 0.877540101 0.451583918 0.607216654 0.534128955 -0.376916648
1403636757.313555479 4.280220134 -0.392261695 0.877261204 0.452411797 0.606471921 0.535691255 -0.374900326
1403636757.363555670 4.296554644 -0.428712598 0.875904013 0.451413621 0.606942525 0.536119737 -0.374729426
1403636757.413555384 4.313282795 -0.465163537 0.872839520 0.451108837 0.606871379 0.537764752 -0.372849860
1403636757.463555574 4.330033048 -0.501776952 0.869453422 0.450749960 0.606892880 0.539623198 -0.370556758
1403636757.513555527 4.347330496 -0.538892270 0.867015999 0.449456879 0.606268571 0.542513690 -0.368925236
1403636757.563555479 4.364708894 -0.576783921 0.866254041 0.446168598 0.606176610 0.546208254 -0.367613987
1403636757.613555431 4.382172218 -0.615080877 0.866094951 0.441264548 0.606394723 0.551077650 -0.365902258
1403636757.663555622 4.399270143 -0.653730583 0.868159689 0.436070146 0.606941123 0.555889635 -0.363939575
1403636757.713555574 4.415534236 -0.692671755 0.871694935 0.430444992 0.607558688 0.560426590 -0.362645263
1403636757.763555527 4.430350992 -0.731708209 0.877542537 0.425426610 0.608023389 0.564115528 -0.362068267
1403636757.813555479 4.443422253 -0.770830889 0.885689106 0.421346369 0.607928429 0.567465801 -0.361763495
1403636757.863555670 4.454479959 -0.809811856 0.896832040 0.417903297 0.607844398 0.569331161 -0.362965633
1403636757.913555384 4.463979723 -0.848744034 0.910934843 0.416299811 0.606832292 0.570440698 -0.364755324
1403636757.963555574 4.471844013 -0.887754042 0.926504538 0.415853351 0.605292798 0.569813112 -0.368781284
1403636758.013555527 4.477481293 -0.926107575 0.942797306 0.420107486 0.601042834 0.567693717 -0.374140422
1403636758.063555479 4.482125610 -0.964234653 0.957611704 0.423286768 0.597483043 0.565553298 -0.379462505
1403636758.113555431 4.486160106 -1.002193189 0.970994350 0.425960997 0.594676562 0.562992446 -0.384651169
1403636758.163555622 4.489947287 -1.039910756 0.982671837 0.428518470 0.592131545 0.561040586 -0.388568676
1403636758.213555574 4.494055780 -1.077139683 0.992599561 0.430735913 0.589872057 0.559393758 -0.391913451
1403636758.263555527 4.498716367 -1.114158933 1.000758596 0.431167300 0.589174324 0.558224129 -0.394149968
1403636758.313555479 4.503578907 -1.150916337 1.007115675 0.431389792 0.588807825 0.556873280 -0.396358856
1403636758.363555670 4.509047297 -1.187216618 1.010652148 0.429648736 0.589879114 0.557063021 -0.396390446
1403636758.413555384 4.515452009 -1.223396930 1.011628663 0.424151020 0.593673084 0.558460754 -0.394676789
1403636758.463555574 4.521983633 -1.259257365 1.010709486 0.416449538 0.599012714 0.560338109 -0.392141244
1403636758.513555527 4.528218778 -1.294850819 1.008622031 0.406231590 0.606007329 0.561978375 -0.389758026
1403636758.563555479 4.533523976 -1.329512331 1.006112024 0.395579428 0.613192530 0.562924231 -0.388108422
1403636758.613555431 4.537512511 -1.362487266 1.003187913 0.386871028 0.618958247 0.563455421 -0.386961865
1403636758.663555622 4.538864027 -1.393191898 1.000529928 0.385097354 0.620455673 0.563255593 -0.386623748
1403636758.713555574 4.537520927 -1.421743723 0.998567435 0.389800640 0.617866937 0.560920342 -0.389440983
1403636758.763555527 4.534401007 -1.448118045 0.996146121 0.397916622 0.613237067 0.558839316 -0.391537075
1403636758.813555479 4.530226464 -1.473377591 0.993535693 0.403692133 0.609560990 0.555963678 -0.395439565
1403636758.863555670 4.525454221 -1.497099462 0.990137971 0.411031638 0.604640284 0.554211959 -0.397884687
1403636758.913555384 4.520962077 -1.519395205 0.985284401 0.417921733 0.600153698 0.554564310 -0.397008047
1403636758.963555574 4.516758085 -1.541061062 0.979974835 0.422261180 0.597250349 0.553856608 -0.397781818
1403636759.013555527 4.513199688 -1.562128429 0.973709094 0.424812450 0.595457914 0.553951071 -0.397621008
1403636759.063555479 4.509909832 -1.583220857 0.967445007 0.424997067 0.595167388 0.552047906 -0.400495172
1403636759.113555431 4.507009245 -1.604030039 0.960951995 0.421608094 0.597438479 0.548319139 -0.405783194
1403636759.163555622 4.504488796 -1.624332169 0.954277837 0.415471702 0.601294901 0.543300895 -0.413100284
1403636759.213555574 4.502437080 -1.643001021 0.946830407 0.409337516 0.605077849 0.538519197 -0.419905549
1403636759.263555527 4.500929236 -1.659403954 0.938135344 0.404078769 0.608262718 0.534463527 -0.425541482
1403636759.313555479 4.499959348 -1.672991989 0.927638156 0.402657994 0.608900850 0.533603746 -0.427051915
1403636759.363555670 4.499595514 -1.683441516 0.915281790 0.407199115 0.605752738 0.536505246 -0.423573632
1403636759.413555384 4.499938556 -1.691472148 0.901461755 0.411914520 0.602559245 0.540558740 -0.418383834
1403636759.463555574 4.500863684 -1.697832025 0.887034242 0.417149013 0.598819067 0.543942683 -0.414160335
1403636759.513555527 4.502690281 -1.702864319 0.871486423 0.421859465 0.595550562 0.547648740 -0.409188193
1403636759.563555479 4.505183876 -1.707279378 0.855912407 0.425022887 0.592754204 0.550239566 -0.406490368
1403636759.613555431 4.508363001 -1.710859799 0.841682934 0.428554685 0.589820422 0.553194128 -0.403024823
1403636759.663555622 4.513049950 -1.714103996 0.830286589 0.430246291 0.588208988 0.555150112 -0.400882363
1403636759.713555574 4.517929988 -1.717307179 0.821543175 0.430978612 0.587286311 0.556674023 -0.399332263
1403636759.763555527 4.523315020 -1.720813819 0.815856330 0.430705681 0.586984571 0.556444719 -0.400388566
1403636759.813555479 4.528510948 -1.723959072 0.812589414 0.432284415 0.585748234 0.556866801 -0.399910686
1403636759.863555670 4.534246853 -1.727064630 0.810543387 0.431374484 0.586464450 0.556955409 -0.399720121
1403636759.913555384 4.540982292 -1.730209602 0.807497067 0.428255465 0.588562514 0.559152713 -0.396912668
1403636759.963555574 4.548306825 -1.733224361 0.803673660 0.425112153 0.590823758 0.561580720 -0.393489567
1403636760.013555527 4.555764069 -1.736393835 0.799493768 0.422046537 0.593102634 0.563079538 -0.391212756
1403636760.063555479 4.563004813 -1.739499655 0.794802772 0.418528522 0.595752821 0.563771974 -0.389966169
1403636760.113555431 4.569969847 -1.742341337 0.789148185 0.416224330 0.597543977 0.565782942 -0.386766293
1403636760.163555622 4.576090830 -1.745292629 0.783538765 0.414202839 0.599040005 0.567192933 -0.384550721
1403636760.213555574 4.580585198 -1.747995984 0.778847106 0.416281827 0.597708030 0.565090529 -0.387462573
1403636760.263555527 4.584319624 -1.750253794 0.774056652 0.420755844 0.594911406 0.561878923 -0.391582705
1403636760.313555479 4.587818996 -1.752435804 0.768941632 0.424174378 0.592514472 0.558384505 -0.396496460
1403636760.363555670 4.591527041 -1.753939288 0.762368008 0.427504523 0.590252420 0.557272603 -0.397855765
1403636760.413555384 4.595591409 -1.755314076 0.755070415 0.430822841 0.587754300 0.556577980 -0.398945504
1403636760.463555574 4.600286362 -1.756621779 0.746898501 0.432506275 0.586558711 0.556784740 -0.398594975
1403636760.513555527 4.606070754 -1.757974669 0.738291199 0.432512107 0.586525361 0.558271948 -0.396552278
1403636760.563555479 4.612512999 -1.759761564 0.729477113 0.429783710 0.588176344 0.560922440 -0.393319930
1403636760.613555431 4.619080269 -1.761546019 0.720595378 0.426943037 0.589996558 0.563694553 -0.389707782
1403636760.663555622 4.625497799 -1.763483980 0.712105648 0.425687317 0.590629954 0.566445591 -0.386116508
1403636760.713555574 4.631729423 -1.765681118 0.704199475 0.424444231 0.591114114 0.568804502 -0.383265752
1403636760.763555527 4.637164792 -1.768167487 0.697182621 0.425632044 0.590016017 0.569803903 -0.382154387
1403636760.813555479 4.641887181 -1.771252856 0.690573666 0.427581149 0.588382244 0.569385085 -0.383120505
1403636760.863555670 4.646322485 -1.774699807 0.684098300 0.430790286 0.585896888 0.568906653 -0.384043990
1403636760.913555384 4.650949980 -1.778790532 0.677757185 0.433234836 0.583703474 0.568557789 -0.385149155
1403636760.963555574 4.655778259 -1.783633902 0.671154424 0.433013940 0.583714414 0.568776443 -0.385058136
1403636761.013555527 4.660927180 -1.789488641 0.664512836 0.429637332 0.585838410 0.569583926 -0.384420696
1403636761.063555479 4.665938257 -1.795657447 0.657505498 0.425422054 0.588736466 0.570532737 -0.383272547
1403636761.113555431 4.670447978 -1.802408688 0.650425373 0.419994210 0.592260175 0.572213219 -0.381319788
1403636761.163555622 4.674271230 -1.809372148 0.642902673 0.414531168 0.595821583 0.574778318 -0.377876220
1403636761.213555574 4.677166440 -1.816466574 0.635759038 0.410595440 0.598024949 0.578041169 -0.373692323
1403636761.263555527 4.678753116 -1.823857966 0.629783501 0.406971045 0.600404101 0.579211215 -0.372026683
1403636761.313555479 4.678391499 -1.831212734 0.624834500 0.406573717 0.600595142 0.579985710 -0.370944557
1403636761.363555670 4.675985265 -1.838643204 0.621231041 0.407975239 0.599527573 0.578802162 -0.372975804
1403636761.413555384 4.672007949 -1.846010933 0.619151575 0.412412523 0.596626316 0.576060889 -0.376970558
1403636761.463555574 4.667008542 -1.853324574 0.617994869 0.417783711 0.593164738 0.573144192 -0.380943695
1403636761.513555527 4.661352974 -1.860831894 0.617780257 0.422041434 0.590459426 0.569865180 -0.385347078
1403636761.563555479 4.655609540 -1.868422282 0.618158971 0.425888566 0.588154384 0.567045695 -0.388783397
1403636761.613555431 4.649913445 -1.876209296 0.619041117 0.428468362 0.586704817 0.564491268 -0.391844266
1403636761.663555622 4.644739141 -1.884217837 0.620278255 0.427628286 0.587646583 0.561551921 -0.395556548
1403636761.713555574 4.639865845 -1.892298513 0.622268619 0.425051080 0.589855492 0.557686692 -0.400484246
1403636761.763555527 4.635452387 -1.899938768 0.624413713 0.421893907 0.592229223 0.554764658 -0.404359064
1403636761.813555479 4.631437391 -1.906807003 0.627035484 0.419246830 0.594352344 0.552228378 -0.407456999
1403636761.863555670 4.627989624 -1.912657084 0.629891002 0.417513458 0.595650955 0.550821365 -0.409241099
1403636761.913555384 4.625222321 -1.916829207 0.632595898 0.417827696 0.595669013 0.551544306 -0.407918278
1403636761.963555574 4.622883169 -1.919636614 0.635458565 0.419761075 0.594637482 0.553206041 -0.405178949
1403636762.013555527 4.620584425 -1.921290678 0.638316740 0.425633593 0.590751746 0.556829957 -0.399735935
1403636762.063555479 4.618472764 -1.922614702 0.641523000 0.431667574 0.586916577 0.560343127 -0.393963979
1403636762.113555431 4.617165389 -1.923803162 0.644862671 0.439089147 0.581731630 0.565370616 -0.386193084
1403636762.163555622 4.616342523 -1.926009159 0.648581214 0.443318435 0.578832250 0.569394526 -0.379752373
1403636762.213555574 4.616097906 -1.929810095 0.652321840 0.442254274 0.579860221 0.572496997 -0.374727194
1403636762.263555527 4.615799079 -1.935305956 0.655640370 0.437081942 0.583737664 0.574940501 -0.371016356
1403636762.313555479 4.614664419 -1.942046202 0.657602434 0.430730352 0.588473042 0.576676067 -0.368260175
1403636762.363555670 4.613605092 -1.949560764 0.657480340 0.424534535 0.592950081 0.577825381 -0.366467542
1403636762.413555384 4.610585805 -1.957948461 0.655529606 0.419847003 0.596418281 0.577213804 -0.367202877
1403636762.463555574 4.606336782 -1.967280265 0.652121554 0.414423887 0.600390481 0.574134541 -0.371690249
1403636762.513555527 4.600315275 -1.977381919 0.648333202 0.408878575 0.604563140 0.566091674 -0.383225700
1403636762.563555479 4.593581600 -1.987036886 0.642538309 0.404687786 0.607641746 0.557730010 -0.394888010
1403636762.613555431 4.586439672 -1.995725829 0.634756017 0.400824653 0.610237260 0.549390639 -0.406349615
1403636762.663555622 4.578952522 -2.002457055 0.624468268 0.400428945 0.610294253 0.543509879 -0.414481117
1403636762.713555574 4.571695191 -2.006592918 0.610492510 0.405511326 0.606672951 0.543493056 -0.414878047
